"","time","value","age_group","econ_sector","vaccine_group","compartment"
"1",0,3924489.607551,"0-4","sector_00","unvaccinated","susceptible"
"2",1,3924489.49076855,"0-4","sector_00","unvaccinated","susceptible"
"3",2,3924489.39187967,"0-4","sector_00","unvaccinated","susceptible"
"4",3,3924489.29886601,"0-4","sector_00","unvaccinated","susceptible"
"5",4,3924489.20477576,"0-4","sector_00","unvaccinated","susceptible"
"6",5,3924489.10529062,"0-4","sector_00","unvaccinated","susceptible"
"7",6,3924488.99743359,"0-4","sector_00","unvaccinated","susceptible"
"8",7,3924488.87887602,"0-4","sector_00","unvaccinated","susceptible"
"9",8,3924488.74755981,"0-4","sector_00","unvaccinated","susceptible"
"10",9,3924488.60148484,"0-4","sector_00","unvaccinated","susceptible"
"11",10,3924488.43858313,"0-4","sector_00","unvaccinated","susceptible"
"12",0,11762037.8237961,"5-19","sector_00","unvaccinated","susceptible"
"13",1,11762037.1735627,"5-19","sector_00","unvaccinated","susceptible"
"14",2,11762036.6320492,"5-19","sector_00","unvaccinated","susceptible"
"15",3,11762036.126086,"5-19","sector_00","unvaccinated","susceptible"
"16",4,11762035.6143383,"5-19","sector_00","unvaccinated","susceptible"
"17",5,11762035.0719165,"5-19","sector_00","unvaccinated","susceptible"
"18",6,11762034.482242,"5-19","sector_00","unvaccinated","susceptible"
"19",7,11762033.83272,"5-19","sector_00","unvaccinated","susceptible"
"20",8,11762033.112409,"5-19","sector_00","unvaccinated","susceptible"
"21",9,11762032.3107346,"5-19","sector_00","unvaccinated","susceptible"
"22",10,11762031.4167465,"5-19","sector_00","unvaccinated","susceptible"
"23",0,6905936.3094063,"20-64","sector_00","unvaccinated","susceptible"
"24",1,6905936.03998306,"20-64","sector_00","unvaccinated","susceptible"
"25",2,6905935.8116651,"20-64","sector_00","unvaccinated","susceptible"
"26",3,6905935.5946061,"20-64","sector_00","unvaccinated","susceptible"
"27",4,6905935.3718463,"20-64","sector_00","unvaccinated","susceptible"
"28",5,6905935.13304602,"20-64","sector_00","unvaccinated","susceptible"
"29",6,6905934.87117731,"20-64","sector_00","unvaccinated","susceptible"
"30",7,6905934.58076566,"20-64","sector_00","unvaccinated","susceptible"
"31",8,6905934.25694262,"20-64","sector_00","unvaccinated","susceptible"
"32",9,6905933.89492151,"20-64","sector_00","unvaccinated","susceptible"
"33",10,6905933.48969239,"20-64","sector_00","unvaccinated","susceptible"
"34",0,12663010.7336988,"65+","sector_00","unvaccinated","susceptible"
"35",1,12663010.4750903,"65+","sector_00","unvaccinated","susceptible"
"36",2,12663010.2644296,"65+","sector_00","unvaccinated","susceptible"
"37",3,12663010.0706634,"65+","sector_00","unvaccinated","susceptible"
"38",4,12663009.8761839,"65+","sector_00","unvaccinated","susceptible"
"39",5,12663009.6704005,"65+","sector_00","unvaccinated","susceptible"
"40",6,12663009.446316,"65+","sector_00","unvaccinated","susceptible"
"41",7,12663009.1986904,"65+","sector_00","unvaccinated","susceptible"
"42",8,12663008.9230441,"65+","sector_00","unvaccinated","susceptible"
"43",9,12663008.6151051,"65+","sector_00","unvaccinated","susceptible"
"44",10,12663008.2704894,"65+","sector_00","unvaccinated","susceptible"
"45",0,390745.9609254,"20-64","sector_01","unvaccinated","susceptible"
"46",1,390745.940222042,"20-64","sector_01","unvaccinated","susceptible"
"47",2,390745.922788936,"20-64","sector_01","unvaccinated","susceptible"
"48",3,390745.906374964,"20-64","sector_01","unvaccinated","susceptible"
"49",4,390745.889693908,"20-64","sector_01","unvaccinated","susceptible"
"50",5,390745.871959138,"20-64","sector_01","unvaccinated","susceptible"
"51",6,390745.852636821,"20-64","sector_01","unvaccinated","susceptible"
"52",7,390745.831314047,"20-64","sector_01","unvaccinated","susceptible"
"53",8,390745.807627344,"20-64","sector_01","unvaccinated","susceptible"
"54",9,390745.781222877,"20-64","sector_01","unvaccinated","susceptible"
"55",10,390745.751733179,"20-64","sector_01","unvaccinated","susceptible"
"56",0,16797.9983202,"20-64","sector_02","unvaccinated","susceptible"
"57",1,16797.997339516,"20-64","sector_02","unvaccinated","susceptible"
"58",2,16797.9965108102,"20-64","sector_02","unvaccinated","susceptible"
"59",3,16797.9957278257,"20-64","sector_02","unvaccinated","susceptible"
"60",4,16797.9949299617,"20-64","sector_02","unvaccinated","susceptible"
"61",5,16797.994080204,"20-64","sector_02","unvaccinated","susceptible"
"62",6,16797.9931534365,"20-64","sector_02","unvaccinated","susceptible"
"63",7,16797.9921302046,"20-64","sector_02","unvaccinated","susceptible"
"64",8,16797.99099334,"20-64","sector_02","unvaccinated","susceptible"
"65",9,16797.989726084,"20-64","sector_02","unvaccinated","susceptible"
"66",10,16797.988310992,"20-64","sector_02","unvaccinated","susceptible"
"67",0,16595.9983404,"20-64","sector_03","unvaccinated","susceptible"
"68",1,16595.9975118619,"20-64","sector_03","unvaccinated","susceptible"
"69",2,16595.9968142478,"20-64","sector_03","unvaccinated","susceptible"
"70",3,16595.9961585252,"20-64","sector_03","unvaccinated","susceptible"
"71",4,16595.995493653,"20-64","sector_03","unvaccinated","susceptible"
"72",5,16595.9947883028,"20-64","sector_03","unvaccinated","susceptible"
"73",6,16595.9940211527,"20-64","sector_03","unvaccinated","susceptible"
"74",7,16595.9931756919,"20-64","sector_03","unvaccinated","susceptible"
"75",8,16595.9922373971,"20-64","sector_03","unvaccinated","susceptible"
"76",9,16595.9911921565,"20-64","sector_03","unvaccinated","susceptible"
"77",10,16595.9900253443,"20-64","sector_03","unvaccinated","susceptible"
"78",0,22630.9977369,"20-64","sector_04","unvaccinated","susceptible"
"79",1,22630.9962688393,"20-64","sector_04","unvaccinated","susceptible"
"80",2,22630.9950508985,"20-64","sector_04","unvaccinated","susceptible"
"81",3,22630.9939169703,"20-64","sector_04","unvaccinated","susceptible"
"82",4,22630.9927729006,"20-64","sector_04","unvaccinated","susceptible"
"83",5,22630.9915619045,"20-64","sector_04","unvaccinated","susceptible"
"84",6,22630.9902461896,"20-64","sector_04","unvaccinated","susceptible"
"85",7,22630.9887971285,"20-64","sector_04","unvaccinated","susceptible"
"86",8,22630.9871899419,"20-64","sector_04","unvaccinated","susceptible"
"87",9,22630.9854007541,"20-64","sector_04","unvaccinated","susceptible"
"88",10,22630.9834048898,"20-64","sector_04","unvaccinated","susceptible"
"89",0,24642.9975357,"20-64","sector_05","unvaccinated","susceptible"
"90",1,24642.9961276476,"20-64","sector_05","unvaccinated","susceptible"
"91",2,24642.9949413803,"20-64","sector_05","unvaccinated","susceptible"
"92",3,24642.993823468,"20-64","sector_05","unvaccinated","susceptible"
"93",4,24642.9926863461,"20-64","sector_05","unvaccinated","susceptible"
"94",5,24642.9914765363,"20-64","sector_05","unvaccinated","susceptible"
"95",6,24642.9901577943,"20-64","sector_05","unvaccinated","susceptible"
"96",7,24642.9887021056,"20-64","sector_05","unvaccinated","susceptible"
"97",8,24642.9870848081,"20-64","sector_05","unvaccinated","susceptible"
"98",9,24642.9852818779,"20-64","sector_05","unvaccinated","susceptible"
"99",10,24642.9832683453,"20-64","sector_05","unvaccinated","susceptible"
"100",0,433189.956681,"20-64","sector_06","unvaccinated","susceptible"
"101",1,433189.928928598,"20-64","sector_06","unvaccinated","susceptible"
"102",2,433189.905429995,"20-64","sector_06","unvaccinated","susceptible"
"103",3,433189.883164399,"20-64","sector_06","unvaccinated","susceptible"
"104",4,433189.86041217,"20-64","sector_06","unvaccinated","susceptible"
"105",5,433189.836124598,"20-64","sector_06","unvaccinated","susceptible"
"106",6,433189.809590465,"20-64","sector_06","unvaccinated","susceptible"
"107",7,433189.780258358,"20-64","sector_06","unvaccinated","susceptible"
"108",8,433189.747640644,"20-64","sector_06","unvaccinated","susceptible"
"109",9,433189.711260175,"20-64","sector_06","unvaccinated","susceptible"
"110",10,433189.670619214,"20-64","sector_06","unvaccinated","susceptible"
"111",0,105607.9894392,"20-64","sector_07","unvaccinated","susceptible"
"112",1,105607.982638567,"20-64","sector_07","unvaccinated","susceptible"
"113",2,105607.976907171,"20-64","sector_07","unvaccinated","susceptible"
"114",3,105607.971517617,"20-64","sector_07","unvaccinated","susceptible"
"115",4,105607.966053454,"20-64","sector_07","unvaccinated","susceptible"
"116",5,105607.960259863,"20-64","sector_07","unvaccinated","susceptible"
"117",6,105607.953964209,"20-64","sector_07","unvaccinated","susceptible"
"118",7,105607.947033429,"20-64","sector_07","unvaccinated","susceptible"
"119",8,105607.939350843,"20-64","sector_07","unvaccinated","susceptible"
"120",9,105607.930803198,"20-64","sector_07","unvaccinated","susceptible"
"121",10,105607.921273084,"20-64","sector_07","unvaccinated","susceptible"
"122",0,78149.992185,"20-64","sector_08","unvaccinated","susceptible"
"123",1,78149.9876726704,"20-64","sector_08","unvaccinated","susceptible"
"124",2,78149.9839243452,"20-64","sector_08","unvaccinated","susceptible"
"125",3,78149.9804354541,"20-64","sector_08","unvaccinated","susceptible"
"126",4,78149.9769187895,"20-64","sector_08","unvaccinated","susceptible"
"127",5,78149.9732002096,"20-64","sector_08","unvaccinated","susceptible"
"128",6,78149.9691631665,"20-64","sector_08","unvaccinated","susceptible"
"129",7,78149.9647189986,"20-64","sector_08","unvaccinated","susceptible"
"130",8,78149.9597908168,"20-64","sector_08","unvaccinated","susceptible"
"131",9,78149.9543045498,"20-64","sector_08","unvaccinated","susceptible"
"132",10,78149.948183742,"20-64","sector_08","unvaccinated","susceptible"
"133",0,161427.9838572,"20-64","sector_09","unvaccinated","susceptible"
"134",1,161427.973928173,"20-64","sector_09","unvaccinated","susceptible"
"135",2,161427.965552071,"20-64","sector_09","unvaccinated","susceptible"
"136",3,161427.95764171,"20-64","sector_09","unvaccinated","susceptible"
"137",4,161427.949577634,"20-64","sector_09","unvaccinated","susceptible"
"138",5,161427.940982076,"20-64","sector_09","unvaccinated","susceptible"
"139",6,161427.931599175,"20-64","sector_09","unvaccinated","susceptible"
"140",7,161427.921231059,"20-64","sector_09","unvaccinated","susceptible"
"141",8,161427.909703254,"20-64","sector_09","unvaccinated","susceptible"
"142",9,161427.896845473,"20-64","sector_09","unvaccinated","susceptible"
"143",10,161427.882480411,"20-64","sector_09","unvaccinated","susceptible"
"144",0,9857.9990142,"20-64","sector_10","unvaccinated","susceptible"
"145",1,9857.99841138176,"20-64","sector_10","unvaccinated","susceptible"
"146",2,9857.99790153771,"20-64","sector_10","unvaccinated","susceptible"
"147",3,9857.99741923429,"20-64","sector_10","unvaccinated","susceptible"
"148",4,9857.9969271854,"20-64","sector_10","unvaccinated","susceptible"
"149",5,9857.99640263512,"20-64","sector_10","unvaccinated","susceptible"
"150",6,9857.99583014867,"20-64","sector_10","unvaccinated","susceptible"
"151",7,9857.99519776775,"20-64","sector_10","unvaccinated","susceptible"
"152",8,9857.99449493113,"20-64","sector_10","unvaccinated","susceptible"
"153",9,9857.99371131939,"20-64","sector_10","unvaccinated","susceptible"
"154",10,9857.99283618079,"20-64","sector_10","unvaccinated","susceptible"
"155",0,102388.9897611,"20-64","sector_11","unvaccinated","susceptible"
"156",1,102388.98339874,"20-64","sector_11","unvaccinated","susceptible"
"157",2,102388.978039894,"20-64","sector_11","unvaccinated","susceptible"
"158",3,102388.973004775,"20-64","sector_11","unvaccinated","susceptible"
"159",4,102388.967903939,"20-64","sector_11","unvaccinated","susceptible"
"160",5,102388.962498922,"20-64","sector_11","unvaccinated","susceptible"
"161",6,102388.956628072,"20-64","sector_11","unvaccinated","susceptible"
"162",7,102388.950166763,"20-64","sector_11","unvaccinated","susceptible"
"163",8,102388.943005747,"20-64","sector_11","unvaccinated","susceptible"
"164",9,102388.935039045,"20-64","sector_11","unvaccinated","susceptible"
"165",10,102388.926156851,"20-64","sector_11","unvaccinated","susceptible"
"166",0,47674.9952325,"20-64","sector_12","unvaccinated","susceptible"
"167",1,47674.9920586965,"20-64","sector_12","unvaccinated","susceptible"
"168",2,47674.9894256257,"20-64","sector_12","unvaccinated","susceptible"
"169",3,47674.9869730148,"20-64","sector_12","unvaccinated","susceptible"
"170",4,47674.9844968729,"20-64","sector_12","unvaccinated","susceptible"
"171",5,47674.9818743187,"20-64","sector_12","unvaccinated","susceptible"
"172",6,47674.9790236533,"20-64","sector_12","unvaccinated","susceptible"
"173",7,47674.9758830225,"20-64","sector_12","unvaccinated","susceptible"
"174",8,47674.9723988814,"20-64","sector_12","unvaccinated","susceptible"
"175",9,47674.9685196112,"20-64","sector_12","unvaccinated","susceptible"
"176",10,47674.9641918334,"20-64","sector_12","unvaccinated","susceptible"
"177",0,168468.9831531,"20-64","sector_13","unvaccinated","susceptible"
"178",1,168468.97294295,"20-64","sector_13","unvaccinated","susceptible"
"179",2,168468.96433251,"20-64","sector_13","unvaccinated","susceptible"
"180",3,168468.95620515,"20-64","sector_13","unvaccinated","susceptible"
"181",4,168468.947924407,"20-64","sector_13","unvaccinated","susceptible"
"182",5,168468.939102036,"20-64","sector_13","unvaccinated","susceptible"
"183",6,168468.929475066,"20-64","sector_13","unvaccinated","susceptible"
"184",7,168468.918840174,"20-64","sector_13","unvaccinated","susceptible"
"185",8,168468.907018164,"20-64","sector_13","unvaccinated","susceptible"
"186",9,168468.893834226,"20-64","sector_13","unvaccinated","susceptible"
"187",10,168468.879106427,"20-64","sector_13","unvaccinated","susceptible"
"188",0,94845.9905154,"20-64","sector_14","unvaccinated","susceptible"
"189",1,94845.9846725647,"20-64","sector_14","unvaccinated","susceptible"
"190",2,94845.9797300829,"20-64","sector_14","unvaccinated","susceptible"
"191",3,94845.975053499,"20-64","sector_14","unvaccinated","susceptible"
"192",4,94845.9702813348,"20-64","sector_14","unvaccinated","susceptible"
"193",5,94845.9651930055,"20-64","sector_14","unvaccinated","susceptible"
"194",6,94845.9596389003,"20-64","sector_14","unvaccinated","susceptible"
"195",7,94845.9535030976,"20-64","sector_14","unvaccinated","susceptible"
"196",8,94845.9466832008,"20-64","sector_14","unvaccinated","susceptible"
"197",9,94845.9390791385,"20-64","sector_14","unvaccinated","susceptible"
"198",10,94845.9305866287,"20-64","sector_14","unvaccinated","susceptible"
"199",0,67387.9932612,"20-64","sector_15","unvaccinated","susceptible"
"200",1,67387.9890557972,"20-64","sector_15","unvaccinated","susceptible"
"201",2,67387.9855134741,"20-64","sector_15","unvaccinated","susceptible"
"202",3,67387.9821848598,"20-64","sector_15","unvaccinated","susceptible"
"203",4,67387.9788125323,"20-64","sector_15","unvaccinated","susceptible"
"204",5,67387.9752388797,"20-64","sector_15","unvaccinated","susceptible"
"205",6,67387.9713570675,"20-64","sector_15","unvaccinated","susceptible"
"206",7,67387.9670847356,"20-64","sector_15","unvaccinated","susceptible"
"207",8,67387.9623496831,"20-64","sector_15","unvaccinated","susceptible"
"208",9,67387.9570818666,"20-64","sector_15","unvaccinated","susceptible"
"209",10,67387.95120871,"20-64","sector_15","unvaccinated","susceptible"
"210",0,317021.9682978,"20-64","sector_16","unvaccinated","susceptible"
"211",1,317021.948712075,"20-64","sector_16","unvaccinated","susceptible"
"212",2,317021.932458709,"20-64","sector_16","unvaccinated","susceptible"
"213",3,317021.917333753,"20-64","sector_16","unvaccinated","susceptible"
"214",4,317021.902085551,"20-64","sector_16","unvaccinated","susceptible"
"215",5,317021.885957505,"20-64","sector_16","unvaccinated","susceptible"
"216",6,317021.86844496,"20-64","sector_16","unvaccinated","susceptible"
"217",7,317021.849165095,"20-64","sector_16","unvaccinated","susceptible"
"218",8,317021.827786427,"20-64","sector_16","unvaccinated","susceptible"
"219",9,317021.803989708,"20-64","sector_16","unvaccinated","susceptible"
"220",10,317021.777445267,"20-64","sector_16","unvaccinated","susceptible"
"221",0,117978.9882021,"20-64","sector_17","unvaccinated","susceptible"
"222",1,117978.980736009,"20-64","sector_17","unvaccinated","susceptible"
"223",2,117978.974433094,"20-64","sector_17","unvaccinated","susceptible"
"224",3,117978.968473712,"20-64","sector_17","unvaccinated","susceptible"
"225",4,117978.962391175,"20-64","sector_17","unvaccinated","susceptible"
"226",5,117978.955901016,"20-64","sector_17","unvaccinated","susceptible"
"227",6,117978.94881056,"20-64","sector_17","unvaccinated","susceptible"
"228",7,117978.940970695,"20-64","sector_17","unvaccinated","susceptible"
"229",8,117978.932249796,"20-64","sector_17","unvaccinated","susceptible"
"230",9,117978.922519251,"20-64","sector_17","unvaccinated","susceptible"
"231",10,117978.911645024,"20-64","sector_17","unvaccinated","susceptible"
"232",0,81971.9918028,"20-64","sector_18","unvaccinated","susceptible"
"233",1,81971.9863483564,"20-64","sector_18","unvaccinated","susceptible"
"234",2,81971.9817248423,"20-64","sector_18","unvaccinated","susceptible"
"235",3,81971.977336779,"20-64","sector_18","unvaccinated","susceptible"
"236",4,81971.9728454714,"20-64","sector_18","unvaccinated","susceptible"
"237",5,81971.9680444771,"20-64","sector_18","unvaccinated","susceptible"
"238",6,81971.9627937654,"20-64","sector_18","unvaccinated","susceptible"
"239",7,81971.9569846586,"20-64","sector_18","unvaccinated","susceptible"
"240",8,81971.9505209039,"20-64","sector_18","unvaccinated","susceptible"
"241",9,81971.9433081769,"20-64","sector_18","unvaccinated","susceptible"
"242",10,81971.935247966,"20-64","sector_18","unvaccinated","susceptible"
"243",0,190897.9809102,"20-64","sector_19","unvaccinated","susceptible"
"244",1,190897.968459283,"20-64","sector_19","unvaccinated","susceptible"
"245",2,190897.957963356,"20-64","sector_19","unvaccinated","susceptible"
"246",3,190897.94808997,"20-64","sector_19","unvaccinated","susceptible"
"247",4,190897.938076458,"20-64","sector_19","unvaccinated","susceptible"
"248",5,190897.927456281,"20-64","sector_19","unvaccinated","susceptible"
"249",6,190897.915913425,"20-64","sector_19","unvaccinated","susceptible"
"250",7,190897.903204314,"20-64","sector_19","unvaccinated","susceptible"
"251",8,190897.889115328,"20-64","sector_19","unvaccinated","susceptible"
"252",9,190897.873439068,"20-64","sector_19","unvaccinated","susceptible"
"253",10,190897.855960458,"20-64","sector_19","unvaccinated","susceptible"
"254",0,163540.9836459,"20-64","sector_20","unvaccinated","susceptible"
"255",1,163540.972772587,"20-64","sector_20","unvaccinated","susceptible"
"256",2,163540.963751822,"20-64","sector_20","unvaccinated","susceptible"
"257",3,163540.955349532,"20-64","sector_20","unvaccinated","susceptible"
"258",4,163540.946866928,"20-64","sector_20","unvaccinated","susceptible"
"259",5,163540.937883047,"20-64","sector_20","unvaccinated","susceptible"
"260",6,163540.928117993,"20-64","sector_20","unvaccinated","susceptible"
"261",7,163540.917359854,"20-64","sector_20","unvaccinated","susceptible"
"262",8,163540.905425186,"20-64","sector_20","unvaccinated","susceptible"
"263",9,163540.892137149,"20-64","sector_20","unvaccinated","susceptible"
"264",10,163540.877312881,"20-64","sector_20","unvaccinated","susceptible"
"265",0,136685.9863314,"20-64","sector_21","unvaccinated","susceptible"
"266",1,136685.978318017,"20-64","sector_21","unvaccinated","susceptible"
"267",2,136685.971564344,"20-64","sector_21","unvaccinated","susceptible"
"268",3,136685.965195989,"20-64","sector_21","unvaccinated","susceptible"
"269",4,136685.958714186,"20-64","sector_21","unvaccinated","susceptible"
"270",5,136685.951814486,"20-64","sector_21","unvaccinated","susceptible"
"271",6,136685.944290619,"20-64","sector_21","unvaccinated","susceptible"
"272",7,136685.935983148,"20-64","sector_21","unvaccinated","susceptible"
"273",8,136685.926751663,"20-64","sector_21","unvaccinated","susceptible"
"274",9,136685.91645932,"20-64","sector_21","unvaccinated","susceptible"
"275",10,136685.904963809,"20-64","sector_21","unvaccinated","susceptible"
"276",0,311490.9688509,"20-64","sector_22","unvaccinated","susceptible"
"277",1,311490.94851616,"20-64","sector_22","unvaccinated","susceptible"
"278",2,311490.931289173,"20-64","sector_22","unvaccinated","susceptible"
"279",3,311490.914953445,"20-64","sector_22","unvaccinated","susceptible"
"280",4,311490.898247731,"20-64","sector_22","unvaccinated","susceptible"
"281",5,311490.880403083,"20-64","sector_22","unvaccinated","susceptible"
"282",6,311490.860897985,"20-64","sector_22","unvaccinated","susceptible"
"283",7,311490.83932792,"20-64","sector_22","unvaccinated","susceptible"
"284",8,311490.81533491,"20-64","sector_22","unvaccinated","susceptible"
"285",9,311490.788568428,"20-64","sector_22","unvaccinated","susceptible"
"286",10,311490.758662615,"20-64","sector_22","unvaccinated","susceptible"
"287",0,147246.9852753,"20-64","sector_23","unvaccinated","susceptible"
"288",1,147246.97565368,"20-64","sector_23","unvaccinated","susceptible"
"289",2,147246.9675425,"20-64","sector_23","unvaccinated","susceptible"
"290",3,147246.959912008,"20-64","sector_23","unvaccinated","susceptible"
"291",4,147246.952172815,"20-64","sector_23","unvaccinated","susceptible"
"292",5,147246.943964393,"20-64","sector_23","unvaccinated","susceptible"
"293",6,147246.935042543,"20-64","sector_23","unvaccinated","susceptible"
"294",7,147246.925219043,"20-64","sector_23","unvaccinated","susceptible"
"295",8,147246.91432881,"20-64","sector_23","unvaccinated","susceptible"
"296",9,147246.902211567,"20-64","sector_23","unvaccinated","susceptible"
"297",10,147246.888701096,"20-64","sector_23","unvaccinated","susceptible"
"298",0,191701.9808298,"20-64","sector_24","unvaccinated","susceptible"
"299",1,191701.968178827,"20-64","sector_24","unvaccinated","susceptible"
"300",2,191701.957683372,"20-64","sector_24","unvaccinated","susceptible"
"301",3,191701.947908968,"20-64","sector_24","unvaccinated","susceptible"
"302",4,191701.938043104,"20-64","sector_24","unvaccinated","susceptible"
"303",5,191701.927596138,"20-64","sector_24","unvaccinated","susceptible"
"304",6,191701.916242419,"20-64","sector_24","unvaccinated","susceptible"
"305",7,191701.903735359,"20-64","sector_24","unvaccinated","susceptible"
"306",8,191701.88986151,"20-64","sector_24","unvaccinated","susceptible"
"307",9,191701.874415138,"20-64","sector_24","unvaccinated","susceptible"
"308",10,191701.857183544,"20-64","sector_24","unvaccinated","susceptible"
"309",0,2326568.7673431,"20-64","sector_25","unvaccinated","susceptible"
"310",1,2326568.64137985,"20-64","sector_25","unvaccinated","susceptible"
"311",2,2326568.53530637,"20-64","sector_25","unvaccinated","susceptible"
"312",3,2326568.43542187,"20-64","sector_25","unvaccinated","susceptible"
"313",4,2326568.33390021,"20-64","sector_25","unvaccinated","susceptible"
"314",5,2326568.22595675,"20-64","sector_25","unvaccinated","susceptible"
"315",6,2326568.10834582,"20-64","sector_25","unvaccinated","susceptible"
"316",7,2326567.97855771,"20-64","sector_25","unvaccinated","susceptible"
"317",8,2326567.83438344,"20-64","sector_25","unvaccinated","susceptible"
"318",9,2326567.6736725,"20-64","sector_25","unvaccinated","susceptible"
"319",10,2326567.49419122,"20-64","sector_25","unvaccinated","susceptible"
"320",0,4819793.5180206,"20-64","sector_26","unvaccinated","susceptible"
"321",1,4819793.13429246,"20-64","sector_26","unvaccinated","susceptible"
"322",2,4819792.80656047,"20-64","sector_26","unvaccinated","susceptible"
"323",3,4819792.49194786,"20-64","sector_26","unvaccinated","susceptible"
"324",4,4819792.16615639,"20-64","sector_26","unvaccinated","susceptible"
"325",5,4819791.81436785,"20-64","sector_26","unvaccinated","susceptible"
"326",6,4819791.4264607,"20-64","sector_26","unvaccinated","susceptible"
"327",7,4819790.99447903,"20-64","sector_26","unvaccinated","susceptible"
"328",8,4819790.5112749,"20-64","sector_26","unvaccinated","susceptible"
"329",9,4819789.96975977,"20-64","sector_26","unvaccinated","susceptible"
"330",10,4819789.36246945,"20-64","sector_26","unvaccinated","susceptible"
"331",0,787223.9212776,"20-64","sector_27","unvaccinated","susceptible"
"332",1,787223.866714588,"20-64","sector_27","unvaccinated","susceptible"
"333",2,787223.820651879,"20-64","sector_27","unvaccinated","susceptible"
"334",3,787223.777229677,"20-64","sector_27","unvaccinated","susceptible"
"335",4,787223.733098389,"20-64","sector_27","unvaccinated","susceptible"
"336",5,787223.686211449,"20-64","sector_27","unvaccinated","susceptible"
"337",6,787223.635183355,"20-64","sector_27","unvaccinated","susceptible"
"338",7,787223.578945652,"20-64","sector_27","unvaccinated","susceptible"
"339",8,787223.516559963,"20-64","sector_27","unvaccinated","susceptible"
"340",9,787223.447113657,"20-64","sector_27","unvaccinated","susceptible"
"341",10,787223.36965881,"20-64","sector_27","unvaccinated","susceptible"
"342",0,14886.9985113,"20-64","sector_28","unvaccinated","susceptible"
"343",1,14886.9976375444,"20-64","sector_28","unvaccinated","susceptible"
"344",2,14886.9969119508,"20-64","sector_28","unvaccinated","susceptible"
"345",3,14886.9962366794,"20-64","sector_28","unvaccinated","susceptible"
"346",4,14886.9955560667,"20-64","sector_28","unvaccinated","susceptible"
"347",5,14886.9948363867,"20-64","sector_28","unvaccinated","susceptible"
"348",6,14886.9940550866,"20-64","sector_28","unvaccinated","susceptible"
"349",7,14886.9931950225,"20-64","sector_28","unvaccinated","susceptible"
"350",8,14886.9922413343,"20-64","sector_28","unvaccinated","susceptible"
"351",9,14886.9911797082,"20-64","sector_28","unvaccinated","susceptible"
"352",10,14886.9899953698,"20-64","sector_28","unvaccinated","susceptible"
"353",0,78451.9921548,"20-64","sector_29","unvaccinated","susceptible"
"354",1,78451.9870425916,"20-64","sector_29","unvaccinated","susceptible"
"355",2,78451.9827231036,"20-64","sector_29","unvaccinated","susceptible"
"356",3,78451.9786333457,"20-64","sector_29","unvaccinated","susceptible"
"357",4,78451.9744530024,"20-64","sector_29","unvaccinated","susceptible"
"358",5,78451.9699869035,"20-64","sector_29","unvaccinated","susceptible"
"359",6,78451.9651028191,"20-64","sector_29","unvaccinated","susceptible"
"360",7,78451.9596983077,"20-64","sector_29","unvaccinated","susceptible"
"361",8,78451.9536828074,"20-64","sector_29","unvaccinated","susceptible"
"362",9,78451.9469677033,"20-64","sector_29","unvaccinated","susceptible"
"363",10,78451.9394605441,"20-64","sector_29","unvaccinated","susceptible"
"364",0,408346.9591653,"20-64","sector_30","unvaccinated","susceptible"
"365",1,408346.929656127,"20-64","sector_30","unvaccinated","susceptible"
"366",2,408346.904567434,"20-64","sector_30","unvaccinated","susceptible"
"367",3,408346.880649191,"20-64","sector_30","unvaccinated","susceptible"
"368",4,408346.856056318,"20-64","sector_30","unvaccinated","susceptible"
"369",5,408346.829664834,"20-64","sector_30","unvaccinated","susceptible"
"370",6,408346.800711051,"20-64","sector_30","unvaccinated","susceptible"
"371",7,408346.768599909,"20-64","sector_30","unvaccinated","susceptible"
"372",8,408346.732801764,"20-64","sector_30","unvaccinated","susceptible"
"373",9,408346.692795289,"20-64","sector_30","unvaccinated","susceptible"
"374",10,408346.648034251,"20-64","sector_30","unvaccinated","susceptible"
"375",0,272164.9727835,"20-64","sector_31","unvaccinated","susceptible"
"376",1,272164.951876023,"20-64","sector_31","unvaccinated","susceptible"
"377",2,272164.934164302,"20-64","sector_31","unvaccinated","susceptible"
"378",3,272164.917380495,"20-64","sector_31","unvaccinated","susceptible"
"379",4,272164.900231408,"20-64","sector_31","unvaccinated","susceptible"
"380",5,272164.881927927,"20-64","sector_31","unvaccinated","susceptible"
"381",6,272164.861935297,"20-64","sector_31","unvaccinated","susceptible"
"382",7,272164.839839623,"20-64","sector_31","unvaccinated","susceptible"
"383",8,272164.815275514,"20-64","sector_31","unvaccinated","susceptible"
"384",9,272164.787885826,"20-64","sector_31","unvaccinated","susceptible"
"385",10,272164.757298149,"20-64","sector_31","unvaccinated","susceptible"
"386",0,2197224.7802775,"20-64","sector_32","unvaccinated","susceptible"
"387",1,2197224.59899112,"20-64","sector_32","unvaccinated","susceptible"
"388",2,2197224.44799003,"20-64","sector_32","unvaccinated","susceptible"
"389",3,2197224.30593911,"20-64","sector_32","unvaccinated","susceptible"
"390",4,2197224.16086908,"20-64","sector_32","unvaccinated","susceptible"
"391",5,2197224.0056177,"20-64","sector_32","unvaccinated","susceptible"
"392",6,2197223.83542658,"20-64","sector_32","unvaccinated","susceptible"
"393",7,2197223.64666839,"20-64","sector_32","unvaccinated","susceptible"
"394",8,2197223.43616566,"20-64","sector_32","unvaccinated","susceptible"
"395",9,2197223.20081783,"20-64","sector_32","unvaccinated","susceptible"
"396",10,2197222.93738788,"20-64","sector_32","unvaccinated","susceptible"
"397",0,354738.9645261,"20-64","sector_33","unvaccinated","susceptible"
"398",1,354738.940979742,"20-64","sector_33","unvaccinated","susceptible"
"399",2,354738.921072454,"20-64","sector_33","unvaccinated","susceptible"
"400",3,354738.90220543,"20-64","sector_33","unvaccinated","susceptible"
"401",4,354738.882900761,"20-64","sector_33","unvaccinated","susceptible"
"402",5,354738.862258109,"20-64","sector_33","unvaccinated","susceptible"
"403",6,354738.839667286,"20-64","sector_33","unvaccinated","susceptible"
"404",7,354738.814655155,"20-64","sector_33","unvaccinated","susceptible"
"405",8,354738.786802976,"20-64","sector_33","unvaccinated","susceptible"
"406",9,354738.755700589,"20-64","sector_33","unvaccinated","susceptible"
"407",10,354738.720919754,"20-64","sector_33","unvaccinated","susceptible"
"408",0,215036.9784963,"20-64","sector_34","unvaccinated","susceptible"
"409",1,215036.964461561,"20-64","sector_34","unvaccinated","susceptible"
"410",2,215036.952571828,"20-64","sector_34","unvaccinated","susceptible"
"411",3,215036.941297338,"20-64","sector_34","unvaccinated","susceptible"
"412",4,215036.929767611,"20-64","sector_34","unvaccinated","susceptible"
"413",5,215036.917451935,"20-64","sector_34","unvaccinated","susceptible"
"414",6,215036.90399037,"20-64","sector_34","unvaccinated","susceptible"
"415",7,215036.88910373,"20-64","sector_34","unvaccinated","susceptible"
"416",8,215036.872544951,"20-64","sector_34","unvaccinated","susceptible"
"417",9,215036.854072112,"20-64","sector_34","unvaccinated","susceptible"
"418",10,215036.833432713,"20-64","sector_34","unvaccinated","susceptible"
"419",0,823934.9176065,"20-64","sector_35","unvaccinated","susceptible"
"420",1,823934.866211422,"20-64","sector_35","unvaccinated","susceptible"
"421",2,823934.822920269,"20-64","sector_35","unvaccinated","susceptible"
"422",3,823934.782241248,"20-64","sector_35","unvaccinated","susceptible"
"423",4,823934.741028363,"20-64","sector_35","unvaccinated","susceptible"
"424",5,823934.697355396,"20-64","sector_35","unvaccinated","susceptible"
"425",6,823934.649916681,"20-64","sector_35","unvaccinated","susceptible"
"426",7,823934.597705663,"20-64","sector_35","unvaccinated","susceptible"
"427",8,823934.539839946,"20-64","sector_35","unvaccinated","susceptible"
"428",9,823934.475463506,"20-64","sector_35","unvaccinated","susceptible"
"429",10,823934.403689374,"20-64","sector_35","unvaccinated","susceptible"
"430",0,1061197.8938802,"20-64","sector_36","unvaccinated","susceptible"
"431",1,1061197.82002742,"20-64","sector_36","unvaccinated","susceptible"
"432",2,1061197.7587424,"20-64","sector_36","unvaccinated","susceptible"
"433",3,1061197.70159053,"20-64","sector_36","unvaccinated","susceptible"
"434",4,1061197.64380528,"20-64","sector_36","unvaccinated","susceptible"
"435",5,1061197.58252095,"20-64","sector_36","unvaccinated","susceptible"
"436",6,1061197.51583499,"20-64","sector_36","unvaccinated","susceptible"
"437",7,1061197.4423075,"20-64","sector_36","unvaccinated","susceptible"
"438",8,1061197.36069113,"20-64","sector_36","unvaccinated","susceptible"
"439",9,1061197.26978185,"20-64","sector_36","unvaccinated","susceptible"
"440",10,1061197.16833298,"20-64","sector_36","unvaccinated","susceptible"
"441",0,539399.94606,"20-64","sector_37","unvaccinated","susceptible"
"442",1,539399.907128343,"20-64","sector_37","unvaccinated","susceptible"
"443",2,539399.87410152,"20-64","sector_37","unvaccinated","susceptible"
"444",3,539399.842629378,"20-64","sector_37","unvaccinated","susceptible"
"445",4,539399.810242831,"20-64","sector_37","unvaccinated","susceptible"
"446",5,539399.77543753,"20-64","sector_37","unvaccinated","susceptible"
"447",6,539399.737190499,"20-64","sector_37","unvaccinated","susceptible"
"448",7,539399.694703488,"20-64","sector_37","unvaccinated","susceptible"
"449",8,539399.647264885,"20-64","sector_37","unvaccinated","susceptible"
"450",9,539399.594173398,"20-64","sector_37","unvaccinated","susceptible"
"451",10,539399.534693701,"20-64","sector_37","unvaccinated","susceptible"
"452",0,2657871.7342128,"20-64","sector_38","unvaccinated","susceptible"
"453",1,2657871.55129419,"20-64","sector_38","unvaccinated","susceptible"
"454",2,2657871.39606689,"20-64","sector_38","unvaccinated","susceptible"
"455",3,2657871.24849699,"20-64","sector_38","unvaccinated","susceptible"
"456",4,2657871.09719854,"20-64","sector_38","unvaccinated","susceptible"
"457",5,2657870.93523393,"20-64","sector_38","unvaccinated","susceptible"
"458",6,2657870.75789529,"20-64","sector_38","unvaccinated","susceptible"
"459",7,2657870.56152407,"20-64","sector_38","unvaccinated","susceptible"
"460",8,2657870.34287439,"20-64","sector_38","unvaccinated","susceptible"
"461",9,2657870.09876029,"20-64","sector_38","unvaccinated","susceptible"
"462",10,2657869.82585037,"20-64","sector_38","unvaccinated","susceptible"
"463",0,2760963.7239036,"20-64","sector_39","unvaccinated","susceptible"
"464",1,2760963.52245373,"20-64","sector_39","unvaccinated","susceptible"
"465",2,2760963.35211954,"20-64","sector_39","unvaccinated","susceptible"
"466",3,2760963.19117224,"20-64","sector_39","unvaccinated","susceptible"
"467",4,2760963.02720623,"20-64","sector_39","unvaccinated","susceptible"
"468",5,2760962.85264801,"20-64","sector_39","unvaccinated","susceptible"
"469",6,2760962.66236975,"20-64","sector_39","unvaccinated","susceptible"
"470",7,2760962.45241188,"20-64","sector_39","unvaccinated","susceptible"
"471",8,2760962.21928962,"20-64","sector_39","unvaccinated","susceptible"
"472",9,2760961.95960649,"20-64","sector_39","unvaccinated","susceptible"
"473",10,2760961.66982846,"20-64","sector_39","unvaccinated","susceptible"
"474",0,1383046.8616953,"20-64","sector_40","unvaccinated","susceptible"
"475",1,1383046.76373721,"20-64","sector_40","unvaccinated","susceptible"
"476",2,1383046.68243433,"20-64","sector_40","unvaccinated","susceptible"
"477",3,1383046.60656989,"20-64","sector_40","unvaccinated","susceptible"
"478",4,1383046.52981002,"20-64","sector_40","unvaccinated","susceptible"
"479",5,1383046.4483495,"20-64","sector_40","unvaccinated","susceptible"
"480",6,1383046.35966311,"20-64","sector_40","unvaccinated","susceptible"
"481",7,1383046.26183961,"20-64","sector_40","unvaccinated","susceptible"
"482",8,1383046.15322248,"20-64","sector_40","unvaccinated","susceptible"
"483",9,1383046.0322117,"20-64","sector_40","unvaccinated","susceptible"
"484",10,1383045.89714958,"20-64","sector_40","unvaccinated","susceptible"
"485",0,2684122.7315877,"20-64","sector_41","unvaccinated","susceptible"
"486",1,2684122.5005931,"20-64","sector_41","unvaccinated","susceptible"
"487",2,2684122.30255613,"20-64","sector_41","unvaccinated","susceptible"
"488",3,2684122.11064686,"20-64","sector_41","unvaccinated","susceptible"
"489",4,2684121.90965193,"20-64","sector_41","unvaccinated","susceptible"
"490",5,2684121.69021685,"20-64","sector_41","unvaccinated","susceptible"
"491",6,2684121.4458383,"20-64","sector_41","unvaccinated","susceptible"
"492",7,2684121.17128315,"20-64","sector_41","unvaccinated","susceptible"
"493",8,2684120.86174558,"20-64","sector_41","unvaccinated","susceptible"
"494",9,2684120.51238376,"20-64","sector_41","unvaccinated","susceptible"
"495",10,2684120.11805005,"20-64","sector_41","unvaccinated","susceptible"
"496",0,4000887.5999112,"20-64","sector_42","unvaccinated","susceptible"
"497",1,4000887.28996966,"20-64","sector_42","unvaccinated","susceptible"
"498",2,4000887.02562643,"20-64","sector_42","unvaccinated","susceptible"
"499",3,4000886.77240612,"20-64","sector_42","unvaccinated","susceptible"
"500",4,4000886.51076329,"20-64","sector_42","unvaccinated","susceptible"
"501",5,4000886.22878495,"20-64","sector_42","unvaccinated","susceptible"
"502",6,4000885.91834969,"20-64","sector_42","unvaccinated","susceptible"
"503",7,4000885.57309288,"20-64","sector_42","unvaccinated","susceptible"
"504",8,4000885.18731388,"20-64","sector_42","unvaccinated","susceptible"
"505",9,4000884.75537287,"20-64","sector_42","unvaccinated","susceptible"
"506",10,4000884.27134031,"20-64","sector_42","unvaccinated","susceptible"
"507",0,910330.9089669,"20-64","sector_43","unvaccinated","susceptible"
"508",1,910330.835690661,"20-64","sector_43","unvaccinated","susceptible"
"509",2,910330.773490458,"20-64","sector_43","unvaccinated","susceptible"
"510",3,910330.714368343,"20-64","sector_43","unvaccinated","susceptible"
"511",4,910330.653768305,"20-64","sector_43","unvaccinated","susceptible"
"512",5,910330.588910236,"20-64","sector_43","unvaccinated","susceptible"
"513",6,910330.51790703,"20-64","sector_43","unvaccinated","susceptible"
"514",7,910330.439293369,"20-64","sector_43","unvaccinated","susceptible"
"515",8,910330.351770756,"20-64","sector_43","unvaccinated","susceptible"
"516",9,910330.254065851,"20-64","sector_43","unvaccinated","susceptible"
"517",10,910330.144847825,"20-64","sector_43","unvaccinated","susceptible"
"518",0,876637.9123362,"20-64","sector_44","unvaccinated","susceptible"
"519",1,876637.859243696,"20-64","sector_44","unvaccinated","susceptible"
"520",2,876637.8151748,"20-64","sector_44","unvaccinated","susceptible"
"521",3,876637.774167092,"20-64","sector_44","unvaccinated","susceptible"
"522",4,876637.732831981,"20-64","sector_44","unvaccinated","susceptible"
"523",5,876637.689119257,"20-64","sector_44","unvaccinated","susceptible"
"524",6,876637.641660096,"20-64","sector_44","unvaccinated","susceptible"
"525",7,876637.589415359,"20-64","sector_44","unvaccinated","susceptible"
"526",8,876637.531484962,"20-64","sector_44","unvaccinated","susceptible"
"527",9,876637.467002062,"20-64","sector_44","unvaccinated","susceptible"
"528",10,876637.395071711,"20-64","sector_44","unvaccinated","susceptible"
"529",0,58737.9941262,"20-64","sector_45","unvaccinated","susceptible"
"530",1,58737.9908162174,"20-64","sector_45","unvaccinated","susceptible"
"531",2,58737.9880280408,"20-64","sector_45","unvaccinated","susceptible"
"532",3,58737.985401212,"20-64","sector_45","unvaccinated","susceptible"
"533",4,58737.9827299597,"20-64","sector_45","unvaccinated","susceptible"
"534",5,58737.9798885787,"20-64","sector_45","unvaccinated","susceptible"
"535",6,58737.9767918549,"20-64","sector_45","unvaccinated","susceptible"
"536",7,58737.9733739207,"20-64","sector_45","unvaccinated","susceptible"
"537",8,58737.9695767971,"20-64","sector_45","unvaccinated","susceptible"
"538",9,58737.9653440182,"20-64","sector_45","unvaccinated","susceptible"
"539",10,58737.9606169076,"20-64","sector_45","unvaccinated","susceptible"
"540",0,0,"0-4","sector_00","unvaccinated","exposed"
"541",1,0.104648068011373,"0-4","sector_00","unvaccinated","exposed"
"542",2,0.173216104426146,"0-4","sector_00","unvaccinated","exposed"
"543",3,0.223416800264195,"0-4","sector_00","unvaccinated","exposed"
"544",4,0.26501492368824,"0-4","sector_00","unvaccinated","exposed"
"545",5,0.303537124342422,"0-4","sector_00","unvaccinated","exposed"
"546",6,0.342245592459881,"0-4","sector_00","unvaccinated","exposed"
"547",7,0.383194833160486,"0-4","sector_00","unvaccinated","exposed"
"548",8,0.427802806414476,"0-4","sector_00","unvaccinated","exposed"
"549",9,0.477163938205729,"0-4","sector_00","unvaccinated","exposed"
"550",10,0.532224329959304,"0-4","sector_00","unvaccinated","exposed"
"551",0,0,"5-19","sector_00","unvaccinated","exposed"
"552",1,0.582142319597815,"5-19","sector_00","unvaccinated","exposed"
"553",2,0.95496844549858,"5-19","sector_00","unvaccinated","exposed"
"554",3,1.22438061027103,"5-19","sector_00","unvaccinated","exposed"
"555",4,1.44736787158418,"5-19","sector_00","unvaccinated","exposed"
"556",5,1.65521182804673,"5-19","sector_00","unvaccinated","exposed"
"557",6,1.86572476507423,"5-19","sector_00","unvaccinated","exposed"
"558",7,2.08972098125073,"5-19","sector_00","unvaccinated","exposed"
"559",8,2.33445368614835,"5-19","sector_00","unvaccinated","exposed"
"560",9,2.60545432833835,"5-19","sector_00","unvaccinated","exposed"
"561",10,2.90753048938518,"5-19","sector_00","unvaccinated","exposed"
"562",0,0,"20-64","sector_00","unvaccinated","exposed"
"563",1,0.241341722561917,"20-64","sector_00","unvaccinated","exposed"
"564",2,0.399568359777957,"20-64","sector_00","unvaccinated","exposed"
"565",3,0.517421162753636,"20-64","sector_00","unvaccinated","exposed"
"566",4,0.617870940781225,"20-64","sector_00","unvaccinated","exposed"
"567",5,0.713538526724288,"20-64","sector_00","unvaccinated","exposed"
"568",6,0.811651383272831,"20-64","sector_00","unvaccinated","exposed"
"569",7,0.916657356787618,"20-64","sector_00","unvaccinated","exposed"
"570",8,1.03160863235452,"20-64","sector_00","unvaccinated","exposed"
"571",9,1.15890026668599,"20-64","sector_00","unvaccinated","exposed"
"572",10,1.30067017517742,"20-64","sector_00","unvaccinated","exposed"
"573",0,0,"65+","sector_00","unvaccinated","exposed"
"574",1,0.231642725748784,"65+","sector_00","unvaccinated","exposed"
"575",2,0.376110622243345,"65+","sector_00","unvaccinated","exposed"
"576",3,0.47790510074157,"65+","sector_00","unvaccinated","exposed"
"577",4,0.560960306582767,"65+","sector_00","unvaccinated","exposed"
"578",5,0.638341714141445,"65+","sector_00","unvaccinated","exposed"
"579",6,0.717395795642897,"65+","sector_00","unvaccinated","exposed"
"580",7,0.802490217944494,"65+","sector_00","unvaccinated","exposed"
"581",8,0.896476749104039,"65+","sector_00","unvaccinated","exposed"
"582",9,1.00147673663986,"65+","sector_00","unvaccinated","exposed"
"583",10,1.11930726785403,"65+","sector_00","unvaccinated","exposed"
"584",0,0,"20-64","sector_01","unvaccinated","exposed"
"585",1,0.0185401558662014,"20-64","sector_01","unvaccinated","exposed"
"586",2,0.0305866026475514,"20-64","sector_01","unvaccinated","exposed"
"587",3,0.0394086778056755,"20-64","sector_01","unvaccinated","exposed"
"588",4,0.0467814547504938,"20-64","sector_01","unvaccinated","exposed"
"589",5,0.0536904584100355,"20-64","sector_01","unvaccinated","exposed"
"590",6,0.0607048920810543,"20-64","sector_01","unvaccinated","exposed"
"591",7,0.0681760346842489,"20-64","sector_01","unvaccinated","exposed"
"592",8,0.076343312513463,"20-64","sector_01","unvaccinated","exposed"
"593",9,0.0853915523291619,"20-64","sector_01","unvaccinated","exposed"
"594",10,0.095482386587919,"20-64","sector_01","unvaccinated","exposed"
"595",0,0,"20-64","sector_02","unvaccinated","exposed"
"596",1,0.000878217416257475,"20-64","sector_02","unvaccinated","exposed"
"597",2,0.00145138337771378,"20-64","sector_02","unvaccinated","exposed"
"598",3,0.00187354642881524,"20-64","sector_02","unvaccinated","exposed"
"599",4,0.00222817477901769,"20-64","sector_02","unvaccinated","exposed"
"600",5,0.00256152431646809,"20-64","sector_02","unvaccinated","exposed"
"601",6,0.00290028041680048,"20-64","sector_02","unvaccinated","exposed"
"602",7,0.00326091772809429,"20-64","sector_02","unvaccinated","exposed"
"603",8,0.00365469341555891,"20-64","sector_02","unvaccinated","exposed"
"604",9,0.00409033576685199,"20-64","sector_02","unvaccinated","exposed"
"605",10,0.00457551515803767,"20-64","sector_02","unvaccinated","exposed"
"606",0,0,"20-64","sector_03","unvaccinated","exposed"
"607",1,0.000742008735045072,"20-64","sector_03","unvaccinated","exposed"
"608",2,0.00122410952510274,"20-64","sector_03","unvaccinated","exposed"
"609",3,0.00157620061866556,"20-64","sector_03","unvaccinated","exposed"
"610",4,0.00186911901358096,"20-64","sector_03","unvaccinated","exposed"
"611",5,0.00214239351328402,"20-64","sector_03","unvaccinated","exposed"
"612",6,0.00241897311929108,"20-64","sector_03","unvaccinated","exposed"
"613",7,0.00271307788333989,"20-64","sector_03","unvaccinated","exposed"
"614",8,0.00303441163224376,"20-64","sector_03","unvaccinated","exposed"
"615",9,0.00339044644818139,"20-64","sector_03","unvaccinated","exposed"
"616",10,0.00378768295087329,"20-64","sector_03","unvaccinated","exposed"
"617",0,0,"20-64","sector_04","unvaccinated","exposed"
"618",1,0.00131414582088269,"20-64","sector_04","unvaccinated","exposed"
"619",2,0.00215145299529143,"20-64","sector_04","unvaccinated","exposed"
"620",3,0.00275275273080023,"20-64","sector_04","unvaccinated","exposed"
"621",4,0.00324800272184926,"20-64","sector_04","unvaccinated","exposed"
"622",5,0.00370863444897824,"20-64","sector_04","unvaccinated","exposed"
"623",6,0.0041752980512027,"20-64","sector_04","unvaccinated","exposed"
"624",7,0.00467260115016338,"20-64","sector_04","unvaccinated","exposed"
"625",8,0.00521696787248453,"20-64","sector_04","unvaccinated","exposed"
"626",9,0.00582085757983699,"20-64","sector_04","unvaccinated","exposed"
"627",10,0.00649505745331071,"20-64","sector_04","unvaccinated","exposed"
"628",0,0,"20-64","sector_05","unvaccinated","exposed"
"629",1,0.00126088046655021,"20-64","sector_05","unvaccinated","exposed"
"630",2,0.00208060946039778,"20-64","sector_05","unvaccinated","exposed"
"631",3,0.00268175387437565,"20-64","sector_05","unvaccinated","exposed"
"632",4,0.00318499260185519,"20-64","sector_05","unvaccinated","exposed"
"633",5,0.00365721518359756,"20-64","sector_05","unvaccinated","exposed"
"634",6,0.00413698515195597,"20-64","sector_05","unvaccinated","exposed"
"635",7,0.0046480666666942,"20-64","sector_05","unvaccinated","exposed"
"636",8,0.00520664914708307,"20-64","sector_05","unvaccinated","exposed"
"637",9,0.00582524118815738,"20-64","sector_05","unvaccinated","exposed"
"638",10,0.00651480233254734,"20-64","sector_05","unvaccinated","exposed"
"639",0,0,"20-64","sector_06","unvaccinated","exposed"
"640",1,0.0248520391681379,"20-64","sector_06","unvaccinated","exposed"
"641",2,0.0411121799196807,"20-64","sector_06","unvaccinated","exposed"
"642",3,0.0531445601459851,"20-64","sector_06","unvaccinated","exposed"
"643",4,0.0633068649052619,"20-64","sector_06","unvaccinated","exposed"
"644",5,0.0729014474396418,"20-64","sector_06","unvaccinated","exposed"
"645",6,0.0826774016936186,"20-64","sector_06","unvaccinated","exposed"
"646",7,0.0930964022966786,"20-64","sector_06","unvaccinated","exposed"
"647",8,0.104474166605513,"20-64","sector_06","unvaccinated","exposed"
"648",9,0.11705638699068,"20-64","sector_06","unvaccinated","exposed"
"649",10,0.13106012057834,"20-64","sector_06","unvaccinated","exposed"
"650",0,0,"20-64","sector_07","unvaccinated","exposed"
"651",1,0.00608963239380241,"20-64","sector_07","unvaccinated","exposed"
"652",2,0.0100494219087068,"20-64","sector_07","unvaccinated","exposed"
"653",3,0.0129422158998352,"20-64","sector_07","unvaccinated","exposed"
"654",4,0.0153474463069933,"20-64","sector_07","unvaccinated","exposed"
"655",5,0.0175880417002949,"20-64","sector_07","unvaccinated","exposed"
"656",6,0.0198510485435654,"20-64","sector_07","unvaccinated","exposed"
"657",7,0.0222520126201269,"20-64","sector_07","unvaccinated","exposed"
"658",8,0.024869550274513,"20-64","sector_07","unvaccinated","exposed"
"659",9,0.0277640905223022,"20-64","sector_07","unvaccinated","exposed"
"660",10,0.0309881967779187,"20-64","sector_07","unvaccinated","exposed"
"661",0,0,"20-64","sector_08","unvaccinated","exposed"
"662",1,0.00403965430910349,"20-64","sector_08","unvaccinated","exposed"
"663",2,0.00661814343431961,"20-64","sector_08","unvaccinated","exposed"
"664",3,0.00846943610142291,"20-64","sector_08","unvaccinated","exposed"
"665",4,0.0099913285249736,"20-64","sector_08","unvaccinated","exposed"
"666",5,0.0114036573108479,"20-64","sector_08","unvaccinated","exposed"
"667",6,0.0128322964986753,"20-64","sector_08","unvaccinated","exposed"
"668",7,0.0143538894268656,"20-64","sector_08","unvaccinated","exposed"
"669",8,0.0160197832407739,"20-64","sector_08","unvaccinated","exposed"
"670",9,0.0178689370582049,"20-64","sector_08","unvaccinated","exposed"
"671",10,0.0199349792354717,"20-64","sector_08","unvaccinated","exposed"
"672",0,0,"20-64","sector_09","unvaccinated","exposed"
"673",1,0.00889097678378986,"20-64","sector_09","unvaccinated","exposed"
"674",2,0.0146806251693899,"20-64","sector_09","unvaccinated","exposed"
"675",3,0.0189413258903189,"20-64","sector_09","unvaccinated","exposed"
"676",4,0.0225234890724258,"20-64","sector_09","unvaccinated","exposed"
"677",5,0.0258971462422572,"20-64","sector_09","unvaccinated","exposed"
"678",6,0.0293325558171559,"20-64","sector_09","unvaccinated","exposed"
"679",7,0.0329959826884051,"20-64","sector_09","unvaccinated","exposed"
"680",8,0.0370007435564643,"20-64","sector_09","unvaccinated","exposed"
"681",9,0.0414346444329049,"20-64","sector_09","unvaccinated","exposed"
"682",10,0.0463749527133762,"20-64","sector_09","unvaccinated","exposed"
"683",0,0,"20-64","sector_10","unvaccinated","exposed"
"684",1,0.000539824798020206,"20-64","sector_10","unvaccinated","exposed"
"685",2,0.000892520020749209,"20-64","sector_10","unvaccinated","exposed"
"686",3,0.00115281276078637,"20-64","sector_10","unvaccinated","exposed"
"687",4,0.00137196361100773,"20-64","sector_10","unvaccinated","exposed"
"688",5,0.00157833935996873,"20-64","sector_10","unvaccinated","exposed"
"689",6,0.00178828289173196,"20-64","sector_10","unvaccinated","exposed"
"690",7,0.00201187535921789,"20-64","sector_10","unvaccinated","exposed"
"691",8,0.00225600688051083,"20-64","sector_10","unvaccinated","exposed"
"692",9,0.00252602771076887,"20-64","sector_10","unvaccinated","exposed"
"693",10,0.00282665013493935,"20-64","sector_10","unvaccinated","exposed"
"694",0,0,"20-64","sector_11","unvaccinated","exposed"
"695",1,0.00569724346522984,"20-64","sector_11","unvaccinated","exposed"
"696",2,0.00939917937109379,"20-64","sector_11","unvaccinated","exposed"
"697",3,0.0121000078491898,"20-64","sector_11","unvaccinated","exposed"
"698",4,0.0143422024120697,"20-64","sector_11","unvaccinated","exposed"
"699",5,0.0164284065413712,"20-64","sector_11","unvaccinated","exposed"
"700",6,0.0185341051629278,"20-64","sector_11","unvaccinated","exposed"
"701",7,0.0207677896138541,"20-64","sector_11","unvaccinated","exposed"
"702",8,0.0232032858182939,"20-64","sector_11","unvaccinated","exposed"
"703",9,0.0258972962674146,"20-64","sector_11","unvaccinated","exposed"
"704",10,0.0288990723058895,"20-64","sector_11","unvaccinated","exposed"
"705",0,0,"20-64","sector_12","unvaccinated","exposed"
"706",1,0.00284100266214861,"20-64","sector_12","unvaccinated","exposed"
"707",2,0.00465110794544703,"20-64","sector_12","unvaccinated","exposed"
"708",3,0.00595201733945135,"20-64","sector_12","unvaccinated","exposed"
"709",4,0.00702488304285477,"20-64","sector_12","unvaccinated","exposed"
"710",5,0.00802400494487674,"20-64","sector_12","unvaccinated","exposed"
"711",6,0.00903705158138372,"20-64","sector_12","unvaccinated","exposed"
"712",7,0.0101170231858235,"20-64","sector_12","unvaccinated","exposed"
"713",8,0.0112992758632746,"20-64","sector_12","unvaccinated","exposed"
"714",9,0.0126106472880161,"20-64","sector_12","unvaccinated","exposed"
"715",10,0.014074407383078,"20-64","sector_12","unvaccinated","exposed"
"716",0,0,"20-64","sector_13","unvaccinated","exposed"
"717",1,0.00914275372718601,"20-64","sector_13","unvaccinated","exposed"
"718",2,0.0150939127888026,"20-64","sector_13","unvaccinated","exposed"
"719",3,0.0194696511032289,"20-64","sector_13","unvaccinated","exposed"
"720",4,0.0231445859137046,"20-64","sector_13","unvaccinated","exposed"
"721",5,0.0266024427347127,"20-64","sector_13","unvaccinated","exposed"
"722",6,0.0301215192389868,"20-64","sector_13","unvaccinated","exposed"
"723",7,0.0338730827347907,"20-64","sector_13","unvaccinated","exposed"
"724",8,0.0379738383139674,"20-64","sector_13","unvaccinated","exposed"
"725",9,0.0425141492718017,"20-64","sector_13","unvaccinated","exposed"
"726",10,0.0475734479450799,"20-64","sector_13","unvaccinated","exposed"
"727",0,0,"20-64","sector_14","unvaccinated","exposed"
"728",1,0.00523225846406044,"20-64","sector_14","unvaccinated","exposed"
"729",2,0.00865145323821297,"20-64","sector_14","unvaccinated","exposed"
"730",3,0.0111758121656696,"20-64","sector_14","unvaccinated","exposed"
"731",4,0.0133021061209467,"20-64","sector_14","unvaccinated","exposed"
"732",5,0.0153051679893286,"20-64","sector_14","unvaccinated","exposed"
"733",6,0.0173432980847627,"20-64","sector_14","unvaccinated","exposed"
"734",7,0.0195141308375472,"20-64","sector_14","unvaccinated","exposed"
"735",8,0.0218844003625775,"20-64","sector_14","unvaccinated","exposed"
"736",9,0.0245059419071511,"20-64","sector_14","unvaccinated","exposed"
"737",10,0.0274244294333453,"20-64","sector_14","unvaccinated","exposed"
"738",0,0,"20-64","sector_15","unvaccinated","exposed"
"739",1,0.0037657676820055,"20-64","sector_15","unvaccinated","exposed"
"740",2,0.00621286413389229,"20-64","sector_15","unvaccinated","exposed"
"741",3,0.00799844229770029,"20-64","sector_15","unvaccinated","exposed"
"742",4,0.00948103752639686,"20-64","sector_15","unvaccinated","exposed"
"743",5,0.0108606528047564,"20-64","sector_15","unvaccinated","exposed"
"744",6,0.012253244223525,"20-64","sector_15","unvaccinated","exposed"
"745",7,0.0137304934790064,"20-64","sector_15","unvaccinated","exposed"
"746",8,0.015341177248209,"20-64","sector_15","unvaccinated","exposed"
"747",9,0.0171227615780231,"20-64","sector_15","unvaccinated","exposed"
"748",10,0.0191077939690698,"20-64","sector_15","unvaccinated","exposed"
"749",0,0,"20-64","sector_16","unvaccinated","exposed"
"750",1,0.0175329885324559,"20-64","sector_16","unvaccinated","exposed"
"751",2,0.0287087385469258,"20-64","sector_16","unvaccinated","exposed"
"752",3,0.0367284889778238,"20-64","sector_16","unvaccinated","exposed"
"753",4,0.0433234067765002,"20-64","sector_16","unvaccinated","exposed"
"754",5,0.0494474852840937,"20-64","sector_16","unvaccinated","exposed"
"755",6,0.0556451462974711,"20-64","sector_16","unvaccinated","exposed"
"756",7,0.0622467795572038,"20-64","sector_16","unvaccinated","exposed"
"757",8,0.0694731930763532,"20-64","sector_16","unvaccinated","exposed"
"758",9,0.0774918113867552,"20-64","sector_16","unvaccinated","exposed"
"759",10,0.086447303589563,"20-64","sector_16","unvaccinated","exposed"
"760",0,0,"20-64","sector_17","unvaccinated","exposed"
"761",1,0.00668547962934943,"20-64","sector_17","unvaccinated","exposed"
"762",2,0.0110429088621089,"20-64","sector_17","unvaccinated","exposed"
"763",3,0.0142557877103691,"20-64","sector_17","unvaccinated","exposed"
"764",4,0.0169633922808246,"20-64","sector_17","unvaccinated","exposed"
"765",5,0.0195185789958276,"20-64","sector_17","unvaccinated","exposed"
"766",6,0.02212398884435,"20-64","sector_17","unvaccinated","exposed"
"767",7,0.0249042129776556,"20-64","sector_17","unvaccinated","exposed"
"768",8,0.0279442092239984,"20-64","sector_17","unvaccinated","exposed"
"769",9,0.0313099231864089,"20-64","sector_17","unvaccinated","exposed"
"770",10,0.0350595231367679,"20-64","sector_17","unvaccinated","exposed"
"771",0,0,"20-64","sector_18","unvaccinated","exposed"
"772",1,0.00488437454601508,"20-64","sector_18","unvaccinated","exposed"
"773",2,0.00808459474438769,"20-64","sector_18","unvaccinated","exposed"
"774",3,0.0104591119814247,"20-64","sector_18","unvaccinated","exposed"
"775",4,0.0124709479818454,"20-64","sector_18","unvaccinated","exposed"
"776",5,0.014375432607357,"20-64","sector_18","unvaccinated","exposed"
"777",6,0.0163192094022377,"20-64","sector_18","unvaccinated","exposed"
"778",7,0.0183925949477457,"20-64","sector_18","unvaccinated","exposed"
"779",8,0.0206574005067533,"20-64","sector_18","unvaccinated","exposed"
"780",9,0.0231618400138228,"20-64","sector_18","unvaccinated","exposed"
"781",10,0.0259486403452165,"20-64","sector_18","unvaccinated","exposed"
"782",0,0,"20-64","sector_19","unvaccinated","exposed"
"783",1,0.0111491447703467,"20-64","sector_19","unvaccinated","exposed"
"784",2,0.0184011373452579,"20-64","sector_19","unvaccinated","exposed"
"785",3,0.0237020912242141,"20-64","sector_19","unvaccinated","exposed"
"786",4,0.0281125795613133,"20-64","sector_19","unvaccinated","exposed"
"787",5,0.0322234275138066,"20-64","sector_19","unvaccinated","exposed"
"788",6,0.0363767056961936,"20-64","sector_19","unvaccinated","exposed"
"789",7,0.0407836603672167,"20-64","sector_19","unvaccinated","exposed"
"790",8,0.0455880206378236,"20-64","sector_19","unvaccinated","exposed"
"791",9,0.0509003059383186,"20-64","sector_19","unvaccinated","exposed"
"792",10,0.056816710728391,"20-64","sector_19","unvaccinated","exposed"
"793",0,0,"20-64","sector_20","unvaccinated","exposed"
"794",1,0.00973316046363002,"20-64","sector_20","unvaccinated","exposed"
"795",2,0.0159344945003733,"20-64","sector_20","unvaccinated","exposed"
"796",3,0.0203911497215402,"20-64","sector_20","unvaccinated","exposed"
"797",4,0.0240663097105507,"20-64","sector_20","unvaccinated","exposed"
"798",5,0.0274886228857852,"20-64","sector_20","unvaccinated","exposed"
"799",6,0.0309584754178706,"20-64","sector_20","unvaccinated","exposed"
"800",7,0.034657478258862,"20-64","sector_20","unvaccinated","exposed"
"801",8,0.0387067855676018,"20-64","sector_20","unvaccinated","exposed"
"802",9,0.0431983581889008,"20-64","sector_20","unvaccinated","exposed"
"803",10,0.0482119255324596,"20-64","sector_20","unvaccinated","exposed"
"804",0,0,"20-64","sector_21","unvaccinated","exposed"
"805",1,0.00717573106629218,"20-64","sector_21","unvaccinated","exposed"
"806",2,0.0118429392275589,"20-64","sector_21","unvaccinated","exposed"
"807",3,0.0152689670010115,"20-64","sector_21","unvaccinated","exposed"
"808",4,0.0181404667567234,"20-64","sector_21","unvaccinated","exposed"
"809",5,0.0208377052479321,"20-64","sector_21","unvaccinated","exposed"
"810",6,0.023579729606809,"20-64","sector_21","unvaccinated","exposed"
"811",7,0.0265014460518592,"20-64","sector_21","unvaccinated","exposed"
"812",8,0.0296947621314335,"20-64","sector_21","unvaccinated","exposed"
"813",9,0.0332307435248251,"20-64","sector_21","unvaccinated","exposed"
"814",10,0.0371717319394942,"20-64","sector_21","unvaccinated","exposed"
"815",0,0,"20-64","sector_22","unvaccinated","exposed"
"816",1,0.0182095191752227,"20-64","sector_22","unvaccinated","exposed"
"817",2,0.0301315635838309,"20-64","sector_22","unvaccinated","exposed"
"818",3,0.0389650703064822,"20-64","sector_22","unvaccinated","exposed"
"819",4,0.0464368989849506,"20-64","sector_22","unvaccinated","exposed"
"820",5,0.0535001580225432,"20-64","sector_22","unvaccinated","exposed"
"821",6,0.0607026641522452,"20-64","sector_22","unvaccinated","exposed"
"822",7,0.0683819260045924,"20-64","sector_22","unvaccinated","exposed"
"823",8,0.0767688294684923,"20-64","sector_22","unvaccinated","exposed"
"824",9,0.0860432467066384,"20-64","sector_22","unvaccinated","exposed"
"825",10,0.0963643193965861,"20-64","sector_22","unvaccinated","exposed"
"826",0,0,"20-64","sector_23","unvaccinated","exposed"
"827",1,0.00861565300092612,"20-64","sector_23","unvaccinated","exposed"
"828",2,0.0142199920648229,"20-64","sector_23","unvaccinated","exposed"
"829",3,0.0183169295209538,"20-64","sector_23","unvaccinated","exposed"
"830",4,0.0217260067960093,"20-64","sector_23","unvaccinated","exposed"
"831",5,0.0249037455383883,"20-64","sector_23","unvaccinated","exposed"
"832",6,0.0281144416669767,"20-64","sector_23","unvaccinated","exposed"
"833",7,0.0315213043537964,"20-64","sector_23","unvaccinated","exposed"
"834",8,0.0352353790187938,"20-64","sector_23","unvaccinated","exposed"
"835",9,0.0393420581459602,"20-64","sector_23","unvaccinated","exposed"
"836",10,0.0439156732200847,"20-64","sector_23","unvaccinated","exposed"
"837",0,0,"20-64","sector_24","unvaccinated","exposed"
"838",1,0.0113244766012043,"20-64","sector_24","unvaccinated","exposed"
"839",2,0.0185396489500426,"20-64","sector_24","unvaccinated","exposed"
"840",3,0.0237236302259469,"20-64","sector_24","unvaccinated","exposed"
"841",4,0.0279968545096494,"20-64","sector_24","unvaccinated","exposed"
"842",5,0.0319745541714163,"20-64","sector_24","unvaccinated","exposed"
"843",6,0.0360064766685734,"20-64","sector_24","unvaccinated","exposed"
"844",7,0.0403041564819634,"20-64","sector_24","unvaccinated","exposed"
"845",8,0.0450087293677674,"20-64","sector_24","unvaccinated","exposed"
"846",9,0.0502273015699444,"20-64","sector_24","unvaccinated","exposed"
"847",10,0.0560526917490852,"20-64","sector_24","unvaccinated","exposed"
"848",0,0,"20-64","sector_25","unvaccinated","exposed"
"849",1,0.112800470374114,"20-64","sector_25","unvaccinated","exposed"
"850",2,0.186096328958358,"20-64","sector_25","unvaccinated","exposed"
"851",3,0.2397825567193,"20-64","sector_25","unvaccinated","exposed"
"852",4,0.284658366223824,"20-64","sector_25","unvaccinated","exposed"
"853",5,0.326717489140514,"20-64","sector_25","unvaccinated","exposed"
"854",6,0.369420313557358,"20-64","sector_25","unvaccinated","exposed"
"855",7,0.414901593096449,"20-64","sector_25","unvaccinated","exposed"
"856",8,0.46461603722772,"20-64","sector_25","unvaccinated","exposed"
"857",9,0.519686680950723,"20-64","sector_25","unvaccinated","exposed"
"858",10,0.581095900643972,"20-64","sector_25","unvaccinated","exposed"
"859",0,0,"20-64","sector_26","unvaccinated","exposed"
"860",1,0.343622678736258,"20-64","sector_26","unvaccinated","exposed"
"861",2,0.570952877343205,"20-64","sector_26","unvaccinated","exposed"
"862",3,0.742838400468352,"20-64","sector_26","unvaccinated","exposed"
"863",4,0.891763465739622,"20-64","sector_26","unvaccinated","exposed"
"864",5,1.03546274280173,"20-64","sector_26","unvaccinated","exposed"
"865",6,1.18404811319728,"20-64","sector_26","unvaccinated","exposed"
"866",7,1.34374521272942,"20-64","sector_26","unvaccinated","exposed"
"867",8,1.51885907632911,"20-64","sector_26","unvaccinated","exposed"
"868",9,1.71281559194209,"20-64","sector_26","unvaccinated","exposed"
"869",10,1.92872136560496,"20-64","sector_26","unvaccinated","exposed"
"870",0,0,"20-64","sector_27","unvaccinated","exposed"
"871",1,0.0488576885409265,"20-64","sector_27","unvaccinated","exposed"
"872",2,0.0806955670890777,"20-64","sector_27","unvaccinated","exposed"
"873",3,0.104049384942368,"20-64","sector_27","unvaccinated","exposed"
"874",4,0.123560906706209,"20-64","sector_27","unvaccinated","exposed"
"875",5,0.141809737660837,"20-64","sector_27","unvaccinated","exposed"
"876",6,0.160285945421098,"20-64","sector_27","unvaccinated","exposed"
"877",7,0.179908377723589,"20-64","sector_27","unvaccinated","exposed"
"878",8,0.201302408256041,"20-64","sector_27","unvaccinated","exposed"
"879",9,0.224950111516295,"20-64","sector_27","unvaccinated","exposed"
"880",10,0.251272700727375,"20-64","sector_27","unvaccinated","exposed"
"881",0,0,"20-64","sector_28","unvaccinated","exposed"
"882",1,0.000782215472495296,"20-64","sector_28","unvaccinated","exposed"
"883",2,0.00128128914933319,"20-64","sector_28","unvaccinated","exposed"
"884",3,0.00163950812964495,"20-64","sector_28","unvaccinated","exposed"
"885",4,0.00193395432419574,"20-64","sector_28","unvaccinated","exposed"
"886",5,0.00220720028797941,"20-64","sector_28","unvaccinated","exposed"
"887",6,0.00248360420361212,"20-64","sector_28","unvaccinated","exposed"
"888",7,0.00277798587587824,"20-64","sector_28","unvaccinated","exposed"
"889",8,0.00310026746054941,"20-64","sector_28","unvaccinated","exposed"
"890",9,0.00345797506340618,"20-64","sector_28","unvaccinated","exposed"
"891",10,0.00385760551905948,"20-64","sector_28","unvaccinated","exposed"
"892",0,0,"20-64","sector_29","unvaccinated","exposed"
"893",1,0.00457767503443351,"20-64","sector_29","unvaccinated","exposed"
"894",2,0.00756457285943223,"20-64","sector_29","unvaccinated","exposed"
"895",3,0.00977200484686335,"20-64","sector_29","unvaccinated","exposed"
"896",4,0.0116375688094153,"20-64","sector_29","unvaccinated","exposed"
"897",5,0.0134024349363414,"20-64","sector_29","unvaccinated","exposed"
"898",6,0.0152049250365541,"20-64","sector_29","unvaccinated","exposed"
"899",7,0.0171300387985024,"20-64","sector_29","unvaccinated","exposed"
"900",8,0.019235783106736,"20-64","sector_29","unvaccinated","exposed"
"901",9,0.0215672826759297,"20-64","sector_29","unvaccinated","exposed"
"902",10,0.0241644543030464,"20-64","sector_29","unvaccinated","exposed"
"903",0,0,"20-64","sector_30","unvaccinated","exposed"
"904",1,0.0264248547909432,"20-64","sector_30","unvaccinated","exposed"
"905",2,0.0438046515179386,"20-64","sector_30","unvaccinated","exposed"
"906",3,0.056796291140657,"20-64","sector_30","unvaccinated","exposed"
"907",4,0.0679009210414076,"20-64","sector_30","unvaccinated","exposed"
"908",5,0.0784918323528568,"20-64","sector_30","unvaccinated","exposed"
"909",6,0.0893550088646261,"20-64","sector_30","unvaccinated","exposed"
"910",7,0.100974037216524,"20-64","sector_30","unvaccinated","exposed"
"911",8,0.113680895209483,"20-64","sector_30","unvaccinated","exposed"
"912",9,0.127736380400703,"20-64","sector_30","unvaccinated","exposed"
"913",10,0.143373646475355,"20-64","sector_30","unvaccinated","exposed"
"914",0,0,"20-64","sector_31","unvaccinated","exposed"
"915",1,0.0187211519464343,"20-64","sector_31","unvaccinated","exposed"
"916",2,0.0309750014088526,"20-64","sector_31","unvaccinated","exposed"
"917",3,0.0400418902209576,"20-64","sector_31","unvaccinated","exposed"
"918",4,0.0476968089475117,"20-64","sector_31","unvaccinated","exposed"
"919",5,0.0549210202268537,"20-64","sector_31","unvaccinated","exposed"
"920",6,0.0622787721700792,"20-64","sector_31","unvaccinated","exposed"
"921",7,0.0701173106132726,"20-64","sector_31","unvaccinated","exposed"
"922",8,0.0786735757513674,"20-64","sector_31","unvaccinated","exposed"
"923",9,0.088131584691956,"20-64","sector_31","unvaccinated","exposed"
"924",10,0.0986537425211031,"20-64","sector_31","unvaccinated","exposed"
"925",0,0,"20-64","sector_32","unvaccinated","exposed"
"926",1,0.162261396802642,"20-64","sector_32","unvaccinated","exposed"
"927",2,0.266174940651158,"20-64","sector_32","unvaccinated","exposed"
"928",3,0.342110519229493,"20-64","sector_32","unvaccinated","exposed"
"929",4,0.406196625930049,"20-64","sector_32","unvaccinated","exposed"
"930",5,0.467148087364354,"20-64","sector_32","unvaccinated","exposed"
"931",6,0.529847533711696,"20-64","sector_32","unvaccinated","exposed"
"932",7,0.597224305157973,"20-64","sector_32","unvaccinated","exposed"
"933",8,0.671241449099238,"20-64","sector_32","unvaccinated","exposed"
"934",9,0.753416338572041,"20-64","sector_32","unvaccinated","exposed"
"935",10,0.845098067263863,"20-64","sector_32","unvaccinated","exposed"
"936",0,0,"20-64","sector_33","unvaccinated","exposed"
"937",1,0.0210842774591309,"20-64","sector_33","unvaccinated","exposed"
"938",2,0.0348523183443895,"20-64","sector_33","unvaccinated","exposed"
"939",3,0.0450439937677326,"20-64","sector_33","unvaccinated","exposed"
"940",4,0.0536744816079637,"20-64","sector_33","unvaccinated","exposed"
"941",5,0.0618532647290004,"20-64","sector_33","unvaccinated","exposed"
"942",6,0.0702161527690767,"20-64","sector_33","unvaccinated","exposed"
"943",7,0.0791537477936701,"20-64","sector_33","unvaccinated","exposed"
"944",8,0.088932788588818,"20-64","sector_33","unvaccinated","exposed"
"945",9,0.099761112161136,"20-64","sector_33","unvaccinated","exposed"
"946",10,0.111822941932871,"20-64","sector_33","unvaccinated","exposed"
"947",0,0,"20-64","sector_34","unvaccinated","exposed"
"948",1,0.0125679438537096,"20-64","sector_34","unvaccinated","exposed"
"949",2,0.0207962932304543,"20-64","sector_34","unvaccinated","exposed"
"950",3,0.026892896092527,"20-64","sector_34","unvaccinated","exposed"
"951",4,0.0320496113523978,"20-64","sector_34","unvaccinated","exposed"
"952",5,0.0369242705723386,"20-64","sector_34","unvaccinated","exposed"
"953",6,0.0418949781307212,"20-64","sector_34","unvaccinated","exposed"
"954",7,0.047194684251435,"20-64","sector_34","unvaccinated","exposed"
"955",8,0.0529827468217053,"20-64","sector_34","unvaccinated","exposed"
"956",9,0.0593833121697115,"20-64","sector_34","unvaccinated","exposed"
"957",10,0.0665062165032548,"20-64","sector_34","unvaccinated","exposed"
"958",0,0,"20-64","sector_35","unvaccinated","exposed"
"959",1,0.0460222153371894,"20-64","sector_35","unvaccinated","exposed"
"960",2,0.0759284331157788,"20-64","sector_35","unvaccinated","exposed"
"961",3,0.0977498448509773,"20-64","sector_35","unvaccinated","exposed"
"962",4,0.115868222019237,"20-64","sector_35","unvaccinated","exposed"
"963",5,0.13272789210004,"20-64","sector_35","unvaccinated","exposed"
"964",6,0.149746025151354,"20-64","sector_35","unvaccinated","exposed"
"965",7,0.167798695555401,"20-64","sector_35","unvaccinated","exposed"
"966",8,0.187482040099384,"20-64","sector_35","unvaccinated","exposed"
"967",9,0.209253956055232,"20-64","sector_35","unvaccinated","exposed"
"968",10,0.233512221594987,"20-64","sector_35","unvaccinated","exposed"
"969",0,0,"20-64","sector_36","unvaccinated","exposed"
"970",1,0.0661068256065345,"20-64","sector_36","unvaccinated","exposed"
"971",2,0.108237845123651,"20-64","sector_36","unvaccinated","exposed"
"972",3,0.138576158879694,"20-64","sector_36","unvaccinated","exposed"
"973",4,0.163670953304031,"20-64","sector_36","unvaccinated","exposed"
"974",5,0.187106284554929,"20-64","sector_36","unvaccinated","exposed"
"975",6,0.210912662583552,"20-64","sector_36","unvaccinated","exposed"
"976",7,0.236314943963457,"20-64","sector_36","unvaccinated","exposed"
"977",8,0.264129795083116,"20-64","sector_36","unvaccinated","exposed"
"978",9,0.294978173164418,"20-64","sector_36","unvaccinated","exposed"
"979",10,0.329400227724067,"20-64","sector_36","unvaccinated","exposed"
"980",0,0,"20-64","sector_37","unvaccinated","exposed"
"981",1,0.0348606046861741,"20-64","sector_37","unvaccinated","exposed"
"982",2,0.057724260601972,"20-64","sector_37","unvaccinated","exposed"
"983",3,0.0748027309788804,"20-64","sector_37","unvaccinated","exposed"
"984",4,0.0894259959742336,"20-64","sector_37","unvaccinated","exposed"
"985",5,0.10341827509271,"20-64","sector_37","unvaccinated","exposed"
"986",6,0.117821186348304,"20-64","sector_37","unvaccinated","exposed"
"987",7,0.133274507027007,"20-64","sector_37","unvaccinated","exposed"
"988",8,0.150217384757961,"20-64","sector_37","unvaccinated","exposed"
"989",9,0.168995443646213,"20-64","sector_37","unvaccinated","exposed"
"990",10,0.18991861741688,"20-64","sector_37","unvaccinated","exposed"
"991",0,0,"20-64","sector_38","unvaccinated","exposed"
"992",1,0.163800272928444,"20-64","sector_38","unvaccinated","exposed"
"993",2,0.271275451476223,"20-64","sector_38","unvaccinated","exposed"
"994",3,0.351241919955405,"20-64","sector_38","unvaccinated","exposed"
"995",4,0.419217175607817,"20-64","sector_38","unvaccinated","exposed"
"996",5,0.483743880883967,"20-64","sector_38","unvaccinated","exposed"
"997",6,0.549721476302374,"20-64","sector_38","unvaccinated","exposed"
"998",7,0.62016591528172,"20-64","sector_38","unvaccinated","exposed"
"999",8,0.697143321816771,"20-64","sector_38","unvaccinated","exposed"
"1000",9,0.782269412335984,"20-64","sector_38","unvaccinated","exposed"
"1001",10,0.876980668244761,"20-64","sector_38","unvaccinated","exposed"
"1002",0,0,"20-64","sector_39","unvaccinated","exposed"
"1003",1,0.180384346482175,"20-64","sector_39","unvaccinated","exposed"
"1004",2,0.298166977459514,"20-64","sector_39","unvaccinated","exposed"
"1005",3,0.384901073810021,"20-64","sector_39","unvaccinated","exposed"
"1006",4,0.457706064652377,"20-64","sector_39","unvaccinated","exposed"
"1007",5,0.526072423872358,"20-64","sector_39","unvaccinated","exposed"
"1008",6,0.595470066712751,"20-64","sector_39","unvaccinated","exposed"
"1009",7,0.669268162557325,"20-64","sector_39","unvaccinated","exposed"
"1010",8,0.749761807450781,"20-64","sector_39","unvaccinated","exposed"
"1011",9,0.838725782769594,"20-64","sector_39","unvaccinated","exposed"
"1012",10,0.9377176864464,"20-64","sector_39","unvaccinated","exposed"
"1013",0,0,"20-64","sector_40","unvaccinated","exposed"
"1014",1,0.087683020598592,"20-64","sector_40","unvaccinated","exposed"
"1015",2,0.14357745292046,"20-64","sector_40","unvaccinated","exposed"
"1016",3,0.183866486682651,"20-64","sector_40","unvaccinated","exposed"
"1017",4,0.217240225417148,"20-64","sector_40","unvaccinated","exposed"
"1018",5,0.248448649437208,"20-64","sector_40","unvaccinated","exposed"
"1019",6,0.28017966205946,"20-64","sector_40","unvaccinated","exposed"
"1020",7,0.314053336399174,"20-64","sector_40","unvaccinated","exposed"
"1021",8,0.351149788124654,"20-64","sector_40","unvaccinated","exposed"
"1022",9,0.392291042633429,"20-64","sector_40","unvaccinated","exposed"
"1023",10,0.438193251159433,"20-64","sector_40","unvaccinated","exposed"
"1024",0,0,"20-64","sector_41","unvaccinated","exposed"
"1025",1,0.206845828421903,"20-64","sector_41","unvaccinated","exposed"
"1026",2,0.34437461726711,"20-64","sector_41","unvaccinated","exposed"
"1027",3,0.44998865582859,"20-64","sector_41","unvaccinated","exposed"
"1028",4,0.543482110294866,"20-64","sector_41","unvaccinated","exposed"
"1029",5,0.635589629367282,"20-64","sector_41","unvaccinated","exposed"
"1030",6,0.732425648890382,"20-64","sector_41","unvaccinated","exposed"
"1031",7,0.837790820388844,"20-64","sector_41","unvaccinated","exposed"
"1032",8,0.954373171125655,"20-64","sector_41","unvaccinated","exposed"
"1033",9,1.08437782477144,"20-64","sector_41","unvaccinated","exposed"
"1034",10,1.22986224163973,"20-64","sector_41","unvaccinated","exposed"
"1035",0,0,"20-64","sector_42","unvaccinated","exposed"
"1036",1,0.277547022437519,"20-64","sector_42","unvaccinated","exposed"
"1037",2,0.460832777991846,"20-64","sector_42","unvaccinated","exposed"
"1038",3,0.598929166676962,"20-64","sector_42","unvaccinated","exposed"
"1039",4,0.718080731220924,"20-64","sector_42","unvaccinated","exposed"
"1040",5,0.832639083105591,"20-64","sector_42","unvaccinated","exposed"
"1041",6,0.950795094095447,"20-64","sector_42","unvaccinated","exposed"
"1042",7,1.07758919343901,"20-64","sector_42","unvaccinated","exposed"
"1043",8,1.21649789756735,"20-64","sector_42","unvaccinated","exposed"
"1044",9,1.37027609864763,"20-64","sector_42","unvaccinated","exposed"
"1045",10,1.5414107859045,"20-64","sector_42","unvaccinated","exposed"
"1046",0,0,"20-64","sector_43","unvaccinated","exposed"
"1047",1,0.0656137533769153,"20-64","sector_43","unvaccinated","exposed"
"1048",2,0.108671888193269,"20-64","sector_43","unvaccinated","exposed"
"1049",3,0.140694115035184,"20-64","sector_43","unvaccinated","exposed"
"1050",4,0.167896669296482,"20-64","sector_43","unvaccinated","exposed"
"1051",5,0.193706717857708,"20-64","sector_43","unvaccinated","exposed"
"1052",6,0.220090887338912,"20-64","sector_43","unvaccinated","exposed"
"1053",7,0.248259043222227,"20-64","sector_43","unvaccinated","exposed"
"1054",8,0.279038731769577,"20-64","sector_43","unvaccinated","exposed"
"1055",9,0.313075956386682,"20-64","sector_43","unvaccinated","exposed"
"1056",10,0.35094438247101,"20-64","sector_43","unvaccinated","exposed"
"1057",0,0,"20-64","sector_44","unvaccinated","exposed"
"1058",1,0.0475288155691467,"20-64","sector_44","unvaccinated","exposed"
"1059",2,0.0778336421123537,"20-64","sector_44","unvaccinated","exposed"
"1060",3,0.0995797504629028,"20-64","sector_44","unvaccinated","exposed"
"1061",4,0.117456644707631,"20-64","sector_44","unvaccinated","exposed"
"1062",5,0.134050965323109,"20-64","sector_44","unvaccinated","exposed"
"1063",6,0.150840401584033,"20-64","sector_44","unvaccinated","exposed"
"1064",7,0.168722608292055,"20-64","sector_44","unvaccinated","exposed"
"1065",8,0.188297901350188,"20-64","sector_44","unvaccinated","exposed"
"1066",9,0.210021480179753,"20-64","sector_44","unvaccinated","exposed"
"1067",10,0.234286475006128,"20-64","sector_44","unvaccinated","exposed"
"1068",0,0,"20-64","sector_45","unvaccinated","exposed"
"1069",1,0.00296403712484822,"20-64","sector_45","unvaccinated","exposed"
"1070",2,0.0048906662990856,"20-64","sector_45","unvaccinated","exposed"
"1071",3,0.00630295761950902,"20-64","sector_45","unvaccinated","exposed"
"1072",4,0.00748462534350377,"20-64","sector_45","unvaccinated","exposed"
"1073",5,0.00859298973775594,"20-64","sector_45","unvaccinated","exposed"
"1074",6,0.00971878740700336,"20-64","sector_45","unvaccinated","exposed"
"1075",7,0.0109179501633454,"20-64","sector_45","unvaccinated","exposed"
"1076",8,0.0122285829888498,"20-64","sector_45","unvaccinated","exposed"
"1077",9,0.0136801181823327,"20-64","sector_45","unvaccinated","exposed"
"1078",10,0.015298329273471,"20-64","sector_45","unvaccinated","exposed"
"1079",0,0.392449,"0-4","sector_00","unvaccinated","infect_symp"
"1080",1,0.309960901442151,"0-4","sector_00","unvaccinated","infect_symp"
"1081",2,0.26071670098734,"0-4","sector_00","unvaccinated","infect_symp"
"1082",3,0.232616541736289,"0-4","sector_00","unvaccinated","infect_symp"
"1083",4,0.218577239623877,"0-4","sector_00","unvaccinated","infect_symp"
"1084",5,0.214391973710473,"0-4","sector_00","unvaccinated","infect_symp"
"1085",6,0.217541129208978,"0-4","sector_00","unvaccinated","infect_symp"
"1086",7,0.226521708061037,"0-4","sector_00","unvaccinated","infect_symp"
"1087",8,0.240462883706219,"0-4","sector_00","unvaccinated","infect_symp"
"1088",9,0.258901790155306,"0-4","sector_00","unvaccinated","infect_symp"
"1089",10,0.281650670167685,"0-4","sector_00","unvaccinated","infect_symp"
"1090",0,1.1762039,"5-19","sector_00","unvaccinated","infect_symp"
"1091",1,0.896846050580976,"5-19","sector_00","unvaccinated","infect_symp"
"1092",2,0.770205596350988,"5-19","sector_00","unvaccinated","infect_symp"
"1093",3,0.729389406601485,"5-19","sector_00","unvaccinated","infect_symp"
"1094",4,0.738839609484919,"5-19","sector_00","unvaccinated","infect_symp"
"1095",5,0.779793229039119,"5-19","sector_00","unvaccinated","infect_symp"
"1096",6,0.842551572591237,"5-19","sector_00","unvaccinated","infect_symp"
"1097",7,0.922360255544972,"5-19","sector_00","unvaccinated","infect_symp"
"1098",8,1.01720898340211,"5-19","sector_00","unvaccinated","infect_symp"
"1099",9,1.12665556559303,"5-19","sector_00","unvaccinated","infect_symp"
"1100",10,1.25119897859324,"5-19","sector_00","unvaccinated","infect_symp"
"1101",0,0.6905937,"20-64","sector_00","unvaccinated","infect_symp"
"1102",1,0.550766360519421,"20-64","sector_00","unvaccinated","infect_symp"
"1103",2,0.475730967945742,"20-64","sector_00","unvaccinated","infect_symp"
"1104",3,0.440580145366076,"20-64","sector_00","unvaccinated","infect_symp"
"1105",4,0.431443691645217,"20-64","sector_00","unvaccinated","infect_symp"
"1106",5,0.440522733402508,"20-64","sector_00","unvaccinated","infect_symp"
"1107",6,0.463423416430945,"20-64","sector_00","unvaccinated","infect_symp"
"1108",7,0.497713655695176,"20-64","sector_00","unvaccinated","infect_symp"
"1109",8,0.542134124069916,"20-64","sector_00","unvaccinated","infect_symp"
"1110",9,0.596162000390494,"20-64","sector_00","unvaccinated","infect_symp"
"1111",10,0.659767115950671,"20-64","sector_00","unvaccinated","infect_symp"
"1112",0,1.2663012,"65+","sector_00","unvaccinated","infect_symp"
"1113",1,0.791006814454071,"65+","sector_00","unvaccinated","infect_symp"
"1114",2,0.528327395937733,"65+","sector_00","unvaccinated","infect_symp"
"1115",3,0.386051846017689,"65+","sector_00","unvaccinated","infect_symp"
"1116",4,0.312840986537398,"65+","sector_00","unvaccinated","infect_symp"
"1117",5,0.280037230204787,"65+","sector_00","unvaccinated","infect_symp"
"1118",6,0.271630320961527,"65+","sector_00","unvaccinated","infect_symp"
"1119",7,0.27870129440154,"65+","sector_00","unvaccinated","infect_symp"
"1120",8,0.296334566563253,"65+","sector_00","unvaccinated","infect_symp"
"1121",9,0.32189559213974,"65+","sector_00","unvaccinated","infect_symp"
"1122",10,0.354067390775031,"65+","sector_00","unvaccinated","infect_symp"
"1123",0,0.0390746,"20-64","sector_01","unvaccinated","infect_symp"
"1124",1,0.0316177433295571,"20-64","sector_01","unvaccinated","infect_symp"
"1125",2,0.02835771152869,"20-64","sector_01","unvaccinated","infect_symp"
"1126",3,0.0275447227235607,"20-64","sector_01","unvaccinated","infect_symp"
"1127",4,0.0282386127484279,"20-64","sector_01","unvaccinated","infect_symp"
"1128",5,0.029938537564483,"20-64","sector_01","unvaccinated","infect_symp"
"1129",6,0.0323846709239987,"20-64","sector_01","unvaccinated","infect_symp"
"1130",7,0.0354515807574656,"20-64","sector_01","unvaccinated","infect_symp"
"1131",8,0.0390906837782169,"20-64","sector_01","unvaccinated","infect_symp"
"1132",9,0.0432991165004946,"20-64","sector_01","unvaccinated","infect_symp"
"1133",10,0.0481029308777863,"20-64","sector_01","unvaccinated","infect_symp"
"1134",0,0.0016798,"20-64","sector_02","unvaccinated","infect_symp"
"1135",1,0.0013667347742808,"20-64","sector_02","unvaccinated","infect_symp"
"1136",2,0.00124326556669909,"20-64","sector_02","unvaccinated","infect_symp"
"1137",3,0.00122901737660731,"20-64","sector_02","unvaccinated","infect_symp"
"1138",4,0.001281258421049,"20-64","sector_02","unvaccinated","infect_symp"
"1139",5,0.00137755847321713,"20-64","sector_02","unvaccinated","infect_symp"
"1140",6,0.00150654287658008,"20-64","sector_02","unvaccinated","infect_symp"
"1141",7,0.00166294822774882,"20-64","sector_02","unvaccinated","infect_symp"
"1142",8,0.00184497211243347,"20-64","sector_02","unvaccinated","infect_symp"
"1143",9,0.00205285191553188,"20-64","sector_02","unvaccinated","infect_symp"
"1144",10,0.00228810636998377,"20-64","sector_02","unvaccinated","infect_symp"
"1145",0,0.0016596,"20-64","sector_03","unvaccinated","infect_symp"
"1146",1,0.00133865419182666,"20-64","sector_03","unvaccinated","infect_symp"
"1147",2,0.00119098012383211,"20-64","sector_03","unvaccinated","infect_symp"
"1148",3,0.00114520193497977,"20-64","sector_03","unvaccinated","infect_symp"
"1149",4,0.0011625786678523,"20-64","sector_03","unvaccinated","infect_symp"
"1150",5,0.00122220882594225,"20-64","sector_03","unvaccinated","infect_symp"
"1151",6,0.001313061362408,"20-64","sector_03","unvaccinated","infect_symp"
"1152",7,0.00142966043473923,"20-64","sector_03","unvaccinated","infect_symp"
"1153",8,0.00156973636046661,"20-64","sector_03","unvaccinated","infect_symp"
"1154",9,0.00173294173969335,"20-64","sector_03","unvaccinated","infect_symp"
"1155",10,0.00192014969920212,"20-64","sector_03","unvaccinated","infect_symp"
"1156",0,0.0022631,"20-64","sector_04","unvaccinated","infect_symp"
"1157",1,0.00185387220692473,"20-64","sector_04","unvaccinated","infect_symp"
"1158",2,0.00171248400688399,"20-64","sector_04","unvaccinated","infect_symp"
"1159",3,0.00172001049388113,"20-64","sector_04","unvaccinated","infect_symp"
"1160",4,0.00181474726461454,"20-64","sector_04","unvaccinated","infect_symp"
"1161",5,0.00196540930798727,"20-64","sector_04","unvaccinated","infect_symp"
"1162",6,0.00215694315866069,"20-64","sector_04","unvaccinated","infect_symp"
"1163",7,0.00238302365577797,"20-64","sector_04","unvaccinated","infect_symp"
"1164",8,0.00264209666545209,"20-64","sector_04","unvaccinated","infect_symp"
"1165",9,0.00293530486398085,"20-64","sector_04","unvaccinated","infect_symp"
"1166",10,0.00326541537869972,"20-64","sector_04","unvaccinated","infect_symp"
"1167",0,0.0024643,"20-64","sector_05","unvaccinated","infect_symp"
"1168",1,0.00200253132119123,"20-64","sector_05","unvaccinated","infect_symp"
"1169",2,0.00181555986030585,"20-64","sector_05","unvaccinated","infect_symp"
"1170",3,0.00178698453342901,"20-64","sector_05","unvaccinated","infect_symp"
"1171",4,0.00185486546124911,"20-64","sector_05","unvaccinated","infect_symp"
"1172",5,0.0019866541357264,"20-64","sector_05","unvaccinated","infect_symp"
"1173",6,0.0021658137962488,"20-64","sector_05","unvaccinated","infect_symp"
"1174",7,0.00238465856304517,"20-64","sector_05","unvaccinated","infect_symp"
"1175",8,0.00264051244497485,"20-64","sector_05","unvaccinated","infect_symp"
"1176",9,0.00293364859345589,"20-64","sector_05","unvaccinated","infect_symp"
"1177",10,0.00326618913614453,"20-64","sector_05","unvaccinated","infect_symp"
"1178",0,0.043319,"20-64","sector_06","unvaccinated","infect_symp"
"1179",1,0.0354498817125557,"20-64","sector_06","unvaccinated","infect_symp"
"1180",2,0.032716731622228,"20-64","sector_06","unvaccinated","infect_symp"
"1181",3,0.0329062569485634,"20-64","sector_06","unvaccinated","infect_symp"
"1182",4,0.0348559018885302,"20-64","sector_06","unvaccinated","infect_symp"
"1183",5,0.0379656723366898,"20-64","sector_06","unvaccinated","infect_symp"
"1184",6,0.0419391984322785,"20-64","sector_06","unvaccinated","infect_symp"
"1185",7,0.046646179039497,"20-64","sector_06","unvaccinated","infect_symp"
"1186",8,0.0520492707404818,"20-64","sector_06","unvaccinated","infect_symp"
"1187",9,0.0581653095247813,"20-64","sector_06","unvaccinated","infect_symp"
"1188",10,0.0650449145551695,"20-64","sector_06","unvaccinated","infect_symp"
"1189",0,0.0105608,"20-64","sector_07","unvaccinated","infect_symp"
"1190",1,0.00864547078528661,"20-64","sector_07","unvaccinated","infect_symp"
"1191",2,0.0079836837496673,"20-64","sector_07","unvaccinated","infect_symp"
"1192",3,0.00802946676341208,"20-64","sector_07","unvaccinated","infect_symp"
"1193",4,0.00849492772742273,"20-64","sector_07","unvaccinated","infect_symp"
"1194",5,0.00923124814543241,"20-64","sector_07","unvaccinated","infect_symp"
"1195",6,0.0101650511680994,"20-64","sector_07","unvaccinated","infect_symp"
"1196",7,0.0112643191838623,"20-64","sector_07","unvaccinated","infect_symp"
"1197",8,0.0125201318949946,"20-64","sector_07","unvaccinated","infect_symp"
"1198",9,0.0139369069397368,"20-64","sector_07","unvaccinated","infect_symp"
"1199",10,0.0155272329909821,"20-64","sector_07","unvaccinated","infect_symp"
"1200",0,0.007815,"20-64","sector_08","unvaccinated","infect_symp"
"1201",1,0.00635527305423112,"20-64","sector_08","unvaccinated","infect_symp"
"1202",2,0.0057668161733912,"20-64","sector_08","unvaccinated","infect_symp"
"1203",3,0.00567292084142792,"20-64","sector_08","unvaccinated","infect_symp"
"1204",4,0.00587479366227957,"20-64","sector_08","unvaccinated","infect_symp"
"1205",5,0.00626920494111451,"20-64","sector_08","unvaccinated","infect_symp"
"1206",6,0.0068045900773326,"20-64","sector_08","unvaccinated","infect_symp"
"1207",7,0.00745762155229156,"20-64","sector_08","unvaccinated","infect_symp"
"1208",8,0.00822070520891473,"20-64","sector_08","unvaccinated","infect_symp"
"1209",9,0.00909532358448603,"20-64","sector_08","unvaccinated","infect_symp"
"1210",10,0.0100885218249631,"20-64","sector_08","unvaccinated","infect_symp"
"1211",0,0.0161428,"20-64","sector_09","unvaccinated","infect_symp"
"1212",1,0.0131764892514242,"20-64","sector_09","unvaccinated","infect_symp"
"1213",2,0.0120805328028644,"20-64","sector_09","unvaccinated","infect_symp"
"1214",3,0.0120518489145037,"20-64","sector_09","unvaccinated","infect_symp"
"1215",4,0.0126673634295222,"20-64","sector_09","unvaccinated","infect_symp"
"1216",5,0.0137078311937444,"20-64","sector_09","unvaccinated","infect_symp"
"1217",6,0.01506421842646,"20-64","sector_09","unvaccinated","infect_symp"
"1218",7,0.016687875891881,"20-64","sector_09","unvaccinated","infect_symp"
"1219",8,0.0185640019092513,"20-64","sector_09","unvaccinated","infect_symp"
"1220",9,0.0206975346936208,"20-64","sector_09","unvaccinated","infect_symp"
"1221",10,0.0231057111581899,"20-64","sector_09","unvaccinated","infect_symp"
"1222",0,0.0009858,"20-64","sector_10","unvaccinated","infect_symp"
"1223",1,0.000804341101738111,"20-64","sector_10","unvaccinated","infect_symp"
"1224",2,0.000736876174493735,"20-64","sector_10","unvaccinated","infect_symp"
"1225",3,0.000734666343207044,"20-64","sector_10","unvaccinated","infect_symp"
"1226",4,0.000771952512090738,"20-64","sector_10","unvaccinated","infect_symp"
"1227",5,0.000835325552512449,"20-64","sector_10","unvaccinated","infect_symp"
"1228",6,0.00091807251660326,"20-64","sector_10","unvaccinated","infect_symp"
"1229",7,0.00101716269035496,"20-64","sector_10","unvaccinated","infect_symp"
"1230",8,0.00113163856937474,"20-64","sector_10","unvaccinated","infect_symp"
"1231",9,0.00126175756141816,"20-64","sector_10","unvaccinated","infect_symp"
"1232",10,0.00140853714107715,"20-64","sector_10","unvaccinated","infect_symp"
"1233",0,0.0102389,"20-64","sector_11","unvaccinated","infect_symp"
"1234",1,0.00836277682888974,"20-64","sector_11","unvaccinated","infect_symp"
"1235",2,0.00767898104938054,"20-64","sector_11","unvaccinated","infect_symp"
"1236",3,0.00767165357979668,"20-64","sector_11","unvaccinated","infect_symp"
"1237",4,0.00806760359298169,"20-64","sector_11","unvaccinated","infect_symp"
"1238",5,0.00872473540210157,"20-64","sector_11","unvaccinated","infect_symp"
"1239",6,0.00957229242056789,"20-64","sector_11","unvaccinated","infect_symp"
"1240",7,0.0105787804649618,"20-64","sector_11","unvaccinated","infect_symp"
"1241",8,0.011734730719441,"20-64","sector_11","unvaccinated","infect_symp"
"1242",9,0.0130434527584165,"20-64","sector_11","unvaccinated","infect_symp"
"1243",10,0.0145161135678876,"20-64","sector_11","unvaccinated","infect_symp"
"1244",0,0.0047675,"20-64","sector_12","unvaccinated","infect_symp"
"1245",1,0.00391218780422091,"20-64","sector_12","unvaccinated","infect_symp"
"1246",2,0.00362897812818875,"20-64","sector_12","unvaccinated","infect_symp"
"1247",3,0.00366250209693098,"20-64","sector_12","unvaccinated","infect_symp"
"1248",4,0.00388077787045268,"20-64","sector_12","unvaccinated","infect_symp"
"1249",5,0.00421725416888786,"20-64","sector_12","unvaccinated","infect_symp"
"1250",6,0.00464018552852466,"20-64","sector_12","unvaccinated","infect_symp"
"1251",7,0.00513647380040736,"20-64","sector_12","unvaccinated","infect_symp"
"1252",8,0.00570317097129014,"20-64","sector_12","unvaccinated","infect_symp"
"1253",9,0.00634304211018112,"20-64","sector_12","unvaccinated","infect_symp"
"1254",10,0.00706228290853913,"20-64","sector_12","unvaccinated","infect_symp"
"1255",0,0.0168469,"20-64","sector_13","unvaccinated","infect_symp"
"1256",1,0.0137385928740744,"20-64","sector_13","unvaccinated","infect_symp"
"1257",2,0.0125670390761661,"20-64","sector_13","unvaccinated","infect_symp"
"1258",3,0.0125027735934959,"20-64","sector_13","unvaccinated","infect_symp"
"1259",4,0.0131079202703948,"20-64","sector_13","unvaccinated","infect_symp"
"1260",5,0.0141549150548485,"20-64","sector_13","unvaccinated","infect_symp"
"1261",6,0.0155300877294331,"20-64","sector_13","unvaccinated","infect_symp"
"1262",7,0.017182282990743,"20-64","sector_13","unvaccinated","infect_symp"
"1263",8,0.0190954554534272,"20-64","sector_13","unvaccinated","infect_symp"
"1264",9,0.0212740724449416,"20-64","sector_13","unvaccinated","infect_symp"
"1265",10,0.0237353951160689,"20-64","sector_13","unvaccinated","infect_symp"
"1266",0,0.0094846,"20-64","sector_14","unvaccinated","infect_symp"
"1267",1,0.00774230976787285,"20-64","sector_14","unvaccinated","infect_symp"
"1268",2,0.00710108739139726,"20-64","sector_14","unvaccinated","infect_symp"
"1269",3,0.00708955331689033,"20-64","sector_14","unvaccinated","infect_symp"
"1270",4,0.00745881755984022,"20-64","sector_14","unvaccinated","infect_symp"
"1271",5,0.00807949251202875,"20-64","sector_14","unvaccinated","infect_symp"
"1272",6,0.00888693880099646,"20-64","sector_14","unvaccinated","infect_symp"
"1273",7,0.00985209214896458,"20-64","sector_14","unvaccinated","infect_symp"
"1274",8,0.0109658995633218,"20-64","sector_14","unvaccinated","infect_symp"
"1275",9,0.0122310244377807,"20-64","sector_14","unvaccinated","infect_symp"
"1276",10,0.0136574558595506,"20-64","sector_14","unvaccinated","infect_symp"
"1277",0,0.0067388,"20-64","sector_15","unvaccinated","infect_symp"
"1278",1,0.00550550933667765,"20-64","sector_15","unvaccinated","infect_symp"
"1279",2,0.00505874455774128,"20-64","sector_15","unvaccinated","infect_symp"
"1280",3,0.00505793625882582,"20-64","sector_15","unvaccinated","infect_symp"
"1281",4,0.00532281673095716,"20-64","sector_15","unvaccinated","infect_symp"
"1282",5,0.00575969183478521,"20-64","sector_15","unvaccinated","infect_symp"
"1283",6,0.00632196129396521,"20-64","sector_15","unvaccinated","infect_symp"
"1284",7,0.0069889315637264,"20-64","sector_15","unvaccinated","infect_symp"
"1285",8,0.0077544343396429,"20-64","sector_15","unvaccinated","infect_symp"
"1286",9,0.00862072357648296,"20-64","sector_15","unvaccinated","infect_symp"
"1287",10,0.0095952296260484,"20-64","sector_15","unvaccinated","infect_symp"
"1288",0,0.0317022,"20-64","sector_16","unvaccinated","infect_symp"
"1289",1,0.0258877947765475,"20-64","sector_16","unvaccinated","infect_symp"
"1290",2,0.0237308003276575,"20-64","sector_16","unvaccinated","infect_symp"
"1291",3,0.0236243814193641,"20-64","sector_16","unvaccinated","infect_symp"
"1292",4,0.0247287977418989,"20-64","sector_16","unvaccinated","infect_symp"
"1293",5,0.0266139534381152,"20-64","sector_16","unvaccinated","infect_symp"
"1294",6,0.0290695719640369,"20-64","sector_16","unvaccinated","infect_symp"
"1295",7,0.0320043974271309,"20-64","sector_16","unvaccinated","infect_symp"
"1296",8,0.0353927533246799,"20-64","sector_16","unvaccinated","infect_symp"
"1297",9,0.0392463402244816,"20-64","sector_16","unvaccinated","infect_symp"
"1298",10,0.0435995225558576,"20-64","sector_16","unvaccinated","infect_symp"
"1299",0,0.0117979,"20-64","sector_17","unvaccinated","infect_symp"
"1300",1,0.00964737144989355,"20-64","sector_17","unvaccinated","infect_symp"
"1301",2,0.00888476281612215,"20-64","sector_17","unvaccinated","infect_symp"
"1302",3,0.00891132937467014,"20-64","sector_17","unvaccinated","infect_symp"
"1303",4,0.00941292294402146,"20-64","sector_17","unvaccinated","infect_symp"
"1304",5,0.0102276553964933,"20-64","sector_17","unvaccinated","infect_symp"
"1305",6,0.0112757141528094,"20-64","sector_17","unvaccinated","infect_symp"
"1306",7,0.012522097689608,"20-64","sector_17","unvaccinated","infect_symp"
"1307",8,0.0139568291194659,"20-64","sector_17","unvaccinated","infect_symp"
"1308",9,0.0155844776105278,"20-64","sector_17","unvaccinated","infect_symp"
"1309",10,0.0174186590735192,"20-64","sector_17","unvaccinated","infect_symp"
"1310",0,0.0081972,"20-64","sector_18","unvaccinated","infect_symp"
"1311",1,0.00672495533686109,"20-64","sector_18","unvaccinated","infect_symp"
"1312",2,0.00624502461821977,"20-64","sector_18","unvaccinated","infect_symp"
"1313",3,0.00632725650518773,"20-64","sector_18","unvaccinated","infect_symp"
"1314",4,0.00674688248367814,"20-64","sector_18","unvaccinated","infect_symp"
"1315",5,0.00738873602560782,"20-64","sector_18","unvaccinated","infect_symp"
"1316",6,0.00819657430532671,"20-64","sector_18","unvaccinated","infect_symp"
"1317",7,0.00914623934226616,"20-64","sector_18","unvaccinated","infect_symp"
"1318",8,0.0102314482102419,"20-64","sector_18","unvaccinated","infect_symp"
"1319",9,0.011456293140374,"20-64","sector_18","unvaccinated","infect_symp"
"1320",10,0.0128313222969025,"20-64","sector_18","unvaccinated","infect_symp"
"1321",0,0.0190898,"20-64","sector_19","unvaccinated","infect_symp"
"1322",1,0.0156407479007376,"20-64","sector_19","unvaccinated","infect_symp"
"1323",2,0.0144733832077502,"20-64","sector_19","unvaccinated","infect_symp"
"1324",3,0.0145916544682159,"20-64","sector_19","unvaccinated","infect_symp"
"1325",4,0.0154711688121076,"20-64","sector_19","unvaccinated","infect_symp"
"1326",5,0.0168414627915581,"20-64","sector_19","unvaccinated","infect_symp"
"1327",6,0.0185696585806729,"20-64","sector_19","unvaccinated","infect_symp"
"1328",7,0.0205982002997238,"20-64","sector_19","unvaccinated","infect_symp"
"1329",8,0.0229115284218764,"20-64","sector_19","unvaccinated","infect_symp"
"1330",9,0.0255182955782287,"20-64","sector_19","unvaccinated","infect_symp"
"1331",10,0.0284419690824875,"20-64","sector_19","unvaccinated","infect_symp"
"1332",0,0.0163541,"20-64","sector_20","unvaccinated","infect_symp"
"1333",1,0.013418937605024,"20-64","sector_20","unvaccinated","infect_symp"
"1334",2,0.0124449288185824,"20-64","sector_20","unvaccinated","infect_symp"
"1335",3,0.0125568983395404,"20-64","sector_20","unvaccinated","infect_symp"
"1336",4,0.0133024431475033,"20-64","sector_20","unvaccinated","infect_symp"
"1337",5,0.0144533789926634,"20-64","sector_20","unvaccinated","infect_symp"
"1338",6,0.0159008131752581,"20-64","sector_20","unvaccinated","infect_symp"
"1339",7,0.0175997754700289,"20-64","sector_20","unvaccinated","infect_symp"
"1340",8,0.019540097226511,"20-64","sector_20","unvaccinated","infect_symp"
"1341",9,0.0217312021635031,"20-64","sector_20","unvaccinated","infect_symp"
"1342",10,0.0241942806587892,"20-64","sector_20","unvaccinated","infect_symp"
"1343",0,0.0136686,"20-64","sector_21","unvaccinated","infect_symp"
"1344",1,0.0111242318644928,"20-64","sector_21","unvaccinated","infect_symp"
"1345",2,0.0101242742792018,"20-64","sector_21","unvaccinated","infect_symp"
"1346",3,0.0100112821032929,"20-64","sector_21","unvaccinated","infect_symp"
"1347",4,0.0104366097239763,"20-64","sector_21","unvaccinated","infect_symp"
"1348",5,0.0112179222023384,"20-64","sector_21","unvaccinated","infect_symp"
"1349",6,0.0122632565549827,"20-64","sector_21","unvaccinated","infect_symp"
"1350",7,0.0135304529017283,"20-64","sector_21","unvaccinated","infect_symp"
"1351",8,0.0150054451972732,"20-64","sector_21","unvaccinated","infect_symp"
"1352",9,0.0166906495872445,"20-64","sector_21","unvaccinated","infect_symp"
"1353",10,0.0185987904944653,"20-64","sector_21","unvaccinated","infect_symp"
"1354",0,0.0311491,"20-64","sector_22","unvaccinated","infect_symp"
"1355",1,0.0255221278879448,"20-64","sector_22","unvaccinated","infect_symp"
"1356",2,0.0236263920142052,"20-64","sector_22","unvaccinated","infect_symp"
"1357",3,0.0238491529159023,"20-64","sector_22","unvaccinated","infect_symp"
"1358",4,0.0253454691969055,"20-64","sector_22","unvaccinated","infect_symp"
"1359",5,0.0276808178565557,"20-64","sector_22","unvaccinated","infect_symp"
"1360",6,0.0306417612065134,"20-64","sector_22","unvaccinated","infect_symp"
"1361",7,0.0341355185336874,"20-64","sector_22","unvaccinated","infect_symp"
"1362",8,0.0381366891104698,"20-64","sector_22","unvaccinated","infect_symp"
"1363",9,0.0426590619408966,"20-64","sector_22","unvaccinated","infect_symp"
"1364",10,0.0477408355469397,"20-64","sector_22","unvaccinated","infect_symp"
"1365",0,0.0147247,"20-64","sector_23","unvaccinated","infect_symp"
"1366",1,0.0120657855727826,"20-64","sector_23","unvaccinated","infect_symp"
"1367",2,0.0111685972080897,"20-64","sector_23","unvaccinated","infect_symp"
"1368",3,0.0112638171264433,"20-64","sector_23","unvaccinated","infect_symp"
"1369",4,0.0119465140684442,"20-64","sector_23","unvaccinated","infect_symp"
"1370",5,0.0130079067719742,"20-64","sector_23","unvaccinated","infect_symp"
"1371",6,0.0143454751277143,"20-64","sector_23","unvaccinated","infect_symp"
"1372",7,0.0159148603197485,"20-64","sector_23","unvaccinated","infect_symp"
"1373",8,0.0177041242910488,"20-64","sector_23","unvaccinated","infect_symp"
"1374",9,0.0197200161775194,"20-64","sector_23","unvaccinated","infect_symp"
"1375",10,0.0219807172821711,"20-64","sector_23","unvaccinated","infect_symp"
"1376",0,0.0191702,"20-64","sector_24","unvaccinated","infect_symp"
"1377",1,0.0157217111024844,"20-64","sector_24","unvaccinated","infect_symp"
"1378",2,0.014562894197174,"20-64","sector_24","unvaccinated","infect_symp"
"1379",3,0.0146735031587538,"20-64","sector_24","unvaccinated","infect_symp"
"1380",4,0.0155255472959185,"20-64","sector_24","unvaccinated","infect_symp"
"1381",5,0.0168522953648903,"20-64","sector_24","unvaccinated","infect_symp"
"1382",6,0.0185261385771065,"20-64","sector_24","unvaccinated","infect_symp"
"1383",7,0.0204940966134283,"20-64","sector_24","unvaccinated","infect_symp"
"1384",8,0.0227438685846041,"20-64","sector_24","unvaccinated","infect_symp"
"1385",9,0.0252860827561791,"20-64","sector_24","unvaccinated","infect_symp"
"1386",10,0.0281451500522353,"20-64","sector_24","unvaccinated","infect_symp"
"1387",0,0.2326569,"20-64","sector_25","unvaccinated","infect_symp"
"1388",1,0.188481343373203,"20-64","sector_25","unvaccinated","infect_symp"
"1389",2,0.169559768239342,"20-64","sector_25","unvaccinated","infect_symp"
"1390",3,0.16531314364132,"20-64","sector_25","unvaccinated","infect_symp"
"1391",4,0.170072758813627,"20-64","sector_25","unvaccinated","infect_symp"
"1392",5,0.180830443762567,"20-64","sector_25","unvaccinated","infect_symp"
"1393",6,0.196034811459977,"20-64","sector_25","unvaccinated","infect_symp"
"1394",7,0.21494479920515,"20-64","sector_25","unvaccinated","infect_symp"
"1395",8,0.237281345853964,"20-64","sector_25","unvaccinated","infect_symp"
"1396",9,0.263039388863472,"20-64","sector_25","unvaccinated","infect_symp"
"1397",10,0.292386684340039,"20-64","sector_25","unvaccinated","infect_symp"
"1398",0,0.4819794,"20-64","sector_26","unvaccinated","infect_symp"
"1399",1,0.400630808887986,"20-64","sector_26","unvaccinated","infect_symp"
"1400",2,0.384047691431206,"20-64","sector_26","unvaccinated","infect_symp"
"1401",3,0.403566946735605,"20-64","sector_26","unvaccinated","infect_symp"
"1402",4,0.444618802694642,"20-64","sector_26","unvaccinated","infect_symp"
"1403",5,0.500021899452697,"20-64","sector_26","unvaccinated","infect_symp"
"1404",6,0.566486990254165,"20-64","sector_26","unvaccinated","infect_symp"
"1405",7,0.642797666747222,"20-64","sector_26","unvaccinated","infect_symp"
"1406",8,0.728867708922645,"20-64","sector_26","unvaccinated","infect_symp"
"1407",9,0.825256862399893,"20-64","sector_26","unvaccinated","infect_symp"
"1408",10,0.932926717692341,"20-64","sector_26","unvaccinated","infect_symp"
"1409",0,0.0787224,"20-64","sector_27","unvaccinated","infect_symp"
"1410",1,0.0647661664445618,"20-64","sector_27","unvaccinated","infect_symp"
"1411",2,0.06054141035452,"20-64","sector_27","unvaccinated","infect_symp"
"1412",3,0.0617566114729068,"20-64","sector_27","unvaccinated","infect_symp"
"1413",4,0.0661698066111191,"20-64","sector_27","unvaccinated","infect_symp"
"1414",5,0.0726372679091238,"20-64","sector_27","unvaccinated","infect_symp"
"1415",6,0.0806068881166006,"20-64","sector_27","unvaccinated","infect_symp"
"1416",7,0.0898482323000911,"20-64","sector_27","unvaccinated","infect_symp"
"1417",8,0.10030885431591,"20-64","sector_27","unvaccinated","infect_symp"
"1418",9,0.112038169697848,"20-64","sector_27","unvaccinated","infect_symp"
"1419",10,0.125147612633828,"20-64","sector_27","unvaccinated","infect_symp"
"1420",0,0.0014887,"20-64","sector_28","unvaccinated","infect_symp"
"1421",1,0.00121181939531611,"20-64","sector_28","unvaccinated","infect_symp"
"1422",2,0.00110226884002364,"20-64","sector_28","unvaccinated","infect_symp"
"1423",3,0.00108740999158765,"20-64","sector_28","unvaccinated","infect_symp"
"1424",4,0.00112899993871964,"20-64","sector_28","unvaccinated","infect_symp"
"1425",5,0.00120724554187503,"20-64","sector_28","unvaccinated","infect_symp"
"1426",6,0.00131231058956647,"20-64","sector_28","unvaccinated","infect_symp"
"1427",7,0.00143978850953684,"20-64","sector_28","unvaccinated","infect_symp"
"1428",8,0.00158828983487216,"20-64","sector_28","unvaccinated","infect_symp"
"1429",9,0.00175816046914774,"20-64","sector_28","unvaccinated","infect_symp"
"1430",10,0.00195080693551526,"20-64","sector_28","unvaccinated","infect_symp"
"1431",0,0.0078452,"20-64","sector_29","unvaccinated","infect_symp"
"1432",1,0.00642740999828878,"20-64","sector_29","unvaccinated","infect_symp"
"1433",2,0.00594735835158189,"20-64","sector_29","unvaccinated","infect_symp"
"1434",3,0.00599868013804903,"20-64","sector_29","unvaccinated","infect_symp"
"1435",4,0.00636908037817765,"20-64","sector_29","unvaccinated","infect_symp"
"1436",5,0.00694980537585292,"20-64","sector_29","unvaccinated","infect_symp"
"1437",6,0.00768773389974796,"20-64","sector_29","unvaccinated","infect_symp"
"1438",7,0.00856000721364397,"20-64","sector_29","unvaccinated","infect_symp"
"1439",8,0.00956060245020846,"20-64","sector_29","unvaccinated","infect_symp"
"1440",9,0.0106932513878125,"20-64","sector_29","unvaccinated","infect_symp"
"1441",10,0.0119677441047939,"20-64","sector_29","unvaccinated","infect_symp"
"1442",0,0.0408347,"20-64","sector_30","unvaccinated","infect_symp"
"1443",1,0.0336942855202896,"20-64","sector_30","unvaccinated","infect_symp"
"1444",2,0.0317340178922606,"20-64","sector_30","unvaccinated","infect_symp"
"1445",3,0.0326834138429414,"20-64","sector_30","unvaccinated","infect_symp"
"1446",4,0.0353702334300649,"20-64","sector_30","unvaccinated","infect_symp"
"1447",5,0.0392038052979981,"20-64","sector_30","unvaccinated","infect_symp"
"1448",6,0.0439033195245287,"20-64","sector_30","unvaccinated","infect_symp"
"1449",7,0.0493550077962738,"20-64","sector_30","unvaccinated","infect_symp"
"1450",8,0.0555372244374717,"20-64","sector_30","unvaccinated","infect_symp"
"1451",9,0.0624813630423504,"20-64","sector_30","unvaccinated","infect_symp"
"1452",10,0.0702517440291529,"20-64","sector_30","unvaccinated","infect_symp"
"1453",0,0.0272165,"20-64","sector_31","unvaccinated","infect_symp"
"1454",1,0.022560798226864,"20-64","sector_31","unvaccinated","infect_symp"
"1455",2,0.0214758038465623,"20-64","sector_31","unvaccinated","infect_symp"
"1456",3,0.0223643621026803,"20-64","sector_31","unvaccinated","infect_symp"
"1457",4,0.0244038144539788,"20-64","sector_31","unvaccinated","infect_symp"
"1458",5,0.0271827768759712,"20-64","sector_31","unvaccinated","infect_symp"
"1459",6,0.0305090702595177,"20-64","sector_31","unvaccinated","infect_symp"
"1460",7,0.0343082644236453,"20-64","sector_31","unvaccinated","infect_symp"
"1461",8,0.0385702589420606,"20-64","sector_31","unvaccinated","infect_symp"
"1462",9,0.0433213666660341,"20-64","sector_31","unvaccinated","infect_symp"
"1463",10,0.0486099665826437,"20-64","sector_31","unvaccinated","infect_symp"
"1464",0,0.2197225,"20-64","sector_32","unvaccinated","infect_symp"
"1465",1,0.183222294036489,"20-64","sector_32","unvaccinated","infect_symp"
"1466",2,0.17652799688779,"20-64","sector_32","unvaccinated","infect_symp"
"1467",3,0.185876336677129,"20-64","sector_32","unvaccinated","infect_symp"
"1468",4,0.204402883866965,"20-64","sector_32","unvaccinated","infect_symp"
"1469",5,0.228816202653295,"20-64","sector_32","unvaccinated","infect_symp"
"1470",6,0.257673402211963,"20-64","sector_32","unvaccinated","infect_symp"
"1471",7,0.290490987897166,"20-64","sector_32","unvaccinated","infect_symp"
"1472",8,0.327290383856467,"20-64","sector_32","unvaccinated","infect_symp"
"1473",9,0.368369002554756,"20-64","sector_32","unvaccinated","infect_symp"
"1474",10,0.414188019853354,"20-64","sector_32","unvaccinated","infect_symp"
"1475",0,0.0354739,"20-64","sector_33","unvaccinated","infect_symp"
"1476",1,0.02909871971091,"20-64","sector_33","unvaccinated","infect_symp"
"1477",2,0.0270070882458227,"20-64","sector_33","unvaccinated","infect_symp"
"1478",3,0.0273377984540027,"20-64","sector_33","unvaccinated","infect_symp"
"1479",4,0.0291212123659706,"20-64","sector_33","unvaccinated","infect_symp"
"1480",5,0.0318625100459416,"20-64","sector_33","unvaccinated","infect_symp"
"1481",6,0.0353214551319272,"20-64","sector_33","unvaccinated","infect_symp"
"1482",7,0.0393959739770725,"20-64","sector_33","unvaccinated","infect_symp"
"1483",8,0.0440606743066503,"20-64","sector_33","unvaccinated","infect_symp"
"1484",9,0.0493345071766289,"20-64","sector_33","unvaccinated","infect_symp"
"1485",10,0.0552639460403822,"20-64","sector_33","unvaccinated","infect_symp"
"1486",0,0.0215037,"20-64","sector_34","unvaccinated","infect_symp"
"1487",1,0.0176188613139009,"20-64","sector_34","unvaccinated","infect_symp"
"1488",2,0.0163095398689165,"20-64","sector_34","unvaccinated","infect_symp"
"1489",3,0.0164625692637168,"20-64","sector_34","unvaccinated","infect_symp"
"1490",4,0.0174947240578278,"20-64","sector_34","unvaccinated","infect_symp"
"1491",5,0.0191060589291804,"20-64","sector_34","unvaccinated","infect_symp"
"1492",6,0.0211492303574365,"20-64","sector_34","unvaccinated","infect_symp"
"1493",7,0.0235601793305254,"20-64","sector_34","unvaccinated","infect_symp"
"1494",8,0.0263213578070522,"20-64","sector_34","unvaccinated","infect_symp"
"1495",9,0.0294422702791011,"20-64","sector_34","unvaccinated","infect_symp"
"1496",10,0.0329492712601707,"20-64","sector_34","unvaccinated","infect_symp"
"1497",0,0.0823935,"20-64","sector_35","unvaccinated","infect_symp"
"1498",1,0.0673124552445798,"20-64","sector_35","unvaccinated","infect_symp"
"1499",2,0.061845738212027,"20-64","sector_35","unvaccinated","infect_symp"
"1500",3,0.0618306601458966,"20-64","sector_35","unvaccinated","infect_symp"
"1501",4,0.0650637375397879,"20-64","sector_35","unvaccinated","infect_symp"
"1502",5,0.0703996205823723,"20-64","sector_35","unvaccinated","infect_symp"
"1503",6,0.077268580540766,"20-64","sector_35","unvaccinated","infect_symp"
"1504",7,0.0854175581869092,"20-64","sector_35","unvaccinated","infect_symp"
"1505",8,0.0947710529365561,"20-64","sector_35","unvaccinated","infect_symp"
"1506",9,0.105356525311565,"20-64","sector_35","unvaccinated","infect_symp"
"1507",10,0.117264719791141,"20-64","sector_35","unvaccinated","infect_symp"
"1508",0,0.1061198,"20-64","sector_36","unvaccinated","infect_symp"
"1509",1,0.0873490965767835,"20-64","sector_36","unvaccinated","infect_symp"
"1510",2,0.081624776475117,"20-64","sector_36","unvaccinated","infect_symp"
"1511",3,0.0830736460758674,"20-64","sector_36","unvaccinated","infect_symp"
"1512",4,0.0886810022999054,"20-64","sector_36","unvaccinated","infect_symp"
"1513",5,0.0969412028219284,"20-64","sector_36","unvaccinated","infect_symp"
"1514",6,0.107147009418728,"20-64","sector_36","unvaccinated","infect_symp"
"1515",7,0.119016196483578,"20-64","sector_36","unvaccinated","infect_symp"
"1516",8,0.132496230736831,"20-64","sector_36","unvaccinated","infect_symp"
"1517",9,0.14766296373177,"20-64","sector_36","unvaccinated","infect_symp"
"1518",10,0.164668982603426,"20-64","sector_36","unvaccinated","infect_symp"
"1519",0,0.05394,"20-64","sector_37","unvaccinated","infect_symp"
"1520",1,0.0445054167088524,"20-64","sector_37","unvaccinated","infect_symp"
"1521",2,0.041901227670001,"20-64","sector_37","unvaccinated","infect_symp"
"1522",3,0.0431289057748603,"20-64","sector_37","unvaccinated","infect_symp"
"1523",4,0.0466471609254577,"20-64","sector_37","unvaccinated","infect_symp"
"1524",5,0.0516840054685809,"20-64","sector_37","unvaccinated","infect_symp"
"1525",6,0.0578758324878108,"20-64","sector_37","unvaccinated","infect_symp"
"1526",7,0.065078278278063,"20-64","sector_37","unvaccinated","infect_symp"
"1527",8,0.0732673918146157,"20-64","sector_37","unvaccinated","infect_symp"
"1528",9,0.0824883328851608,"20-64","sector_37","unvaccinated","infect_symp"
"1529",10,0.0928291437667542,"20-64","sector_37","unvaccinated","infect_symp"
"1530",0,0.2657872,"20-64","sector_38","unvaccinated","infect_symp"
"1531",1,0.218553298189734,"20-64","sector_38","unvaccinated","infect_symp"
"1532",2,0.204107238398055,"20-64","sector_38","unvaccinated","infect_symp"
"1533",3,0.208167444121379,"20-64","sector_38","unvaccinated","infect_symp"
"1534",4,0.22330693259711,"20-64","sector_38","unvaccinated","infect_symp"
"1535",5,0.24574549701883,"20-64","sector_38","unvaccinated","infect_symp"
"1536",6,0.273656464466562,"20-64","sector_38","unvaccinated","infect_symp"
"1537",7,0.306272593929975,"20-64","sector_38","unvaccinated","infect_symp"
"1538",8,0.343414417065252,"20-64","sector_38","unvaccinated","infect_symp"
"1539",9,0.385242441549515,"20-64","sector_38","unvaccinated","infect_symp"
"1540",10,0.43212844223413,"20-64","sector_38","unvaccinated","infect_symp"
"1541",0,0.2760964,"20-64","sector_39","unvaccinated","infect_symp"
"1542",1,0.227984977454009,"20-64","sector_39","unvaccinated","infect_symp"
"1543",2,0.215019302413893,"20-64","sector_39","unvaccinated","infect_symp"
"1544",3,0.221582547443652,"20-64","sector_39","unvaccinated","infect_symp"
"1545",4,0.239572130515018,"20-64","sector_39","unvaccinated","infect_symp"
"1546",5,0.264894435280494,"20-64","sector_39","unvaccinated","infect_symp"
"1547",6,0.295604303696331,"20-64","sector_39","unvaccinated","infect_symp"
"1548",7,0.330917765471876,"20-64","sector_39","unvaccinated","infect_symp"
"1549",8,0.370689270202215,"20-64","sector_39","unvaccinated","infect_symp"
"1550",9,0.41513653709781,"20-64","sector_39","unvaccinated","infect_symp"
"1551",10,0.464697804505538,"20-64","sector_39","unvaccinated","infect_symp"
"1552",0,0.1383047,"20-64","sector_40","unvaccinated","infect_symp"
"1553",1,0.113983455982706,"20-64","sector_40","unvaccinated","infect_symp"
"1554",2,0.106831951355784,"20-64","sector_40","unvaccinated","infect_symp"
"1555",3,0.109096280109125,"20-64","sector_40","unvaccinated","infect_symp"
"1556",4,0.116807394132066,"20-64","sector_40","unvaccinated","infect_symp"
"1557",5,0.127990701350914,"20-64","sector_40","unvaccinated","infect_symp"
"1558",6,0.141724508756521,"20-64","sector_40","unvaccinated","infect_symp"
"1559",7,0.157646174416824,"20-64","sector_40","unvaccinated","infect_symp"
"1560",8,0.17569433773011,"20-64","sector_40","unvaccinated","infect_symp"
"1561",9,0.19597559010769,"20-64","sector_40","unvaccinated","infect_symp"
"1562",10,0.218696749366236,"20-64","sector_40","unvaccinated","infect_symp"
"1563",0,0.2684123,"20-64","sector_41","unvaccinated","infect_symp"
"1564",1,0.224546149231608,"20-64","sector_41","unvaccinated","infect_symp"
"1565",2,0.218509719653342,"20-64","sector_41","unvaccinated","infect_symp"
"1566",3,0.233512246020458,"20-64","sector_41","unvaccinated","infect_symp"
"1567",4,0.261212600105596,"20-64","sector_41","unvaccinated","infect_symp"
"1568",5,0.297637333866924,"20-64","sector_41","unvaccinated","infect_symp"
"1569",6,0.341079615832627,"20-64","sector_41","unvaccinated","infect_symp"
"1570",7,0.391022534453236,"20-64","sector_41","unvaccinated","infect_symp"
"1571",8,0.447591351897868,"20-64","sector_41","unvaccinated","infect_symp"
"1572",9,0.511278532500929,"20-64","sector_41","unvaccinated","infect_symp"
"1573",10,0.582809403533445,"20-64","sector_41","unvaccinated","infect_symp"
"1574",0,0.4000888,"20-64","sector_42","unvaccinated","infect_symp"
"1575",1,0.331851401905518,"20-64","sector_42","unvaccinated","infect_symp"
"1576",2,0.316493822774252,"20-64","sector_42","unvaccinated","infect_symp"
"1577",3,0.330668111418729,"20-64","sector_42","unvaccinated","infect_symp"
"1578",4,0.362451669505854,"20-64","sector_42","unvaccinated","infect_symp"
"1579",5,0.405929265529729,"20-64","sector_42","unvaccinated","infect_symp"
"1580",6,0.458360678796446,"20-64","sector_42","unvaccinated","infect_symp"
"1581",7,0.518702471405578,"20-64","sector_42","unvaccinated","infect_symp"
"1582",8,0.58683925864115,"20-64","sector_42","unvaccinated","infect_symp"
"1583",9,0.663187022417037,"20-64","sector_42","unvaccinated","infect_symp"
"1584",10,0.748491899151442,"20-64","sector_42","unvaccinated","infect_symp"
"1585",0,0.0910331,"20-64","sector_43","unvaccinated","infect_symp"
"1586",1,0.075737795729897,"20-64","sector_43","unvaccinated","infect_symp"
"1587",2,0.072725926498458,"20-64","sector_43","unvaccinated","infect_symp"
"1588",3,0.0764750143469452,"20-64","sector_43","unvaccinated","infect_symp"
"1589",4,0.0841603426995003,"20-64","sector_43","unvaccinated","infect_symp"
"1590",5,0.0943832972748553,"20-64","sector_43","unvaccinated","infect_symp"
"1591",6,0.106501428641317,"20-64","sector_43","unvaccinated","infect_symp"
"1592",7,0.120276167146643,"20-64","sector_43","unvaccinated","infect_symp"
"1593",8,0.135688355609144,"20-64","sector_43","unvaccinated","infect_symp"
"1594",9,0.152842513213525,"20-64","sector_43","unvaccinated","infect_symp"
"1595",10,0.17191808442173,"20-64","sector_43","unvaccinated","infect_symp"
"1596",0,0.0876638,"20-64","sector_44","unvaccinated","infect_symp"
"1597",1,0.0714965110997125,"20-64","sector_44","unvaccinated","infect_symp"
"1598",2,0.0653401503262022,"20-64","sector_44","unvaccinated","infect_symp"
"1599",3,0.0648165051697459,"20-64","sector_44","unvaccinated","infect_symp"
"1600",4,0.0676308821349571,"20-64","sector_44","unvaccinated","infect_symp"
"1601",5,0.0726031909732053,"20-64","sector_44","unvaccinated","infect_symp"
"1602",6,0.0791527889074908,"20-64","sector_44","unvaccinated","infect_symp"
"1603",7,0.0870245035602882,"20-64","sector_44","unvaccinated","infect_symp"
"1604",8,0.0961430816208854,"20-64","sector_44","unvaccinated","infect_symp"
"1605",9,0.10653617343155,"20-64","sector_44","unvaccinated","infect_symp"
"1606",10,0.118294010566799,"20-64","sector_44","unvaccinated","infect_symp"
"1607",0,0.0058738,"20-64","sector_45","unvaccinated","infect_symp"
"1608",1,0.00476930950918497,"20-64","sector_45","unvaccinated","infect_symp"
"1609",2,0.00431523446959143,"20-64","sector_45","unvaccinated","infect_symp"
"1610",3,0.00423682714971701,"20-64","sector_45","unvaccinated","infect_symp"
"1611",4,0.00438762142168431,"20-64","sector_45","unvaccinated","infect_symp"
"1612",5,0.0046904552556087,"20-64","sector_45","unvaccinated","infect_symp"
"1613",6,0.00510597251202053,"20-64","sector_45","unvaccinated","infect_symp"
"1614",7,0.0056157491909048,"20-64","sector_45","unvaccinated","infect_symp"
"1615",8,0.00621323154644299,"20-64","sector_45","unvaccinated","infect_symp"
"1616",9,0.00689886648568827,"20-64","sector_45","unvaccinated","infect_symp"
"1617",10,0.00767749629868435,"20-64","sector_45","unvaccinated","infect_symp"
"1618",0,0,"0-4","sector_00","unvaccinated","infect_asymp"
"1619",1,0.00139144618335191,"0-4","sector_00","unvaccinated","infect_asymp"
"1620",2,0.00417055241810524,"0-4","sector_00","unvaccinated","infect_asymp"
"1621",3,0.00722170483013815,"0-4","sector_00","unvaccinated","infect_asymp"
"1622",4,0.0101512945536147,"0-4","sector_00","unvaccinated","infect_asymp"
"1623",5,0.0128818347193701,"0-4","sector_00","unvaccinated","infect_asymp"
"1624",6,0.0154615410195142,"0-4","sector_00","unvaccinated","infect_asymp"
"1625",7,0.0179789730211224,"0-4","sector_00","unvaccinated","infect_asymp"
"1626",8,0.0205277152107762,"0-4","sector_00","unvaccinated","infect_asymp"
"1627",9,0.0231940645465977,"0-4","sector_00","unvaccinated","infect_asymp"
"1628",10,0.026054710987483,"0-4","sector_00","unvaccinated","infect_asymp"
"1629",0,0,"5-19","sector_00","unvaccinated","infect_asymp"
"1630",1,0.00776830356621202,"5-19","sector_00","unvaccinated","infect_asymp"
"1631",2,0.0231176822967844,"5-19","sector_00","unvaccinated","infect_asymp"
"1632",3,0.0398005555244523,"5-19","sector_00","unvaccinated","infect_asymp"
"1633",4,0.0557059652741632,"5-19","sector_00","unvaccinated","infect_asymp"
"1634",5,0.0704833142714562,"5-19","sector_00","unvaccinated","infect_asymp"
"1635",6,0.0844507289789241,"5-19","sector_00","unvaccinated","infect_asymp"
"1636",7,0.0981199521852537,"5-19","sector_00","unvaccinated","infect_asymp"
"1637",8,0.112008758717319,"5-19","sector_00","unvaccinated","infect_asymp"
"1638",9,0.126581727136721,"5-19","sector_00","unvaccinated","infect_asymp"
"1639",10,0.14224430542033,"5-19","sector_00","unvaccinated","infect_asymp"
"1640",0,0,"20-64","sector_00","unvaccinated","infect_asymp"
"1641",1,0.00321203564488367,"20-64","sector_00","unvaccinated","infect_asymp"
"1642",2,0.00961854003713637,"20-64","sector_00","unvaccinated","infect_asymp"
"1643",3,0.0166784709292692,"20-64","sector_00","unvaccinated","infect_asymp"
"1644",4,0.0235271799573997,"20-64","sector_00","unvaccinated","infect_asymp"
"1645",5,0.030014868946059,"20-64","sector_00","unvaccinated","infect_asymp"
"1646",6,0.0362651970192241,"20-64","sector_00","unvaccinated","infect_asymp"
"1647",7,0.0424832044539247,"20-64","sector_00","unvaccinated","infect_asymp"
"1648",8,0.0488793715934353,"20-64","sector_00","unvaccinated","infect_asymp"
"1649",9,0.0556454839854756,"20-64","sector_00","unvaccinated","infect_asymp"
"1650",10,0.0629520177915635,"20-64","sector_00","unvaccinated","infect_asymp"
"1651",0,0,"65+","sector_00","unvaccinated","infect_asymp"
"1652",1,0.00310168419856557,"65+","sector_00","unvaccinated","infect_asymp"
"1653",2,0.00916183934026318,"65+","sector_00","unvaccinated","infect_asymp"
"1654",3,0.0156591287549571,"65+","sector_00","unvaccinated","infect_asymp"
"1655",4,0.0217711254330588,"65+","sector_00","unvaccinated","infect_asymp"
"1656",5,0.0273895358290964,"65+","sector_00","unvaccinated","infect_asymp"
"1657",6,0.0326696891910123,"65+","sector_00","unvaccinated","infect_asymp"
"1658",7,0.0378363737868375,"65+","sector_00","unvaccinated","infect_asymp"
"1659",8,0.0431088846688656,"65+","sector_00","unvaccinated","infect_asymp"
"1660",9,0.0486788964842576,"65+","sector_00","unvaccinated","infect_asymp"
"1661",10,0.0547099004395456,"65+","sector_00","unvaccinated","infect_asymp"
"1662",0,0,"20-64","sector_01","unvaccinated","infect_asymp"
"1663",1,0.0002469180118916,"20-64","sector_01","unvaccinated","infect_asymp"
"1664",2,0.000737896236520872,"20-64","sector_01","unvaccinated","infect_asymp"
"1665",3,0.00127548610407603,"20-64","sector_01","unvaccinated","infect_asymp"
"1666",4,0.00179190430780248,"20-64","sector_01","unvaccinated","infect_asymp"
"1667",5,0.00227512931292197,"20-64","sector_01","unvaccinated","infect_asymp"
"1668",6,0.00273469228731239,"20-64","sector_01","unvaccinated","infect_asymp"
"1669",7,0.00318663316477863,"20-64","sector_01","unvaccinated","infect_asymp"
"1670",8,0.00364746297731547,"20-64","sector_01","unvaccinated","infect_asymp"
"1671",9,0.00413218872512808,"20-64","sector_01","unvaccinated","infect_asymp"
"1672",10,0.00465405192393095,"20-64","sector_01","unvaccinated","infect_asymp"
"1673",0,0,"20-64","sector_02","unvaccinated","infect_asymp"
"1674",1,1.16903799546081e-05,"20-64","sector_02","unvaccinated","infect_asymp"
"1675",2,3.49769852765691e-05,"20-64","sector_02","unvaccinated","infect_asymp"
"1676",3,6.05416228609628e-05,"20-64","sector_02","unvaccinated","infect_asymp"
"1677",4,8.51787401181854e-05,"20-64","sector_02","unvaccinated","infect_asymp"
"1678",5,0.000108310405550577,"20-64","sector_02","unvaccinated","infect_asymp"
"1679",6,0.000130374940229036,"20-64","sector_02","unvaccinated","infect_asymp"
"1680",7,0.000152119047013616,"20-64","sector_02","unvaccinated","infect_asymp"
"1681",8,0.000174313962506631,"20-64","sector_02","unvaccinated","infect_asymp"
"1682",9,0.000197662612005431,"20-64","sector_02","unvaccinated","infect_asymp"
"1683",10,0.000222787216716397,"20-64","sector_02","unvaccinated","infect_asymp"
"1684",0,0,"20-64","sector_03","unvaccinated","infect_asymp"
"1685",1,9.88047428813485e-06,"20-64","sector_03","unvaccinated","infect_asymp"
"1686",2,2.95319677414084e-05,"20-64","sector_03","unvaccinated","infect_asymp"
"1687",3,5.10367596840571e-05,"20-64","sector_03","unvaccinated","infect_asymp"
"1688",4,7.16610643317117e-05,"20-64","sector_03","unvaccinated","infect_asymp"
"1689",5,9.09102016722261e-05,"20-64","sector_03","unvaccinated","infect_asymp"
"1690",6,0.000109160464075711,"20-64","sector_03","unvaccinated","infect_asymp"
"1691",7,0.000127054478098657,"20-64","sector_03","unvaccinated","infect_asymp"
"1692",8,0.000145256713319192,"20-64","sector_03","unvaccinated","infect_asymp"
"1693",9,0.000164372273304431,"20-64","sector_03","unvaccinated","infect_asymp"
"1694",10,0.000184935078055951,"20-64","sector_03","unvaccinated","infect_asymp"
"1695",0,0,"20-64","sector_04","unvaccinated","infect_asymp"
"1696",1,1.7546441471126e-05,"20-64","sector_04","unvaccinated","infect_asymp"
"1697",2,5.21455789582524e-05,"20-64","sector_04","unvaccinated","infect_asymp"
"1698",3,8.96401629180689e-05,"20-64","sector_04","unvaccinated","infect_asymp"
"1699",4,0.000125266769118841,"20-64","sector_04","unvaccinated","infect_asymp"
"1700",5,0.000158258965696714,"20-64","sector_04","unvaccinated","infect_asymp"
"1701",6,0.000189364277070818,"20-64","sector_04","unvaccinated","infect_asymp"
"1702",7,0.000219763032106984,"20-64","sector_04","unvaccinated","infect_asymp"
"1703",8,0.000250642201536241,"20-64","sector_04","unvaccinated","infect_asymp"
"1704",9,0.000283061896148718,"20-64","sector_04","unvaccinated","infect_asymp"
"1705",10,0.000317943279571267,"20-64","sector_04","unvaccinated","infect_asymp"
"1706",0,0,"20-64","sector_05","unvaccinated","infect_asymp"
"1707",1,1.67920044119679e-05,"20-64","sector_05","unvaccinated","infect_asymp"
"1708",2,5.0187264524865e-05,"20-64","sector_05","unvaccinated","infect_asymp"
"1709",3,8.67701532541211e-05,"20-64","sector_05","unvaccinated","infect_asymp"
"1710",4,0.000121940036797557,"20-64","sector_05","unvaccinated","infect_asymp"
"1711",5,0.000154882742266754,"20-64","sector_05","unvaccinated","infect_asymp"
"1712",6,0.000186245229262538,"20-64","sector_05","unvaccinated","infect_asymp"
"1713",7,0.00021711442268455,"20-64","sector_05","unvaccinated","infect_asymp"
"1714",8,0.000248608272330572,"20-64","sector_05","unvaccinated","infect_asymp"
"1715",9,0.000281742567132439,"20-64","sector_05","unvaccinated","infect_asymp"
"1716",10,0.000317413805934765,"20-64","sector_05","unvaccinated","infect_asymp"
"1717",0,0,"20-64","sector_06","unvaccinated","infect_asymp"
"1718",1,0.000330755193514847,"20-64","sector_06","unvaccinated","infect_asymp"
"1719",2,0.000990165563361096,"20-64","sector_06","unvaccinated","infect_asymp"
"1720",3,0.00171537220556954,"20-64","sector_06","unvaccinated","infect_asymp"
"1721",4,0.00241615760680567,"20-64","sector_06","unvaccinated","infect_asymp"
"1722",5,0.00307633824241805,"20-64","sector_06","unvaccinated","infect_asymp"
"1723",6,0.0037082757526648,"20-64","sector_06","unvaccinated","infect_asymp"
"1724",7,0.00433295320547701,"20-64","sector_06","unvaccinated","infect_asymp"
"1725",8,0.00497202061999485,"20-64","sector_06","unvaccinated","infect_asymp"
"1726",9,0.00564521524334291,"20-64","sector_06","unvaccinated","infect_asymp"
"1727",10,0.00637003564483528,"20-64","sector_06","unvaccinated","infect_asymp"
"1728",0,0,"20-64","sector_07","unvaccinated","infect_asymp"
"1729",1,8.10779461532547e-05,"20-64","sector_07","unvaccinated","infect_asymp"
"1730",2,0.000242398452035736,"20-64","sector_07","unvaccinated","infect_asymp"
"1731",3,0.000418991258857629,"20-64","sector_07","unvaccinated","infect_asymp"
"1732",4,0.000588371202603737,"20-64","sector_07","unvaccinated","infect_asymp"
"1733",5,0.000746410031568656,"20-64","sector_07","unvaccinated","infect_asymp"
"1734",6,0.000896121881793067,"20-64","sector_07","unvaccinated","infect_asymp"
"1735",7,0.00104270668406376,"20-64","sector_07","unvaccinated","infect_asymp"
"1736",8,0.00119154674727865,"20-64","sector_07","unvaccinated","infect_asymp"
"1737",9,0.00134754215112572,"20-64","sector_07","unvaccinated","infect_asymp"
"1738",10,0.00151501458973572,"20-64","sector_07","unvaccinated","infect_asymp"
"1739",0,0,"20-64","sector_08","unvaccinated","infect_asymp"
"1740",1,5.39179688466844e-05,"20-64","sector_08","unvaccinated","infect_asymp"
"1741",2,0.000160339310956792,"20-64","sector_08","unvaccinated","infect_asymp"
"1742",3,0.000275728230682309,"20-64","sector_08","unvaccinated","infect_asymp"
"1743",4,0.000385350641366183,"20-64","sector_08","unvaccinated","infect_asymp"
"1744",5,0.000486782515627108,"20-64","sector_08","unvaccinated","infect_asymp"
"1745",6,0.000582295172835466,"20-64","sector_08","unvaccinated","infect_asymp"
"1746",7,0.000675523211261431,"20-64","sector_08","unvaccinated","infect_asymp"
"1747",8,0.00077014074865774,"20-64","sector_08","unvaccinated","infect_asymp"
"1748",9,0.000869439630967281,"20-64","sector_08","unvaccinated","infect_asymp"
"1749",10,0.000976284796439961,"20-64","sector_08","unvaccinated","infect_asymp"
"1750",0,0,"20-64","sector_09","unvaccinated","infect_asymp"
"1751",1,0.000118395848114674,"20-64","sector_09","unvaccinated","infect_asymp"
"1752",2,0.000353977653388522,"20-64","sector_09","unvaccinated","infect_asymp"
"1753",3,0.000612368463892774,"20-64","sector_09","unvaccinated","infect_asymp"
"1754",4,0.000861283387442247,"20-64","sector_09","unvaccinated","infect_asymp"
"1755",5,0.00109504926655043,"20-64","sector_09","unvaccinated","infect_asymp"
"1756",6,0.00131823103598092,"20-64","sector_09","unvaccinated","infect_asymp"
"1757",7,0.0015384606133166,"20-64","sector_09","unvaccinated","infect_asymp"
"1758",8,0.00176357666104515,"20-64","sector_09","unvaccinated","infect_asymp"
"1759",9,0.00200070055897843,"20-64","sector_09","unvaccinated","infect_asymp"
"1760",10,0.00225612395373538,"20-64","sector_09","unvaccinated","infect_asymp"
"1761",0,0,"20-64","sector_10","unvaccinated","infect_asymp"
"1762",1,7.18527271448854e-06,"20-64","sector_10","unvaccinated","infect_asymp"
"1763",2,2.15032783497564e-05,"20-64","sector_10","unvaccinated","infect_asymp"
"1764",3,3.72339364500635e-05,"20-64","sector_10","unvaccinated","infect_asymp"
"1765",4,5.24112450484218e-05,"20-64","sector_10","unvaccinated","infect_asymp"
"1766",5,6.66813121596295e-05,"20-64","sector_10","unvaccinated","infect_asymp"
"1767",6,8.03129333126703e-05,"20-64","sector_10","unvaccinated","infect_asymp"
"1768",7,9.37634910074578e-05,"20-64","sector_10","unvaccinated","infect_asymp"
"1769",8,0.000107505208604017,"20-64","sector_10","unvaccinated","infect_asymp"
"1770",9,0.000121968525058112,"20-64","sector_10","unvaccinated","infect_asymp"
"1771",10,0.000137534707266459,"20-64","sector_10","unvaccinated","infect_asymp"
"1772",0,0,"20-64","sector_11","unvaccinated","infect_asymp"
"1773",1,7.58580564806136e-05,"20-64","sector_11","unvaccinated","infect_asymp"
"1774",2,0.000226754180590244,"20-64","sector_11","unvaccinated","infect_asymp"
"1775",3,0.000391851625202776,"20-64","sector_11","unvaccinated","infect_asymp"
"1776",4,0.000550085244229062,"20-64","sector_11","unvaccinated","infect_asymp"
"1777",5,0.000697585870355355,"20-64","sector_11","unvaccinated","infect_asymp"
"1778",6,0.000837180961112047,"20-64","sector_11","unvaccinated","infect_asymp"
"1779",7,0.000973750184683957,"20-64","sector_11","unvaccinated","infect_asymp"
"1780",8,0.00111234578548991,"20-64","sector_11","unvaccinated","infect_asymp"
"1781",9,0.0012575674722702,"20-64","sector_11","unvaccinated","infect_asymp"
"1782",10,0.00141347068288464,"20-64","sector_11","unvaccinated","infect_asymp"
"1783",0,0,"20-64","sector_12","unvaccinated","infect_asymp"
"1784",1,3.79349399070036e-05,"20-64","sector_12","unvaccinated","infect_asymp"
"1785",2,0.000112730925850572,"20-64","sector_12","unvaccinated","infect_asymp"
"1786",3,0.000193798308033882,"20-64","sector_12","unvaccinated","infect_asymp"
"1787",4,0.000270861674859553,"20-64","sector_12","unvaccinated","infect_asymp"
"1788",5,0.000342277975622517,"20-64","sector_12","unvaccinated","infect_asymp"
"1789",6,0.000409667633087859,"20-64","sector_12","unvaccinated","infect_asymp"
"1790",7,0.000475580268125852,"20-64","sector_12","unvaccinated","infect_asymp"
"1791",8,0.000542576655844654,"20-64","sector_12","unvaccinated","infect_asymp"
"1792",9,0.00061294251863863,"20-64","sector_12","unvaccinated","infect_asymp"
"1793",10,0.000688663855271233,"20-64","sector_12","unvaccinated","infect_asymp"
"1794",0,0,"20-64","sector_13","unvaccinated","infect_asymp"
"1795",1,0.00012175164229997,"20-64","sector_13","unvaccinated","infect_asymp"
"1796",2,0.000363979090138158,"20-64","sector_13","unvaccinated","infect_asymp"
"1797",3,0.000629575841215454,"20-64","sector_13","unvaccinated","infect_asymp"
"1798",4,0.000885302789316394,"20-64","sector_13","unvaccinated","infect_asymp"
"1799",5,0.00112530810996479,"20-64","sector_13","unvaccinated","infect_asymp"
"1800",6,0.00135428396221438,"20-64","sector_13","unvaccinated","infect_asymp"
"1801",7,0.00158008494324724,"20-64","sector_13","unvaccinated","infect_asymp"
"1802",8,0.00181078111371064,"20-64","sector_13","unvaccinated","infect_asymp"
"1803",9,0.00205370412518007,"20-64","sector_13","unvaccinated","infect_asymp"
"1804",10,0.00231532957089863,"20-64","sector_13","unvaccinated","infect_asymp"
"1805",0,0,"20-64","sector_14","unvaccinated","infect_asymp"
"1806",1,6.9642281182426e-05,"20-64","sector_14","unvaccinated","infect_asymp"
"1807",2,0.000208427227543785,"20-64","sector_14","unvaccinated","infect_asymp"
"1808",3,0.000360927087307881,"20-64","sector_14","unvaccinated","infect_asymp"
"1809",4,0.000508094843337529,"20-64","sector_14","unvaccinated","infect_asymp"
"1810",5,0.000646503350038316,"20-64","sector_14","unvaccinated","infect_asymp"
"1811",6,0.000778757220409891,"20-64","sector_14","unvaccinated","infect_asymp"
"1812",7,0.000909287143451944,"20-64","sector_14","unvaccinated","infect_asymp"
"1813",8,0.00104266718135512,"20-64","sector_14","unvaccinated","infect_asymp"
"1814",9,0.00118306674406387,"20-64","sector_14","unvaccinated","infect_asymp"
"1815",10,0.0013341794092791,"20-64","sector_14","unvaccinated","infect_asymp"
"1816",0,0,"20-64","sector_15","unvaccinated","infect_asymp"
"1817",1,5.01403914201911e-05,"20-64","sector_15","unvaccinated","infect_asymp"
"1818",2,0.000149881883681039,"20-64","sector_15","unvaccinated","infect_asymp"
"1819",3,0.000259016170321982,"20-64","sector_15","unvaccinated","infect_asymp"
"1820",4,0.000363621470183324,"20-64","sector_15","unvaccinated","infect_asymp"
"1821",5,0.000461140682783388,"20-64","sector_15","unvaccinated","infect_asymp"
"1822",6,0.000553442047551704,"20-64","sector_15","unvaccinated","infect_asymp"
"1823",7,0.000643749777741509,"20-64","sector_15","unvaccinated","infect_asymp"
"1824",8,0.000735402027476853,"20-64","sector_15","unvaccinated","infect_asymp"
"1825",9,0.000831437936434296,"20-64","sector_15","unvaccinated","infect_asymp"
"1826",10,0.000934537117875223,"20-64","sector_15","unvaccinated","infect_asymp"
"1827",0,0,"20-64","sector_16","unvaccinated","infect_asymp"
"1828",1,0.000234070795947302,"20-64","sector_16","unvaccinated","infect_asymp"
"1829",2,0.000695759084038753,"20-64","sector_16","unvaccinated","infect_asymp"
"1830",3,0.00119607632991817,"20-64","sector_16","unvaccinated","infect_asymp"
"1831",4,0.00167125967670541,"20-64","sector_16","unvaccinated","infect_asymp"
"1832",5,0.00211094334416547,"20-64","sector_16","unvaccinated","infect_asymp"
"1833",6,0.00252505271427904,"20-64","sector_16","unvaccinated","infect_asymp"
"1834",7,0.00292935476489072,"20-64","sector_16","unvaccinated","infect_asymp"
"1835",8,0.00333974104906767,"20-64","sector_16","unvaccinated","infect_asymp"
"1836",9,0.00377042227866181,"20-64","sector_16","unvaccinated","infect_asymp"
"1837",10,0.0042337518102225,"20-64","sector_16","unvaccinated","infect_asymp"
"1838",0,0,"20-64","sector_17","unvaccinated","infect_asymp"
"1839",1,8.90215699242176e-05,"20-64","sector_17","unvaccinated","infect_asymp"
"1840",2,0.000266206558563245,"20-64","sector_17","unvaccinated","infect_asymp"
"1841",3,0.00046068108191365,"20-64","sector_17","unvaccinated","infect_asymp"
"1842",4,0.000648233415667141,"20-64","sector_17","unvaccinated","infect_asymp"
"1843",5,0.000824627552304596,"20-64","sector_17","unvaccinated","infect_asymp"
"1844",6,0.000993300856368701,"20-64","sector_17","unvaccinated","infect_asymp"
"1845",7,0.00115998347188927,"20-64","sector_17","unvaccinated","infect_asymp"
"1846",8,0.00133055660232211,"20-64","sector_17","unvaccinated","infect_asymp"
"1847",9,0.00151036343503747,"20-64","sector_17","unvaccinated","infect_asymp"
"1848",10,0.00170412771567194,"20-64","sector_17","unvaccinated","infect_asymp"
"1849",0,0,"20-64","sector_18","unvaccinated","infect_asymp"
"1850",1,6.49993917919847e-05,"20-64","sector_18","unvaccinated","infect_asymp"
"1851",2,0.000194646977943555,"20-64","sector_18","unvaccinated","infect_asymp"
"1852",3,0.000337375612208502,"20-64","sector_18","unvaccinated","infect_asymp"
"1853",4,0.000475514039735361,"20-64","sector_18","unvaccinated","infect_asymp"
"1854",5,0.000605906263136414,"20-64","sector_18","unvaccinated","infect_asymp"
"1855",6,0.000730982870828734,"20-64","sector_18","unvaccinated","infect_asymp"
"1856",7,0.000854857018146246,"20-64","sector_18","unvaccinated","infect_asymp"
"1857",8,0.000981769631526271,"20-64","sector_18","unvaccinated","infect_asymp"
"1858",9,0.00111558764871842,"20-64","sector_18","unvaccinated","infect_asymp"
"1859",10,0.00125974273115804,"20-64","sector_18","unvaccinated","infect_asymp"
"1860",0,0,"20-64","sector_19","unvaccinated","infect_asymp"
"1861",1,0.000148437212296905,"20-64","sector_19","unvaccinated","infect_asymp"
"1862",2,0.000443813820955246,"20-64","sector_19","unvaccinated","infect_asymp"
"1863",3,0.000767224815819493,"20-64","sector_19","unvaccinated","infect_asymp"
"1864",4,0.00107752937065281,"20-64","sector_19","unvaccinated","infect_asymp"
"1865",5,0.0013671770430964,"20-64","sector_19","unvaccinated","infect_asymp"
"1866",6,0.00164168182601954,"20-64","sector_19","unvaccinated","infect_asymp"
"1867",7,0.00191055340883076,"20-64","sector_19","unvaccinated","infect_asymp"
"1868",8,0.00218363366852638,"20-64","sector_19","unvaccinated","infect_asymp"
"1869",9,0.00246988265245367,"20-64","sector_19","unvaccinated","infect_asymp"
"1870",10,0.00277720401242955,"20-64","sector_19","unvaccinated","infect_asymp"
"1871",0,0,"20-64","sector_20","unvaccinated","infect_asymp"
"1872",1,0.000129963276447003,"20-64","sector_20","unvaccinated","infect_asymp"
"1873",2,0.000386211525964326,"20-64","sector_20","unvaccinated","infect_asymp"
"1874",3,0.000663942674712571,"20-64","sector_20","unvaccinated","infect_asymp"
"1875",4,0.000927949540950442,"20-64","sector_20","unvaccinated","infect_asymp"
"1876",5,0.00117260065098088,"20-64","sector_20","unvaccinated","infect_asymp"
"1877",6,0.00140344674550497,"20-64","sector_20","unvaccinated","infect_asymp"
"1878",7,0.00162922308843935,"20-64","sector_20","unvaccinated","infect_asymp"
"1879",8,0.00185870370431174,"20-64","sector_20","unvaccinated","infect_asymp"
"1880",9,0.0020997204216455,"20-64","sector_20","unvaccinated","infect_asymp"
"1881",10,0.00235907809701431,"20-64","sector_20","unvaccinated","infect_asymp"
"1882",0,0,"20-64","sector_21","unvaccinated","infect_asymp"
"1883",1,9.55616729997663e-05,"20-64","sector_21","unvaccinated","infect_asymp"
"1884",2,0.000285637451606613,"20-64","sector_21","unvaccinated","infect_asymp"
"1885",3,0.000493928479695569,"20-64","sector_21","unvaccinated","infect_asymp"
"1886",4,0.000694287668876072,"20-64","sector_21","unvaccinated","infect_asymp"
"1887",5,0.000882096291672149,"20-64","sector_21","unvaccinated","infect_asymp"
"1888",6,0.00106103560920877,"20-64","sector_21","unvaccinated","infect_asymp"
"1889",7,0.00123728225621648,"20-64","sector_21","unvaccinated","infect_asymp"
"1890",8,0.0014171864831884,"20-64","sector_21","unvaccinated","infect_asymp"
"1891",9,0.0016065178145079,"20-64","sector_21","unvaccinated","infect_asymp"
"1892",10,0.00181036957810462,"20-64","sector_21","unvaccinated","infect_asymp"
"1893",0,0,"20-64","sector_22","unvaccinated","infect_asymp"
"1894",1,0.000242338224838677,"20-64","sector_22","unvaccinated","infect_asymp"
"1895",2,0.0007255853949758,"20-64","sector_22","unvaccinated","infect_asymp"
"1896",3,0.00125730773379656,"20-64","sector_22","unvaccinated","infect_asymp"
"1897",4,0.00177150657300877,"20-64","sector_22","unvaccinated","infect_asymp"
"1898",5,0.0022563664541198,"20-64","sector_22","unvaccinated","infect_asymp"
"1899",6,0.00272094543812567,"20-64","sector_22","unvaccinated","infect_asymp"
"1900",7,0.00318059757200062,"20-64","sector_22","unvaccinated","infect_asymp"
"1901",8,0.00365115974598018,"20-64","sector_22","unvaccinated","infect_asymp"
"1902",9,0.00414707083611506,"20-64","sector_22","unvaccinated","infect_asymp"
"1903",10,0.00468113782321202,"20-64","sector_22","unvaccinated","infect_asymp"
"1904",0,0,"20-64","sector_23","unvaccinated","infect_asymp"
"1905",1,0.000114706457316164,"20-64","sector_23","unvaccinated","infect_asymp"
"1906",2,0.000342965607465197,"20-64","sector_23","unvaccinated","infect_asymp"
"1907",3,0.00059289730724874,"20-64","sector_23","unvaccinated","infect_asymp"
"1908",4,0.000832712514093606,"20-64","sector_23","unvaccinated","infect_asymp"
"1909",5,0.00105657748425623,"20-64","sector_23","unvaccinated","infect_asymp"
"1910",6,0.0012687527716735,"20-64","sector_23","unvaccinated","infect_asymp"
"1911",7,0.00147658593767531,"20-64","sector_23","unvaccinated","infect_asymp"
"1912",8,0.00168768104260089,"20-64","sector_23","unvaccinated","infect_asymp"
"1913",9,0.00190896082172686,"20-64","sector_23","unvaccinated","infect_asymp"
"1914",10,0.00214653196037551,"20-64","sector_23","unvaccinated","infect_asymp"
"1915",0,0,"20-64","sector_24","unvaccinated","infect_asymp"
"1916",1,0.000151209436575675,"20-64","sector_24","unvaccinated","infect_asymp"
"1917",2,0.000449354833129829,"20-64","sector_24","unvaccinated","infect_asymp"
"1918",3,0.000772479010002807,"20-64","sector_24","unvaccinated","infect_asymp"
"1919",4,0.0010795917659658,"20-64","sector_24","unvaccinated","infect_asymp"
"1920",5,0.00136412453111368,"20-64","sector_24","unvaccinated","infect_asymp"
"1921",6,0.00163253043968825,"20-64","sector_24","unvaccinated","infect_asymp"
"1922",7,0.00189497538171223,"20-64","sector_24","unvaccinated","infect_asymp"
"1923",8,0.0021616740477918,"20-64","sector_24","unvaccinated","infect_asymp"
"1924",9,0.00244174575579589,"20-64","sector_24","unvaccinated","infect_asymp"
"1925",10,0.00274311410409829,"20-64","sector_24","unvaccinated","infect_asymp"
"1926",0,0,"20-64","sector_25","unvaccinated","infect_asymp"
"1927",1,0.00150227872098997,"20-64","sector_25","unvaccinated","infect_asymp"
"1928",2,0.00448948180726068,"20-64","sector_25","unvaccinated","infect_asymp"
"1929",3,0.00776044677939514,"20-64","sector_25","unvaccinated","infect_asymp"
"1930",4,0.0109028857881308,"20-64","sector_25","unvaccinated","infect_asymp"
"1931",5,0.0138436909177036,"20-64","sector_25","unvaccinated","infect_asymp"
"1932",6,0.0166408111435532,"20-64","sector_25","unvaccinated","infect_asymp"
"1933",7,0.0193917505056781,"20-64","sector_25","unvaccinated","infect_asymp"
"1934",8,0.0221968603580224,"20-64","sector_25","unvaccinated","infect_asymp"
"1935",9,0.0251473413497031,"20-64","sector_25","unvaccinated","infect_asymp"
"1936",10,0.0283236639694427,"20-64","sector_25","unvaccinated","infect_asymp"
"1937",0,0,"20-64","sector_26","unvaccinated","infect_asymp"
"1938",1,0.0045696718902617,"20-64","sector_26","unvaccinated","infect_asymp"
"1939",2,0.0137140070733045,"20-64","sector_26","unvaccinated","infect_asymp"
"1940",3,0.0238528006375535,"20-64","sector_26","unvaccinated","infect_asymp"
"1941",4,0.0337749925316677,"20-64","sector_26","unvaccinated","infect_asymp"
"1942",5,0.0432742583257358,"20-64","sector_26","unvaccinated","infect_asymp"
"1943",6,0.0525262190670733,"20-64","sector_26","unvaccinated","infect_asymp"
"1944",7,0.0618193107515688,"20-64","sector_26","unvaccinated","infect_asymp"
"1945",8,0.0714494181118012,"20-64","sector_26","unvaccinated","infect_asymp"
"1946",9,0.0816870321048486,"20-64","sector_26","unvaccinated","infect_asymp"
"1947",10,0.0927742396555808,"20-64","sector_26","unvaccinated","infect_asymp"
"1948",0,0,"20-64","sector_27","unvaccinated","infect_asymp"
"1949",1,0.000650391027768968,"20-64","sector_27","unvaccinated","infect_asymp"
"1950",2,0.00194541901638975,"20-64","sector_27","unvaccinated","infect_asymp"
"1951",3,0.00336521971667447,"20-64","sector_27","unvaccinated","infect_asymp"
"1952",4,0.00473023186375276,"20-64","sector_27","unvaccinated","infect_asymp"
"1953",5,0.00600762677074112,"20-64","sector_27","unvaccinated","infect_asymp"
"1954",6,0.00722151208223232,"20-64","sector_27","unvaccinated","infect_asymp"
"1955",7,0.00841334493871029,"20-64","sector_27","unvaccinated","infect_asymp"
"1956",8,0.00962599175543745,"20-64","sector_27","unvaccinated","infect_asymp"
"1957",9,0.0108984793866751,"20-64","sector_27","unvaccinated","infect_asymp"
"1958",10,0.0122652682453363,"20-64","sector_27","unvaccinated","infect_asymp"
"1959",0,0,"20-64","sector_28","unvaccinated","infect_asymp"
"1960",1,1.04410285729966e-05,"20-64","sector_28","unvaccinated","infect_asymp"
"1961",2,3.10451742335482e-05,"20-64","sector_28","unvaccinated","infect_asymp"
"1962",3,5.33811948743051e-05,"20-64","sector_28","unvaccinated","infect_asymp"
"1963",4,7.45975881946394e-05,"20-64","sector_28","unvaccinated","infect_asymp"
"1964",5,9.42264846841219e-05,"20-64","sector_28","unvaccinated","infect_asymp"
"1965",6,0.000112708444608921,"20-64","sector_28","unvaccinated","infect_asymp"
"1966",7,0.000130747279306451,"20-64","sector_28","unvaccinated","infect_asymp"
"1967",8,0.000149053959292389,"20-64","sector_28","unvaccinated","infect_asymp"
"1968",9,0.000168265172391564,"20-64","sector_28","unvaccinated","infect_asymp"
"1969",10,0.00018893484727964,"20-64","sector_28","unvaccinated","infect_asymp"
"1970",0,0,"20-64","sector_29","unvaccinated","infect_asymp"
"1971",1,6.09505763270447e-05,"20-64","sector_29","unvaccinated","infect_asymp"
"1972",2,0.000182307075202175,"20-64","sector_29","unvaccinated","infect_asymp"
"1973",3,0.000315616581378654,"20-64","sector_29","unvaccinated","infect_asymp"
"1974",4,0.000444354289361455,"20-64","sector_29","unvaccinated","infect_asymp"
"1975",5,0.00056564522845722,"20-64","sector_29","unvaccinated","infect_asymp"
"1976",6,0.000681848544458036,"20-64","sector_29","unvaccinated","infect_asymp"
"1977",7,0.0007968826906737,"20-64","sector_29","unvaccinated","infect_asymp"
"1978",8,0.000914766139522301,"20-64","sector_29","unvaccinated","infect_asymp"
"1979",9,0.00103915010772922,"20-64","sector_29","unvaccinated","infect_asymp"
"1980",10,0.00117326527380707,"20-64","sector_29","unvaccinated","infect_asymp"
"1981",0,0,"20-64","sector_30","unvaccinated","infect_asymp"
"1982",1,0.000351555877697234,"20-64","sector_30","unvaccinated","infect_asymp"
"1983",2,0.00105367150907979,"20-64","sector_30","unvaccinated","infect_asymp"
"1984",3,0.00182879124984725,"20-64","sector_30","unvaccinated","infect_asymp"
"1985",4,0.00258225033743893,"20-64","sector_30","unvaccinated","infect_asymp"
"1986",5,0.00329740225029062,"20-64","sector_30","unvaccinated","infect_asymp"
"1987",6,0.00398748015179847,"20-64","sector_30","unvaccinated","infect_asymp"
"1988",7,0.00467464649937719,"20-64","sector_30","unvaccinated","infect_asymp"
"1989",8,0.00538170584739814,"20-64","sector_30","unvaccinated","infect_asymp"
"1990",9,0.00612946655848775,"20-64","sector_30","unvaccinated","infect_asymp"
"1991",10,0.00693644955674766,"20-64","sector_30","unvaccinated","infect_asymp"
"1992",0,0,"20-64","sector_31","unvaccinated","infect_asymp"
"1993",1,0.000249135348391588,"20-64","sector_31","unvaccinated","infect_asymp"
"1994",2,0.000745944380439604,"20-64","sector_31","unvaccinated","infect_asymp"
"1995",3,0.00129238419979945,"20-64","sector_31","unvaccinated","infect_asymp"
"1996",4,0.00182040013451166,"20-64","sector_31","unvaccinated","infect_asymp"
"1997",5,0.00231773914040394,"20-64","sector_31","unvaccinated","infect_asymp"
"1998",6,0.00279367749448096,"20-64","sector_31","unvaccinated","infect_asymp"
"1999",7,0.00326399236783101,"20-64","sector_31","unvaccinated","infect_asymp"
"2000",8,0.00374495741742888,"20-64","sector_31","unvaccinated","infect_asymp"
"2001",9,0.00425139585444352,"20-64","sector_31","unvaccinated","infect_asymp"
"2002",10,0.00479643633924213,"20-64","sector_31","unvaccinated","infect_asymp"
"2003",0,0,"20-64","sector_32","unvaccinated","infect_asymp"
"2004",1,0.00216668694461495,"20-64","sector_32","unvaccinated","infect_asymp"
"2005",2,0.00644332548954778,"20-64","sector_32","unvaccinated","infect_asymp"
"2006",3,0.011101834871685,"20-64","sector_32","unvaccinated","infect_asymp"
"2007",4,0.0155731936432425,"20-64","sector_32","unvaccinated","infect_asymp"
"2008",5,0.0197737799763531,"20-64","sector_32","unvaccinated","infect_asymp"
"2009",6,0.0237997480165042,"20-64","sector_32","unvaccinated","infect_asymp"
"2010",7,0.0277963722026988,"20-64","sector_32","unvaccinated","infect_asymp"
"2011",8,0.0319079530985259,"20-64","sector_32","unvaccinated","infect_asymp"
"2012",9,0.0362630430858213,"20-64","sector_32","unvaccinated","infect_asymp"
"2013",10,0.0409739286312635,"20-64","sector_32","unvaccinated","infect_asymp"
"2014",0,0,"20-64","sector_33","unvaccinated","infect_asymp"
"2015",1,0.00028071801601791,"20-64","sector_33","unvaccinated","infect_asymp"
"2016",2,0.000839785853835793,"20-64","sector_33","unvaccinated","infect_asymp"
"2017",3,0.00145428117245112,"20-64","sector_33","unvaccinated","infect_asymp"
"2018",4,0.00204826695674819,"20-64","sector_33","unvaccinated","infect_asymp"
"2019",5,0.00260858676475469,"20-64","sector_33","unvaccinated","infect_asymp"
"2020",6,0.0031461285349031,"20-64","sector_33","unvaccinated","infect_asymp"
"2021",7,0.0036789288123407,"20-64","sector_33","unvaccinated","infect_asymp"
"2022",8,0.00422547424815038,"20-64","sector_33","unvaccinated","infect_asymp"
"2023",9,0.00480256375385316,"20-64","sector_33","unvaccinated","infect_asymp"
"2024",10,0.00542507087377757,"20-64","sector_33","unvaccinated","infect_asymp"
"2025",0,0,"20-64","sector_34","unvaccinated","infect_asymp"
"2026",1,0.000167258404603525,"20-64","sector_34","unvaccinated","infect_asymp"
"2027",2,0.000500787766453084,"20-64","sector_34","unvaccinated","infect_asymp"
"2028",3,0.000867771600330134,"20-64","sector_34","unvaccinated","infect_asymp"
"2029",4,0.00122265763700554,"20-64","sector_34","unvaccinated","infect_asymp"
"2030",5,0.00155729062755293,"20-64","sector_34","unvaccinated","infect_asymp"
"2031",6,0.00187792229719466,"20-64","sector_34","unvaccinated","infect_asymp"
"2032",7,0.00219514995766561,"20-64","sector_34","unvaccinated","infect_asymp"
"2033",8,0.00251990422478101,"20-64","sector_34","unvaccinated","infect_asymp"
"2034",9,0.00286215079446633,"20-64","sector_34","unvaccinated","infect_asymp"
"2035",10,0.00323072897743814,"20-64","sector_34","unvaccinated","infect_asymp"
"2036",0,0,"20-64","sector_35","unvaccinated","infect_asymp"
"2037",1,0.000612776369150696,"20-64","sector_35","unvaccinated","infect_asymp"
"2038",2,0.00183173478000098,"20-64","sector_35","unvaccinated","infect_asymp"
"2039",3,0.00316547656615597,"20-64","sector_35","unvaccinated","infect_asymp"
"2040",4,0.00444385831664123,"20-64","sector_35","unvaccinated","infect_asymp"
"2041",5,0.00563562870859994,"20-64","sector_35","unvaccinated","infect_asymp"
"2042",6,0.00676362071502997,"20-64","sector_35","unvaccinated","infect_asymp"
"2043",7,0.00786723959664048,"20-64","sector_35","unvaccinated","infect_asymp"
"2044",8,0.0089872832790156,"20-64","sector_35","unvaccinated","infect_asymp"
"2045",9,0.0101608952373055,"20-64","sector_35","unvaccinated","infect_asymp"
"2046",10,0.011420824805255,"20-64","sector_35","unvaccinated","infect_asymp"
"2047",0,0,"20-64","sector_36","unvaccinated","infect_asymp"
"2048",1,0.000882758277699959,"20-64","sector_36","unvaccinated","infect_asymp"
"2049",2,0.00262321702261242,"20-64","sector_36","unvaccinated","infect_asymp"
"2050",3,0.00451051754000545,"20-64","sector_36","unvaccinated","infect_asymp"
"2051",4,0.00630662724350068,"20-64","sector_36","unvaccinated","infect_asymp"
"2052",5,0.00797394347036233,"20-64","sector_36","unvaccinated","infect_asymp"
"2053",6,0.00955036621940395,"20-64","sector_36","unvaccinated","infect_asymp"
"2054",7,0.0110951345489585,"20-64","sector_36","unvaccinated","infect_asymp"
"2055",8,0.0126676154921284,"20-64","sector_36","unvaccinated","infect_asymp"
"2056",9,0.0143207517072031,"20-64","sector_36","unvaccinated","infect_asymp"
"2057",10,0.0161005509440768,"20-64","sector_36","unvaccinated","infect_asymp"
"2058",0,0,"20-64","sector_37","unvaccinated","infect_asymp"
"2059",1,0.000464007755009213,"20-64","sector_37","unvaccinated","infect_asymp"
"2060",2,0.00138941868025397,"20-64","sector_37","unvaccinated","infect_asymp"
"2061",3,0.00240994153214179,"20-64","sector_37","unvaccinated","infect_asymp"
"2062",4,0.00340165823410537,"20-64","sector_37","unvaccinated","infect_asymp"
"2063",5,0.00434365967677449,"20-64","sector_37","unvaccinated","infect_asymp"
"2064",6,0.00525423493694847,"20-64","sector_37","unvaccinated","infect_asymp"
"2065",7,0.00616320424435664,"20-64","sector_37","unvaccinated","infect_asymp"
"2066",8,0.00710104531676183,"20-64","sector_37","unvaccinated","infect_asymp"
"2067",9,0.00809548442194841,"20-64","sector_37","unvaccinated","infect_asymp"
"2068",10,0.00917117128592853,"20-64","sector_37","unvaccinated","infect_asymp"
"2069",0,0,"20-64","sector_38","unvaccinated","infect_asymp"
"2070",1,0.00217956690522992,"20-64","sector_38","unvaccinated","infect_asymp"
"2071",2,0.00652902665329021,"20-64","sector_38","unvaccinated","infect_asymp"
"2072",3,0.0113223351423498,"20-64","sector_38","unvaccinated","infect_asymp"
"2073",4,0.015969008930654,"20-64","sector_38","unvaccinated","infect_asymp"
"2074",5,0.0203641452319776,"20-64","sector_38","unvaccinated","infect_asymp"
"2075",6,0.0245893848445308,"20-64","sector_38","unvaccinated","infect_asymp"
"2076",7,0.0287823882077175,"20-64","sector_38","unvaccinated","infect_asymp"
"2077",8,0.0330849857075468,"20-64","sector_38","unvaccinated","infect_asymp"
"2078",9,0.0376265296130374,"20-64","sector_38","unvaccinated","infect_asymp"
"2079",10,0.0425219331242691,"20-64","sector_38","unvaccinated","infect_asymp"
"2080",0,0,"20-64","sector_39","unvaccinated","infect_asymp"
"2081",1,0.00240091703159098,"20-64","sector_39","unvaccinated","infect_asymp"
"2082",2,0.00718474968225332,"20-64","sector_39","unvaccinated","infect_asymp"
"2083",3,0.0124371277672009,"20-64","sector_39","unvaccinated","infect_asymp"
"2084",4,0.0174982750628801,"20-64","sector_39","unvaccinated","infect_asymp"
"2085",5,0.022248298176452,"20-64","sector_39","unvaccinated","infect_asymp"
"2086",6,0.0267762529673465,"20-64","sector_39","unvaccinated","infect_asymp"
"2087",7,0.0312346041107786,"20-64","sector_39","unvaccinated","infect_asymp"
"2088",8,0.0357808279859368,"20-64","sector_39","unvaccinated","infect_asymp"
"2089",9,0.0405583168710194,"20-64","sector_39","unvaccinated","infect_asymp"
"2090",10,0.0456938468272117,"20-64","sector_39","unvaccinated","infect_asymp"
"2091",0,0,"20-64","sector_40","unvaccinated","infect_asymp"
"2092",1,0.00117089608794481,"20-64","sector_40","unvaccinated","infect_asymp"
"2093",2,0.00347950285487697,"20-64","sector_40","unvaccinated","infect_asymp"
"2094",3,0.00598356300166578,"20-64","sector_40","unvaccinated","infect_asymp"
"2095",4,0.00836799287725627,"20-64","sector_40","unvaccinated","infect_asymp"
"2096",5,0.0105832855736026,"20-64","sector_40","unvaccinated","infect_asymp"
"2097",6,0.0126798263632199,"20-64","sector_40","unvaccinated","infect_asymp"
"2098",7,0.0147361452421358,"20-64","sector_40","unvaccinated","infect_asymp"
"2099",8,0.0168308713424302,"20-64","sector_40","unvaccinated","infect_asymp"
"2100",9,0.0190341034757548,"20-64","sector_40","unvaccinated","infect_asymp"
"2101",10,0.0214067686917204,"20-64","sector_40","unvaccinated","infect_asymp"
"2102",0,0,"20-64","sector_41","unvaccinated","infect_asymp"
"2103",1,0.00275073703941391,"20-64","sector_41","unvaccinated","infect_asymp"
"2104",2,0.00826140056827864,"20-64","sector_41","unvaccinated","infect_asymp"
"2105",3,0.0144014668049443,"20-64","sector_41","unvaccinated","infect_asymp"
"2106",4,0.0204674224526945,"20-64","sector_41","unvaccinated","infect_asymp"
"2107",5,0.0263537576994737,"20-64","sector_41","unvaccinated","infect_asymp"
"2108",6,0.0321785951627518,"20-64","sector_41","unvaccinated","infect_asymp"
"2109",7,0.038124158189711,"20-64","sector_41","unvaccinated","infect_asymp"
"2110",8,0.0443756435355306,"20-64","sector_41","unvaccinated","infect_asymp"
"2111",9,0.0511030747555259,"20-64","sector_41","unvaccinated","infect_asymp"
"2112",10,0.0584604938138006,"20-64","sector_41","unvaccinated","infect_asymp"
"2113",0,0,"20-64","sector_42","unvaccinated","infect_asymp"
"2114",1,0.00369142911432719,"20-64","sector_42","unvaccinated","infect_asymp"
"2115",2,0.0110738563196164,"20-64","sector_42","unvaccinated","infect_asymp"
"2116",3,0.0192482356109065,"20-64","sector_42","unvaccinated","infect_asymp"
"2117",4,0.027231318099267,"20-64","sector_42","unvaccinated","infect_asymp"
"2118",5,0.0348537874362142,"20-64","sector_42","unvaccinated","infect_asymp"
"2119",6,0.0422564418418084,"20-64","sector_42","unvaccinated","infect_asymp"
"2120",7,0.049672002143058,"20-64","sector_42","unvaccinated","infect_asymp"
"2121",8,0.0573394175989881,"20-64","sector_42","unvaccinated","infect_asymp"
"2122",9,0.0654769796186562,"20-64","sector_42","unvaccinated","infect_asymp"
"2123",10,0.0742796997443071,"20-64","sector_42","unvaccinated","infect_asymp"
"2124",0,0,"20-64","sector_43","unvaccinated","infect_asymp"
"2125",1,0.000873008691070572,"20-64","sector_43","unvaccinated","infect_asymp"
"2126",2,0.00261540929857535,"20-64","sector_43","unvaccinated","infect_asymp"
"2127",3,0.00453551036530221,"20-64","sector_43","unvaccinated","infect_asymp"
"2128",4,0.006396416149747,"20-64","sector_43","unvaccinated","infect_asymp"
"2129",5,0.00815596718853876,"20-64","sector_43","unvaccinated","infect_asymp"
"2130",6,0.00984689108818407,"20-64","sector_43","unvaccinated","infect_asymp"
"2131",7,0.01152441067978,"20-64","sector_43","unvaccinated","infect_asymp"
"2132",8,0.0132454050966999,"20-64","sector_43","unvaccinated","infect_asymp"
"2133",9,0.0150617129495875,"20-64","sector_43","unvaccinated","infect_asymp"
"2134",10,0.0170193445913199,"20-64","sector_43","unvaccinated","infect_asymp"
"2135",0,0,"20-64","sector_44","unvaccinated","infect_asymp"
"2136",1,0.000634485276119088,"20-64","sector_44","unvaccinated","infect_asymp"
"2137",2,0.00188617015892133,"20-64","sector_44","unvaccinated","infect_asymp"
"2138",3,0.00324270810202727,"20-64","sector_44","unvaccinated","infect_asymp"
"2139",4,0.00453106689480736,"20-64","sector_44","unvaccinated","infect_asymp"
"2140",5,0.00572301119607916,"20-64","sector_44","unvaccinated","infect_asymp"
"2141",6,0.00684539469283877,"20-64","sector_44","unvaccinated","infect_asymp"
"2142",7,0.00794097258720853,"20-64","sector_44","unvaccinated","infect_asymp"
"2143",8,0.00905287615470911,"20-64","sector_44","unvaccinated","infect_asymp"
"2144",9,0.0102196956468561,"20-64","sector_44","unvaccinated","infect_asymp"
"2145",10,0.0114749867574606,"20-64","sector_44","unvaccinated","infect_asymp"
"2146",0,0,"20-64","sector_45","unvaccinated","infect_asymp"
"2147",1,3.94745017049188e-05,"20-64","sector_45","unvaccinated","infect_asymp"
"2148",2,0.000117975247537899,"20-64","sector_45","unvaccinated","infect_asymp"
"2149",3,0.000203956321458665,"20-64","sector_45","unvaccinated","infect_asymp"
"2150",4,0.000286596381664039,"20-64","sector_45","unvaccinated","infect_asymp"
"2151",5,0.000363978955853363,"20-64","sector_45","unvaccinated","infect_asymp"
"2152",6,0.000437625231731517,"20-64","sector_45","unvaccinated","infect_asymp"
"2153",7,0.000510092262841041,"20-64","sector_45","unvaccinated","infect_asymp"
"2154",8,0.000584010607414085,"20-64","sector_45","unvaccinated","infect_asymp"
"2155",9,0.000661770552987607,"20-64","sector_45","unvaccinated","infect_asymp"
"2156",10,0.000745481465114505,"20-64","sector_45","unvaccinated","infect_asymp"
"2157",0,0,"0-4","sector_00","unvaccinated","hospitalised_recov"
"2158",1,0.00450192229189892,"0-4","sector_00","unvaccinated","hospitalised_recov"
"2159",2,0.00797521424112684,"0-4","sector_00","unvaccinated","hospitalised_recov"
"2160",3,0.010808845122693,"0-4","sector_00","unvaccinated","hospitalised_recov"
"2161",4,0.0132540601385151,"0-4","sector_00","unvaccinated","hospitalised_recov"
"2162",5,0.015479974329068,"0-4","sector_00","unvaccinated","hospitalised_recov"
"2163",6,0.0176058740165152,"0-4","sector_00","unvaccinated","hospitalised_recov"
"2164",7,0.0197204389505008,"0-4","sector_00","unvaccinated","hospitalised_recov"
"2165",8,0.0218934962825479,"0-4","sector_00","unvaccinated","hospitalised_recov"
"2166",9,0.0241834318487762,"0-4","sector_00","unvaccinated","hospitalised_recov"
"2167",10,0.0266420276815517,"0-4","sector_00","unvaccinated","hospitalised_recov"
"2168",0,0,"5-19","sector_00","unvaccinated","hospitalised_recov"
"2169",1,0.0609978772408503,"5-19","sector_00","unvaccinated","hospitalised_recov"
"2170",2,0.107698130517811,"5-19","sector_00","unvaccinated","hospitalised_recov"
"2171",3,0.147633415484289,"5-19","sector_00","unvaccinated","hospitalised_recov"
"2172",4,0.185049388550579,"5-19","sector_00","unvaccinated","hospitalised_recov"
"2173",5,0.222438196506074,"5-19","sector_00","unvaccinated","hospitalised_recov"
"2174",6,0.261362214361514,"5-19","sector_00","unvaccinated","hospitalised_recov"
"2175",7,0.302899690133631,"5-19","sector_00","unvaccinated","hospitalised_recov"
"2176",8,0.347888422272852,"5-19","sector_00","unvaccinated","hospitalised_recov"
"2177",9,0.397061291729609,"5-19","sector_00","unvaccinated","hospitalised_recov"
"2178",10,0.451123794471866,"5-19","sector_00","unvaccinated","hospitalised_recov"
"2179",0,0,"20-64","sector_00","unvaccinated","hospitalised_recov"
"2180",1,0.00794683178329225,"20-64","sector_00","unvaccinated","hospitalised_recov"
"2181",2,0.0141983602058814,"20-64","sector_00","unvaccinated","hospitalised_recov"
"2182",3,0.0194886928700287,"20-64","sector_00","unvaccinated","hospitalised_recov"
"2183",4,0.0242768240187283,"20-64","sector_00","unvaccinated","hospitalised_recov"
"2184",5,0.0288657430881305,"20-64","sector_00","unvaccinated","hospitalised_recov"
"2185",6,0.0334686453802429,"20-64","sector_00","unvaccinated","hospitalised_recov"
"2186",7,0.0382465526689674,"20-64","sector_00","unvaccinated","hospitalised_recov"
"2187",8,0.0433303207716613,"20-64","sector_00","unvaccinated","hospitalised_recov"
"2188",9,0.0488340115834443,"20-64","sector_00","unvaccinated","hospitalised_recov"
"2189",10,0.054863416215288,"20-64","sector_00","unvaccinated","hospitalised_recov"
"2190",0,0,"65+","sector_00","unvaccinated","hospitalised_recov"
"2191",1,0.180175460357777,"65+","sector_00","unvaccinated","hospitalised_recov"
"2192",2,0.288321826036977,"65+","sector_00","unvaccinated","hospitalised_recov"
"2193",3,0.356559675023674,"65+","sector_00","unvaccinated","hospitalised_recov"
"2194",4,0.403130547040268,"65+","sector_00","unvaccinated","hospitalised_recov"
"2195",5,0.438524455728253,"65+","sector_00","unvaccinated","hospitalised_recov"
"2196",6,0.468888993463014,"65+","sector_00","unvaccinated","hospitalised_recov"
"2197",7,0.497935302468467,"65+","sector_00","unvaccinated","hospitalised_recov"
"2198",8,0.528009677099534,"65+","sector_00","unvaccinated","hospitalised_recov"
"2199",9,0.560700265272731,"65+","sector_00","unvaccinated","hospitalised_recov"
"2200",10,0.597183710238639,"65+","sector_00","unvaccinated","hospitalised_recov"
"2201",0,0,"20-64","sector_01","unvaccinated","hospitalised_recov"
"2202",1,0.000451754893667399,"20-64","sector_01","unvaccinated","hospitalised_recov"
"2203",2,0.000817367009944282,"20-64","sector_01","unvaccinated","hospitalised_recov"
"2204",3,0.00114233876638503,"20-64","sector_01","unvaccinated","hospitalised_recov"
"2205",4,0.00145336105452021,"20-64","sector_01","unvaccinated","hospitalised_recov"
"2206",5,0.00176694752172699,"20-64","sector_01","unvaccinated","hospitalised_recov"
"2207",6,0.00209413824459456,"20-64","sector_01","unvaccinated","hospitalised_recov"
"2208",7,0.00244309155045723,"20-64","sector_01","unvaccinated","hospitalised_recov"
"2209",8,0.00282053582570418,"20-64","sector_01","unvaccinated","hospitalised_recov"
"2210",9,0.00323260314044777,"20-64","sector_01","unvaccinated","hospitalised_recov"
"2211",10,0.00368532646312403,"20-64","sector_01","unvaccinated","hospitalised_recov"
"2212",0,0,"20-64","sector_02","unvaccinated","hospitalised_recov"
"2213",1,1.94554920478191e-05,"20-64","sector_02","unvaccinated","hospitalised_recov"
"2214",2,3.53711939785785e-05,"20-64","sector_02","unvaccinated","hospitalised_recov"
"2215",3,4.97772781952494e-05,"20-64","sector_02","unvaccinated","hospitalised_recov"
"2216",4,6.38458850495573e-05,"20-64","sector_02","unvaccinated","hospitalised_recov"
"2217",5,7.82908894585791e-05,"20-64","sector_02","unvaccinated","hospitalised_recov"
"2218",6,9.35841068412784e-05,"20-64","sector_02","unvaccinated","hospitalised_recov"
"2219",7,0.000110073376812976,"20-64","sector_02","unvaccinated","hospitalised_recov"
"2220",8,0.000128048014255405,"20-64","sector_02","unvaccinated","hospitalised_recov"
"2221",9,0.000147775946786778,"20-64","sector_02","unvaccinated","hospitalised_recov"
"2222",10,0.00016952560025333,"20-64","sector_02","unvaccinated","hospitalised_recov"
"2223",0,0,"20-64","sector_03","unvaccinated","hospitalised_recov"
"2224",1,1.91675084433423e-05,"20-64","sector_03","unvaccinated","hospitalised_recov"
"2225",2,3.45851802170399e-05,"20-64","sector_03","unvaccinated","hospitalised_recov"
"2226",3,4.81468832358768e-05,"20-64","sector_03","unvaccinated","hospitalised_recov"
"2227",4,6.09744741041354e-05,"20-64","sector_03","unvaccinated","hospitalised_recov"
"2228",5,7.37674516706669e-05,"20-64","sector_03","unvaccinated","hospitalised_recov"
"2229",6,8.69950044025871e-05,"20-64","sector_03","unvaccinated","hospitalised_recov"
"2230",7,0.000101002823155958,"20-64","sector_03","unvaccinated","hospitalised_recov"
"2231",8,0.000116073536506984,"20-64","sector_03","unvaccinated","hospitalised_recov"
"2232",9,0.000132461758276044,"20-64","sector_03","unvaccinated","hospitalised_recov"
"2233",10,0.000150415164058231,"20-64","sector_03","unvaccinated","hospitalised_recov"
"2234",0,0,"20-64","sector_04","unvaccinated","hospitalised_recov"
"2235",1,2.62704802675863e-05,"20-64","sector_04","unvaccinated","hospitalised_recov"
"2236",2,4.8029837720831e-05,"20-64","sector_04","unvaccinated","hospitalised_recov"
"2237",3,6.80836814080357e-05,"20-64","sector_04","unvaccinated","hospitalised_recov"
"2238",4,8.79882553103024e-05,"20-64","sector_04","unvaccinated","hospitalised_recov"
"2239",5,0.000108652422305981,"20-64","sector_04","unvaccinated","hospitalised_recov"
"2240",6,0.000130657393903393,"20-64","sector_04","unvaccinated","hospitalised_recov"
"2241",7,0.00015442704106138,"20-64","sector_04","unvaccinated","hospitalised_recov"
"2242",8,0.000180319206219032,"20-64","sector_04","unvaccinated","hospitalised_recov"
"2243",9,0.000208675380700175,"20-64","sector_04","unvaccinated","hospitalised_recov"
"2244",10,0.000239848582206141,"20-64","sector_04","unvaccinated","hospitalised_recov"
"2245",0,0,"20-64","sector_05","unvaccinated","hospitalised_recov"
"2246",1,2.85301389643224e-05,"20-64","sector_05","unvaccinated","hospitalised_recov"
"2247",2,5.18114224607072e-05,"20-64","sector_05","unvaccinated","hospitalised_recov"
"2248",3,7.27922124268669e-05,"20-64","sector_05","unvaccinated","hospitalised_recov"
"2249",4,9.31774563225354e-05,"20-64","sector_05","unvaccinated","hospitalised_recov"
"2250",5,0.000114007315456085,"20-64","sector_05","unvaccinated","hospitalised_recov"
"2251",6,0.000135970289790993,"20-64","sector_05","unvaccinated","hospitalised_recov"
"2252",7,0.000159574290525249,"20-64","sector_05","unvaccinated","hospitalised_recov"
"2253",8,0.000185241460316332,"20-64","sector_05","unvaccinated","hospitalised_recov"
"2254",9,0.00021336195167098,"20-64","sector_05","unvaccinated","hospitalised_recov"
"2255",10,0.000244325589405267,"20-64","sector_05","unvaccinated","hospitalised_recov"
"2256",0,0,"20-64","sector_06","unvaccinated","hospitalised_recov"
"2257",1,0.00050266947614645,"20-64","sector_06","unvaccinated","hospitalised_recov"
"2258",2,0.000918486668162596,"20-64","sector_06","unvaccinated","hospitalised_recov"
"2259",3,0.00130177446068546,"20-64","sector_06","unvaccinated","hospitalised_recov"
"2260",4,0.00168340516206178,"20-64","sector_06","unvaccinated","hospitalised_recov"
"2261",5,0.00208190570358682,"20-64","sector_06","unvaccinated","hospitalised_recov"
"2262",6,0.0025094123226456,"20-64","sector_06","unvaccinated","hospitalised_recov"
"2263",7,0.0029748886824291,"20-64","sector_06","unvaccinated","hospitalised_recov"
"2264",8,0.00348588740782149,"20-64","sector_06","unvaccinated","hospitalised_recov"
"2265",9,0.00404953574959322,"20-64","sector_06","unvaccinated","hospitalised_recov"
"2266",10,0.00467310857541544,"20-64","sector_06","unvaccinated","hospitalised_recov"
"2267",0,0,"20-64","sector_07","unvaccinated","hospitalised_recov"
"2268",1,0.000122561280778639,"20-64","sector_07","unvaccinated","hospitalised_recov"
"2269",2,0.0002240051917412,"20-64","sector_07","unvaccinated","hospitalised_recov"
"2270",3,0.000317548003695824,"20-64","sector_07","unvaccinated","hospitalised_recov"
"2271",4,0.000410619247905106,"20-64","sector_07","unvaccinated","hospitalised_recov"
"2272",5,0.00050759797164111,"20-64","sector_07","unvaccinated","hospitalised_recov"
"2273",6,0.000611288058362171,"20-64","sector_07","unvaccinated","hospitalised_recov"
"2274",7,0.000723718276221012,"20-64","sector_07","unvaccinated","hospitalised_recov"
"2275",8,0.000846580106226479,"20-64","sector_07","unvaccinated","hospitalised_recov"
"2276",9,0.00098147125728775,"20-64","sector_07","unvaccinated","hospitalised_recov"
"2277",10,0.00113003523452654,"20-64","sector_07","unvaccinated","hospitalised_recov"
"2278",0,0,"20-64","sector_08","unvaccinated","hospitalised_recov"
"2279",1,9.05009919763688e-05,"20-64","sector_08","unvaccinated","hospitalised_recov"
"2280",2,0.000164427116472427,"20-64","sector_08","unvaccinated","hospitalised_recov"
"2281",3,0.000231065719710352,"20-64","sector_08","unvaccinated","hospitalised_recov"
"2282",4,0.000295703659535679,"20-64","sector_08","unvaccinated","hospitalised_recov"
"2283",5,0.000361511630211894,"20-64","sector_08","unvaccinated","hospitalised_recov"
"2284",6,0.000430557371879343,"20-64","sector_08","unvaccinated","hospitalised_recov"
"2285",7,0.000504353891038385,"20-64","sector_08","unvaccinated","hospitalised_recov"
"2286",8,0.000584159165788699,"20-64","sector_08","unvaccinated","hospitalised_recov"
"2287",9,0.000671143021585707,"20-64","sector_08","unvaccinated","hospitalised_recov"
"2288",10,0.000766483164274541,"20-64","sector_08","unvaccinated","hospitalised_recov"
"2289",0,0,"20-64","sector_09","unvaccinated","hospitalised_recov"
"2290",1,0.000187163271036148,"20-64","sector_09","unvaccinated","hospitalised_recov"
"2291",2,0.000341211655644365,"20-64","sector_09","unvaccinated","hospitalised_recov"
"2292",3,0.000482015052120182,"20-64","sector_09","unvaccinated","hospitalised_recov"
"2293",4,0.000620917886241709,"20-64","sector_09","unvaccinated","hospitalised_recov"
"2294",5,0.00076476033198589,"20-64","sector_09","unvaccinated","hospitalised_recov"
"2295",6,0.000918038806754322,"20-64","sector_09","unvaccinated","hospitalised_recov"
"2296",7,0.00108407598870715,"20-64","sector_09","unvaccinated","hospitalised_recov"
"2297",8,0.00126566259765084,"20-64","sector_09","unvaccinated","hospitalised_recov"
"2298",9,0.00146541719981061,"20-64","sector_09","unvaccinated","hospitalised_recov"
"2299",10,0.00168599566534099,"20-64","sector_09","unvaccinated","hospitalised_recov"
"2300",0,0,"20-64","sector_10","unvaccinated","hospitalised_recov"
"2301",1,1.14280732030071e-05,"20-64","sector_10","unvaccinated","hospitalised_recov"
"2302",2,2.08279236963113e-05,"20-64","sector_10","unvaccinated","hospitalised_recov"
"2303",3,2.9412640165085e-05,"20-64","sector_10","unvaccinated","hospitalised_recov"
"2304",4,3.78769580537057e-05,"20-64","sector_10","unvaccinated","hospitalised_recov"
"2305",5,4.66407317323261e-05,"20-64","sector_10","unvaccinated","hospitalised_recov"
"2306",6,5.59800639792337e-05,"20-64","sector_10","unvaccinated","hospitalised_recov"
"2307",7,6.60985544543075e-05,"20-64","sector_10","unvaccinated","hospitalised_recov"
"2308",8,7.71665463980646e-05,"20-64","sector_10","unvaccinated","hospitalised_recov"
"2309",9,8.93432396690495e-05,"20-64","sector_10","unvaccinated","hospitalised_recov"
"2310",10,0.000102789630863954,"20-64","sector_10","unvaccinated","hospitalised_recov"
"2311",0,0,"20-64","sector_11","unvaccinated","hospitalised_recov"
"2312",1,0.000118736560028754,"20-64","sector_11","unvaccinated","hospitalised_recov"
"2313",2,0.000216584015453953,"20-64","sector_11","unvaccinated","hospitalised_recov"
"2314",3,0.000306174660016802,"20-64","sector_11","unvaccinated","hospitalised_recov"
"2315",4,0.000394657946526186,"20-64","sector_11","unvaccinated","hospitalised_recov"
"2316",5,0.00048627765363824,"20-64","sector_11","unvaccinated","hospitalised_recov"
"2317",6,0.000583765610761765,"20-64","sector_11","unvaccinated","hospitalised_recov"
"2318",7,0.000689100386550433,"20-64","sector_11","unvaccinated","hospitalised_recov"
"2319",8,0.000803924443708211,"20-64","sector_11","unvaccinated","hospitalised_recov"
"2320",9,0.000929777446451561,"20-64","sector_11","unvaccinated","hospitalised_recov"
"2321",10,0.00106823077336597,"20-64","sector_11","unvaccinated","hospitalised_recov"
"2322",0,0,"20-64","sector_12","unvaccinated","hospitalised_recov"
"2323",1,5.53735748369024e-05,"20-64","sector_12","unvaccinated","hospitalised_recov"
"2324",2,0.000101389263059981,"20-64","sector_12","unvaccinated","hospitalised_recov"
"2325",3,0.000144017227499588,"20-64","sector_12","unvaccinated","hospitalised_recov"
"2326",4,0.000186551209567435,"20-64","sector_12","unvaccinated","hospitalised_recov"
"2327",5,0.000230904572089367,"20-64","sector_12","unvaccinated","hospitalised_recov"
"2328",6,0.000278296659986871,"20-64","sector_12","unvaccinated","hospitalised_recov"
"2329",7,0.00032961709176247,"20-64","sector_12","unvaccinated","hospitalised_recov"
"2330",8,0.000385620225679058,"20-64","sector_12","unvaccinated","hospitalised_recov"
"2331",9,0.000447030426471326,"20-64","sector_12","unvaccinated","hospitalised_recov"
"2332",10,0.000514600831025631,"20-64","sector_12","unvaccinated","hospitalised_recov"
"2333",0,0,"20-64","sector_13","unvaccinated","hospitalised_recov"
"2334",1,0.000195268217498575,"20-64","sector_13","unvaccinated","hospitalised_recov"
"2335",2,0.000355703748215072,"20-64","sector_13","unvaccinated","hospitalised_recov"
"2336",3,0.000501922114026388,"20-64","sector_13","unvaccinated","hospitalised_recov"
"2337",4,0.000645722304563397,"20-64","sector_13","unvaccinated","hospitalised_recov"
"2338",5,0.000794234009903304,"20-64","sector_13","unvaccinated","hospitalised_recov"
"2339",6,0.000952149154805948,"20-64","sector_13","unvaccinated","hospitalised_recov"
"2340",7,0.00112293257000018,"20-64","sector_13","unvaccinated","hospitalised_recov"
"2341",8,0.00130948746969682,"20-64","sector_13","unvaccinated","hospitalised_recov"
"2342",9,0.0015145293953971,"20-64","sector_13","unvaccinated","hospitalised_recov"
"2343",10,0.00174080437373506,"20-64","sector_13","unvaccinated","hospitalised_recov"
"2344",0,0,"20-64","sector_14","unvaccinated","hospitalised_recov"
"2345",1,0.000109968563785959,"20-64","sector_14","unvaccinated","hospitalised_recov"
"2346",2,0.000200500533311269,"20-64","sector_14","unvaccinated","hospitalised_recov"
"2347",3,0.000283301693123669,"20-64","sector_14","unvaccinated","hospitalised_recov"
"2348",4,0.000365067553701381,"20-64","sector_14","unvaccinated","hospitalised_recov"
"2349",5,0.000449839738558327,"20-64","sector_14","unvaccinated","hospitalised_recov"
"2350",6,0.000540274220380821,"20-64","sector_14","unvaccinated","hospitalised_recov"
"2351",7,0.000638329831603609,"20-64","sector_14","unvaccinated","hospitalised_recov"
"2352",8,0.000745647148038,"20-64","sector_14","unvaccinated","hospitalised_recov"
"2353",9,0.000863761729724286,"20-64","sector_14","unvaccinated","hospitalised_recov"
"2354",10,0.000994228770742433,"20-64","sector_14","unvaccinated","hospitalised_recov"
"2355",0,0,"20-64","sector_15","unvaccinated","hospitalised_recov"
"2356",1,7.81541801151608e-05,"20-64","sector_15","unvaccinated","hospitalised_recov"
"2357",2,0.000142592373532629,"20-64","sector_15","unvaccinated","hospitalised_recov"
"2358",3,0.000201642638210331,"20-64","sector_15","unvaccinated","hospitalised_recov"
"2359",4,0.000260014482790524,"20-64","sector_15","unvaccinated","hospitalised_recov"
"2360",5,0.000320500954278283,"20-64","sector_15","unvaccinated","hospitalised_recov"
"2361",6,0.000384898797131278,"20-64","sector_15","unvaccinated","hospitalised_recov"
"2362",7,0.00045450912453657,"20-64","sector_15","unvaccinated","hospitalised_recov"
"2363",8,0.000530412550553008,"20-64","sector_15","unvaccinated","hospitalised_recov"
"2364",9,0.000613622963579245,"20-64","sector_15","unvaccinated","hospitalised_recov"
"2365",10,0.000705176119721057,"20-64","sector_15","unvaccinated","hospitalised_recov"
"2366",0,0,"20-64","sector_16","unvaccinated","hospitalised_recov"
"2367",1,0.000367623854770699,"20-64","sector_16","unvaccinated","hospitalised_recov"
"2368",2,0.000670301506512631,"20-64","sector_16","unvaccinated","hospitalised_recov"
"2369",3,0.000946622239728393,"20-64","sector_16","unvaccinated","hospitalised_recov"
"2370",4,0.00121821869915146,"20-64","sector_16","unvaccinated","hospitalised_recov"
"2371",5,0.00149786033352559,"20-64","sector_16","unvaccinated","hospitalised_recov"
"2372",6,0.00179377493426816,"20-64","sector_16","unvaccinated","hospitalised_recov"
"2373",7,0.00211196597114442,"20-64","sector_16","unvaccinated","hospitalised_recov"
"2374",8,0.00245746522289812,"20-64","sector_16","unvaccinated","hospitalised_recov"
"2375",9,0.00283502082828243,"20-64","sector_16","unvaccinated","hospitalised_recov"
"2376",10,0.00324948736133132,"20-64","sector_16","unvaccinated","hospitalised_recov"
"2377",0,0,"20-64","sector_17","unvaccinated","hospitalised_recov"
"2378",1,0.000136868206641721,"20-64","sector_17","unvaccinated","hospitalised_recov"
"2379",2,0.000249911672959998,"20-64","sector_17","unvaccinated","hospitalised_recov"
"2380",3,0.000353820426294679,"20-64","sector_17","unvaccinated","hospitalised_recov"
"2381",4,0.000456943499549229,"20-64","sector_17","unvaccinated","hospitalised_recov"
"2382",5,0.000564295557657946,"20-64","sector_17","unvaccinated","hospitalised_recov"
"2383",6,0.000679167503683673,"20-64","sector_17","unvaccinated","hospitalised_recov"
"2384",7,0.000803995626856702,"20-64","sector_17","unvaccinated","hospitalised_recov"
"2385",8,0.000940836414458186,"20-64","sector_17","unvaccinated","hospitalised_recov"
"2386",9,0.00109163159079281,"20-64","sector_17","unvaccinated","hospitalised_recov"
"2387",10,0.00125836179375214,"20-64","sector_17","unvaccinated","hospitalised_recov"
"2388",0,0,"20-64","sector_18","unvaccinated","hospitalised_recov"
"2389",1,9.51975068800914e-05,"20-64","sector_18","unvaccinated","hospitalised_recov"
"2390",2,0.00017432565328751,"20-64","sector_18","unvaccinated","hospitalised_recov"
"2391",3,0.000247829243270364,"20-64","sector_18","unvaccinated","hospitalised_recov"
"2392",4,0.000321609428875823,"20-64","sector_18","unvaccinated","hospitalised_recov"
"2393",5,0.000399189851701478,"20-64","sector_18","unvaccinated","hospitalised_recov"
"2394",6,0.000482873773858048,"20-64","sector_18","unvaccinated","hospitalised_recov"
"2395",7,0.000574366623944535,"20-64","sector_18","unvaccinated","hospitalised_recov"
"2396",8,0.000675115004661148,"20-64","sector_18","unvaccinated","hospitalised_recov"
"2397",9,0.000786495335229545,"20-64","sector_18","unvaccinated","hospitalised_recov"
"2398",10,0.00090992296373872,"20-64","sector_18","unvaccinated","hospitalised_recov"
"2399",0,0,"20-64","sector_19","unvaccinated","hospitalised_recov"
"2400",1,0.00022160375544214,"20-64","sector_19","unvaccinated","hospitalised_recov"
"2401",2,0.000405319858903558,"20-64","sector_19","unvaccinated","hospitalised_recov"
"2402",3,0.000575162969799537,"20-64","sector_19","unvaccinated","hospitalised_recov"
"2403",4,0.00074460114973202,"20-64","sector_19","unvaccinated","hospitalised_recov"
"2404",5,0.000921553468792377,"20-64","sector_19","unvaccinated","hospitalised_recov"
"2405",6,0.00111108159956165,"20-64","sector_19","unvaccinated","hospitalised_recov"
"2406",7,0.00131684740823186,"20-64","sector_19","unvaccinated","hospitalised_recov"
"2407",8,0.00154190927292202,"20-64","sector_19","unvaccinated","hospitalised_recov"
"2408",9,0.00178916411648804,"20-64","sector_19","unvaccinated","hospitalised_recov"
"2409",10,0.00206160023284218,"20-64","sector_19","unvaccinated","hospitalised_recov"
"2410",0,0,"20-64","sector_20","unvaccinated","hospitalised_recov"
"2411",1,0.000189944257875932,"20-64","sector_20","unvaccinated","hospitalised_recov"
"2412",2,0.000347763005531585,"20-64","sector_20","unvaccinated","hospitalised_recov"
"2413",3,0.000493925601247832,"20-64","sector_20","unvaccinated","hospitalised_recov"
"2414",4,0.000639727963050579,"20-64","sector_20","unvaccinated","hospitalised_recov"
"2415",5,0.000791733666268326,"20-64","sector_20","unvaccinated","hospitalised_recov"
"2416",6,0.000954126208983432,"20-64","sector_20","unvaccinated","hospitalised_recov"
"2417",7,0.00112995771857302,"20-64","sector_20","unvaccinated","hospitalised_recov"
"2418",8,0.00132181567973837,"20-64","sector_20","unvaccinated","hospitalised_recov"
"2419",9,0.00153218393085979,"20-64","sector_20","unvaccinated","hospitalised_recov"
"2420",10,0.00176364424305797,"20-64","sector_20","unvaccinated","hospitalised_recov"
"2421",0,0,"20-64","sector_21","unvaccinated","hospitalised_recov"
"2422",1,0.000158325042922999,"20-64","sector_21","unvaccinated","hospitalised_recov"
"2423",2,0.000287902234868416,"20-64","sector_21","unvaccinated","hospitalised_recov"
"2424",3,0.000405244123979961,"20-64","sector_21","unvaccinated","hospitalised_recov"
"2425",4,0.000519855558677476,"20-64","sector_21","unvaccinated","hospitalised_recov"
"2426",5,0.000637510087115798,"20-64","sector_21","unvaccinated","hospitalised_recov"
"2427",6,0.000762018676102058,"20-64","sector_21","unvaccinated","hospitalised_recov"
"2428",7,0.00089619312187827,"20-64","sector_21","unvaccinated","hospitalised_recov"
"2429",8,0.00104237810931497,"20-64","sector_21","unvaccinated","hospitalised_recov"
"2430",9,0.00120275174443834,"20-64","sector_21","unvaccinated","hospitalised_recov"
"2431",10,0.00137950177145688,"20-64","sector_21","unvaccinated","hospitalised_recov"
"2432",0,0,"20-64","sector_22","unvaccinated","hospitalised_recov"
"2433",1,0.000361596853972123,"20-64","sector_22","unvaccinated","hospitalised_recov"
"2434",2,0.00066142425130974,"20-64","sector_22","unvaccinated","hospitalised_recov"
"2435",3,0.00093885175488913,"20-64","sector_22","unvaccinated","hospitalised_recov"
"2436",4,0.00121618737998381,"20-64","sector_22","unvaccinated","hospitalised_recov"
"2437",5,0.00150678407125924,"20-64","sector_22","unvaccinated","hospitalised_recov"
"2438",6,0.00181937841233395,"20-64","sector_22","unvaccinated","hospitalised_recov"
"2439",7,0.00216043021940924,"20-64","sector_22","unvaccinated","hospitalised_recov"
"2440",8,0.00253539990621447,"20-64","sector_22","unvaccinated","hospitalised_recov"
"2441",9,0.00294946125986068,"20-64","sector_22","unvaccinated","hospitalised_recov"
"2442",10,0.00340791474528225,"20-64","sector_22","unvaccinated","hospitalised_recov"
"2443",0,0,"20-64","sector_23","unvaccinated","hospitalised_recov"
"2444",1,0.000170938367428813,"20-64","sector_23","unvaccinated","hospitalised_recov"
"2445",2,0.000312684456071076,"20-64","sector_23","unvaccinated","hospitalised_recov"
"2446",3,0.000443775746255167,"20-64","sector_23","unvaccinated","hospitalised_recov"
"2447",4,0.000574605041542656,"20-64","sector_23","unvaccinated","hospitalised_recov"
"2448",5,0.000711281093081159,"20-64","sector_23","unvaccinated","hospitalised_recov"
"2449",6,0.000857707505020339,"20-64","sector_23","unvaccinated","hospitalised_recov"
"2450",7,0.00101670830615832,"20-64","sector_23","unvaccinated","hospitalised_recov"
"2451",8,0.0011906427268451,"20-64","sector_23","unvaccinated","hospitalised_recov"
"2452",9,0.00138174636222769,"20-64","sector_23","unvaccinated","hospitalised_recov"
"2453",10,0.001592326247502,"20-64","sector_23","unvaccinated","hospitalised_recov"
"2454",0,0,"20-64","sector_24","unvaccinated","hospitalised_recov"
"2455",1,0.00022261496308948,"20-64","sector_24","unvaccinated","hospitalised_recov"
"2456",2,0.000407402959439133,"20-64","sector_24","unvaccinated","hospitalised_recov"
"2457",3,0.000578288120019015,"20-64","sector_24","unvaccinated","hospitalised_recov"
"2458",4,0.000748493232494555,"20-64","sector_24","unvaccinated","hospitalised_recov"
"2459",5,0.00092571309584776,"20-64","sector_24","unvaccinated","hospitalised_recov"
"2460",6,0.00111485694628215,"20-64","sector_24","unvaccinated","hospitalised_recov"
"2461",7,0.00131950579590519,"20-64","sector_24","unvaccinated","hospitalised_recov"
"2462",8,0.00154269153335428,"20-64","sector_24","unvaccinated","hospitalised_recov"
"2463",9,0.00178731937311726,"20-64","sector_24","unvaccinated","hospitalised_recov"
"2464",10,0.00205640410052371,"20-64","sector_24","unvaccinated","hospitalised_recov"
"2465",0,0,"20-64","sector_25","unvaccinated","hospitalised_recov"
"2466",1,0.00269086621636688,"20-64","sector_25","unvaccinated","hospitalised_recov"
"2467",2,0.00487365669396371,"20-64","sector_25","unvaccinated","hospitalised_recov"
"2468",3,0.00682135100202221,"20-64","sector_25","unvaccinated","hospitalised_recov"
"2469",4,0.00869340480301006,"20-64","sector_25","unvaccinated","hospitalised_recov"
"2470",5,0.010588062197196,"20-64","sector_25","unvaccinated","hospitalised_recov"
"2471",6,0.0125708015265699,"20-64","sector_25","unvaccinated","hospitalised_recov"
"2472",7,0.014689972125199,"20-64","sector_25","unvaccinated","hospitalised_recov"
"2473",8,0.0169855268943569,"20-64","sector_25","unvaccinated","hospitalised_recov"
"2474",9,0.0194940185978416,"20-64","sector_25","unvaccinated","hospitalised_recov"
"2475",10,0.0222515684248766,"20-64","sector_25","unvaccinated","hospitalised_recov"
"2476",0,0,"20-64","sector_26","unvaccinated","hospitalised_recov"
"2477",1,0.00562160253649442,"20-64","sector_26","unvaccinated","hospitalised_recov"
"2478",2,0.0104121212540499,"20-64","sector_26","unvaccinated","hospitalised_recov"
"2479",3,0.0150389192533432,"20-64","sector_26","unvaccinated","hospitalised_recov"
"2480",4,0.0198710069719327,"20-64","sector_26","unvaccinated","hospitalised_recov"
"2481",5,0.0251260553592535,"20-64","sector_26","unvaccinated","hospitalised_recov"
"2482",6,0.0309473794180389,"20-64","sector_26","unvaccinated","hospitalised_recov"
"2483",7,0.037444418026503,"20-64","sector_26","unvaccinated","hospitalised_recov"
"2484",8,0.0447142297673469,"20-64","sector_26","unvaccinated","hospitalised_recov"
"2485",9,0.0528531607659371,"20-64","sector_26","unvaccinated","hospitalised_recov"
"2486",10,0.0619634690855452,"20-64","sector_26","unvaccinated","hospitalised_recov"
"2487",0,0,"20-64","sector_27","unvaccinated","hospitalised_recov"
"2488",1,0.00091508649933681,"20-64","sector_27","unvaccinated","hospitalised_recov"
"2489",2,0.00167972470049077,"20-64","sector_27","unvaccinated","hospitalised_recov"
"2490",3,0.00239551615159885,"20-64","sector_27","unvaccinated","hospitalised_recov"
"2491",4,0.00311883668035505,"20-64","sector_27","unvaccinated","hospitalised_recov"
"2492",5,0.00388248671473375,"20-64","sector_27","unvaccinated","hospitalised_recov"
"2493",6,0.00470728733079158,"20-64","sector_27","unvaccinated","hospitalised_recov"
"2494",7,0.00560831735776935,"20-64","sector_27","unvaccinated","hospitalised_recov"
"2495",8,0.00659829325241162,"20-64","sector_27","unvaccinated","hospitalised_recov"
"2496",9,0.00768942802338607,"20-64","sector_27","unvaccinated","hospitalised_recov"
"2497",10,0.00889448462721906,"20-64","sector_27","unvaccinated","hospitalised_recov"
"2498",0,0,"20-64","sector_28","unvaccinated","hospitalised_recov"
"2499",1,1.7245302951525e-05,"20-64","sector_28","unvaccinated","hospitalised_recov"
"2500",2,3.13585837369172e-05,"20-64","sector_28","unvaccinated","hospitalised_recov"
"2501",3,4.41190568017455e-05,"20-64","sector_28","unvaccinated","hospitalised_recov"
"2502",4,5.65357313733622e-05,"20-64","sector_28","unvaccinated","hospitalised_recov"
"2503",5,6.92113684273872e-05,"20-64","sector_28","unvaccinated","hospitalised_recov"
"2504",6,8.25378582751169e-05,"20-64","sector_28","unvaccinated","hospitalised_recov"
"2505",7,9.68017067649237e-05,"20-64","sector_28","unvaccinated","hospitalised_recov"
"2506",8,0.000112241545878967,"20-64","sector_28","unvaccinated","hospitalised_recov"
"2507",9,0.000129080049421717,"20-64","sector_28","unvaccinated","hospitalised_recov"
"2508",10,0.000147542231785541,"20-64","sector_28","unvaccinated","hospitalised_recov"
"2509",0,0,"20-64","sector_29","unvaccinated","hospitalised_recov"
"2510",1,9.10694562061923e-05,"20-64","sector_29","unvaccinated","hospitalised_recov"
"2511",2,0.00016656196790264,"20-64","sector_29","unvaccinated","hospitalised_recov"
"2512",3,0.000236365584242075,"20-64","sector_29","unvaccinated","hospitalised_recov"
"2513",4,0.000306075395072218,"20-64","sector_29","unvaccinated","hospitalised_recov"
"2514",5,0.000379040199583346,"20-64","sector_29","unvaccinated","hospitalised_recov"
"2515",6,0.00045745542722558,"20-64","sector_29","unvaccinated","hospitalised_recov"
"2516",7,0.000542950735930202,"20-64","sector_29","unvaccinated","hospitalised_recov"
"2517",8,0.000636909665465753,"20-64","sector_29","unvaccinated","hospitalised_recov"
"2518",9,0.000740647281407309,"20-64","sector_29","unvaccinated","hospitalised_recov"
"2519",10,0.000855512780376775,"20-64","sector_29","unvaccinated","hospitalised_recov"
"2520",0,0,"20-64","sector_30","unvaccinated","hospitalised_recov"
"2521",1,0.000475128047688347,"20-64","sector_30","unvaccinated","hospitalised_recov"
"2522",2,0.000874422214435967,"20-64","sector_30","unvaccinated","hospitalised_recov"
"2523",3,0.00125185545343209,"20-64","sector_30","unvaccinated","hospitalised_recov"
"2524",4,0.00163757788558737,"20-64","sector_30","unvaccinated","hospitalised_recov"
"2525",5,0.00204944392029151,"20-64","sector_30","unvaccinated","hospitalised_recov"
"2526",6,0.00249911633054237,"20-64","sector_30","unvaccinated","hospitalised_recov"
"2527",7,0.00299531692371266,"20-64","sector_30","unvaccinated","hospitalised_recov"
"2528",8,0.00354557652931678,"20-64","sector_30","unvaccinated","hospitalised_recov"
"2529",9,0.00415719739917845,"20-64","sector_30","unvaccinated","hospitalised_recov"
"2530",10,0.00483780446519907,"20-64","sector_30","unvaccinated","hospitalised_recov"
"2531",0,0,"20-64","sector_31","unvaccinated","hospitalised_recov"
"2532",1,0.000317155798706475,"20-64","sector_31","unvaccinated","hospitalised_recov"
"2533",2,0.000585980848148914,"20-64","sector_31","unvaccinated","hospitalised_recov"
"2534",3,0.000843276508086359,"20-64","sector_31","unvaccinated","hospitalised_recov"
"2535",4,0.00110914734081516,"20-64","sector_31","unvaccinated","hospitalised_recov"
"2536",5,0.00139513619369751,"20-64","sector_31","unvaccinated","hospitalised_recov"
"2537",6,0.00170853676976087,"20-64","sector_31","unvaccinated","hospitalised_recov"
"2538",7,0.00205468504513066,"20-64","sector_31","unvaccinated","hospitalised_recov"
"2539",8,0.00243818365595353,"20-64","sector_31","unvaccinated","hospitalised_recov"
"2540",9,0.00286356521719462,"20-64","sector_31","unvaccinated","hospitalised_recov"
"2541",10,0.00333566308013191,"20-64","sector_31","unvaccinated","hospitalised_recov"
"2542",0,0,"20-64","sector_32","unvaccinated","hospitalised_recov"
"2543",1,0.00256561734118916,"20-64","sector_32","unvaccinated","hospitalised_recov"
"2544",2,0.00476280245993277,"20-64","sector_32","unvaccinated","hospitalised_recov"
"2545",3,0.00689370544074248,"20-64","sector_32","unvaccinated","hospitalised_recov"
"2546",4,0.00911902426974752,"20-64","sector_32","unvaccinated","hospitalised_recov"
"2547",5,0.011529440898865,"20-64","sector_32","unvaccinated","hospitalised_recov"
"2548",6,0.0141824571024353,"20-64","sector_32","unvaccinated","hospitalised_recov"
"2549",7,0.0171213364325196,"20-64","sector_32","unvaccinated","hospitalised_recov"
"2550",8,0.0203848519871017,"20-64","sector_32","unvaccinated","hospitalised_recov"
"2551",9,0.0240123573637071,"20-64","sector_32","unvaccinated","hospitalised_recov"
"2552",10,0.028046517189194,"20-64","sector_32","unvaccinated","hospitalised_recov"
"2553",0,0,"20-64","sector_33","unvaccinated","hospitalised_recov"
"2554",1,0.000411957320194794,"20-64","sector_33","unvaccinated","hospitalised_recov"
"2555",2,0.000754255273196679,"20-64","sector_33","unvaccinated","hospitalised_recov"
"2556",3,0.00107195721271097,"20-64","sector_33","unvaccinated","hospitalised_recov"
"2557",4,0.00139049486795351,"20-64","sector_33","unvaccinated","hospitalised_recov"
"2558",5,0.00172506022253275,"20-64","sector_33","unvaccinated","hospitalised_recov"
"2559",6,0.00208561055500578,"20-64","sector_33","unvaccinated","hospitalised_recov"
"2560",7,0.00247955295365586,"20-64","sector_33","unvaccinated","hospitalised_recov"
"2561",8,0.00291320080321298,"20-64","sector_33","unvaccinated","hospitalised_recov"
"2562",9,0.00339258099454569,"20-64","sector_33","unvaccinated","hospitalised_recov"
"2563",10,0.00392389908655957,"20-64","sector_33","unvaccinated","hospitalised_recov"
"2564",0,0,"20-64","sector_34","unvaccinated","hospitalised_recov"
"2565",1,0.000249626179005321,"20-64","sector_34","unvaccinated","hospitalised_recov"
"2566",2,0.000456604037132719,"20-64","sector_34","unvaccinated","hospitalised_recov"
"2567",3,0.000648109564365669,"20-64","sector_34","unvaccinated","hospitalised_recov"
"2568",4,0.000839542079751567,"20-64","sector_34","unvaccinated","hospitalised_recov"
"2569",5,0.00104011946549054,"20-64","sector_34","unvaccinated","hospitalised_recov"
"2570",6,0.00125587289103767,"20-64","sector_34","unvaccinated","hospitalised_recov"
"2571",7,0.00149126172476895,"20-64","sector_34","unvaccinated","hospitalised_recov"
"2572",8,0.00175005526734907,"20-64","sector_34","unvaccinated","hospitalised_recov"
"2573",9,0.0020358247801339,"20-64","sector_34","unvaccinated","hospitalised_recov"
"2574",10,0.00235222879767258,"20-64","sector_34","unvaccinated","hospitalised_recov"
"2575",0,0,"20-64","sector_35","unvaccinated","hospitalised_recov"
"2576",1,0.000955561237166791,"20-64","sector_35","unvaccinated","hospitalised_recov"
"2577",2,0.00174337897255685,"20-64","sector_35","unvaccinated","hospitalised_recov"
"2578",3,0.00246525997500887,"20-64","sector_35","unvaccinated","hospitalised_recov"
"2579",4,0.00317878088594031,"20-64","sector_35","unvaccinated","hospitalised_recov"
"2580",5,0.0039180915477405,"20-64","sector_35","unvaccinated","hospitalised_recov"
"2581",6,0.00470516183232307,"20-64","sector_35","unvaccinated","hospitalised_recov"
"2582",7,0.00555590148907452,"20-64","sector_35","unvaccinated","hospitalised_recov"
"2583",8,0.00648352336409764,"20-64","sector_35","unvaccinated","hospitalised_recov"
"2584",9,0.00750042326233794,"20-64","sector_35","unvaccinated","hospitalised_recov"
"2585",10,0.00861926307369503,"20-64","sector_35","unvaccinated","hospitalised_recov"
"2586",0,0,"20-64","sector_36","unvaccinated","hospitalised_recov"
"2587",1,0.00123380700889138,"20-64","sector_36","unvaccinated","hospitalised_recov"
"2588",2,0.00226506434590996,"20-64","sector_36","unvaccinated","hospitalised_recov"
"2589",3,0.00322905455796336,"20-64","sector_36","unvaccinated","hospitalised_recov"
"2590",4,0.00419975425898594,"20-64","sector_36","unvaccinated","hospitalised_recov"
"2591",5,0.00521977629087443,"20-64","sector_36","unvaccinated","hospitalised_recov"
"2592",6,0.00631614516944326,"20-64","sector_36","unvaccinated","hospitalised_recov"
"2593",7,0.00750861764930748,"20-64","sector_36","unvaccinated","hospitalised_recov"
"2594",8,0.00881409123892742,"20-64","sector_36","unvaccinated","hospitalised_recov"
"2595",9,0.0102489703359272,"20-64","sector_36","unvaccinated","hospitalised_recov"
"2596",10,0.0118304758640022,"20-64","sector_36","unvaccinated","hospitalised_recov"
"2597",0,0,"20-64","sector_37","unvaccinated","hospitalised_recov"
"2598",1,0.000627605668048528,"20-64","sector_37","unvaccinated","hospitalised_recov"
"2599",2,0.00115493307527387,"20-64","sector_37","unvaccinated","hospitalised_recov"
"2600",3,0.00165311515928262,"20-64","sector_37","unvaccinated","hospitalised_recov"
"2601",4,0.00216188297293382,"20-64","sector_37","unvaccinated","hospitalised_recov"
"2602",5,0.0027048332539232,"20-64","sector_37","unvaccinated","hospitalised_recov"
"2603",6,0.00329748542601692,"20-64","sector_37","unvaccinated","hospitalised_recov"
"2604",7,0.00395155499235317,"20-64","sector_37","unvaccinated","hospitalised_recov"
"2605",8,0.0046772439301621,"20-64","sector_37","unvaccinated","hospitalised_recov"
"2606",9,0.00548449490727994,"20-64","sector_37","unvaccinated","hospitalised_recov"
"2607",10,0.00638370755208196,"20-64","sector_37","unvaccinated","hospitalised_recov"
"2608",0,0,"20-64","sector_38","unvaccinated","hospitalised_recov"
"2609",1,0.00308902691309063,"20-64","sector_38","unvaccinated","hospitalised_recov"
"2610",2,0.00566794958236997,"20-64","sector_38","unvaccinated","hospitalised_recov"
"2611",3,0.00808042807932376,"20-64","sector_38","unvaccinated","hospitalised_recov"
"2612",4,0.0105196785030842,"20-64","sector_38","unvaccinated","hospitalised_recov"
"2613",5,0.0131006280112382,"20-64","sector_38","unvaccinated","hospitalised_recov"
"2614",6,0.015898325348844,"20-64","sector_38","unvaccinated","hospitalised_recov"
"2615",7,0.0189685214215348,"20-64","sector_38","unvaccinated","hospitalised_recov"
"2616",8,0.02235882444781,"20-64","sector_38","unvaccinated","hospitalised_recov"
"2617",9,0.0261148772153834,"20-64","sector_38","unvaccinated","hospitalised_recov"
"2618",10,0.0302839151122516,"20-64","sector_38","unvaccinated","hospitalised_recov"
"2619",0,0,"20-64","sector_39","unvaccinated","hospitalised_recov"
"2620",1,0.00321328250857587,"20-64","sector_39","unvaccinated","hospitalised_recov"
"2621",2,0.00591708126069421,"20-64","sector_39","unvaccinated","hospitalised_recov"
"2622",3,0.00847593075366776,"20-64","sector_39","unvaccinated","hospitalised_recov"
"2623",4,0.0110904465504251,"20-64","sector_39","unvaccinated","hospitalised_recov"
"2624",5,0.0138764831472106,"20-64","sector_39","unvaccinated","hospitalised_recov"
"2625",6,0.0169073202237466,"20-64","sector_39","unvaccinated","hospitalised_recov"
"2626",7,0.0202362176913788,"20-64","sector_39","unvaccinated","hospitalised_recov"
"2627",8,0.0239085533164144,"20-64","sector_39","unvaccinated","hospitalised_recov"
"2628",9,0.027968447686317,"20-64","sector_39","unvaccinated","hospitalised_recov"
"2629",10,0.0324624914702261,"20-64","sector_39","unvaccinated","hospitalised_recov"
"2630",0,0,"20-64","sector_40","unvaccinated","hospitalised_recov"
"2631",1,0.00160866919205428,"20-64","sector_40","unvaccinated","hospitalised_recov"
"2632",2,0.00295641790797348,"20-64","sector_40","unvaccinated","hospitalised_recov"
"2633",3,0.0042208456599068,"20-64","sector_40","unvaccinated","hospitalised_recov"
"2634",4,0.00549874397156513,"20-64","sector_40","unvaccinated","hospitalised_recov"
"2635",5,0.00684569756049584,"20-64","sector_40","unvaccinated","hospitalised_recov"
"2636",6,0.00829690520277784,"20-64","sector_40","unvaccinated","hospitalised_recov"
"2637",7,0.00987813376620054,"20-64","sector_40","unvaccinated","hospitalised_recov"
"2638",8,0.0116115047502967,"20-64","sector_40","unvaccinated","hospitalised_recov"
"2639",9,0.0135185896870062,"20-64","sector_40","unvaccinated","hospitalised_recov"
"2640",10,0.0156221178447195,"20-64","sector_40","unvaccinated","hospitalised_recov"
"2641",0,0,"20-64","sector_41","unvaccinated","hospitalised_recov"
"2642",1,0.00313732093193901,"20-64","sector_41","unvaccinated","hospitalised_recov"
"2643",2,0.00584305880180014,"20-64","sector_41","unvaccinated","hospitalised_recov"
"2644",3,0.00850400302628606,"20-64","sector_41","unvaccinated","hospitalised_recov"
"2645",4,0.0113338669777108,"20-64","sector_41","unvaccinated","hospitalised_recov"
"2646",5,0.0144606799287467,"20-64","sector_41","unvaccinated","hospitalised_recov"
"2647",6,0.0179718549819688,"20-64","sector_41","unvaccinated","hospitalised_recov"
"2648",7,0.021937503963518,"20-64","sector_41","unvaccinated","hospitalised_recov"
"2649",8,0.0264226252602895,"20-64","sector_41","unvaccinated","hospitalised_recov"
"2650",9,0.0314936444069374,"20-64","sector_41","unvaccinated","hospitalised_recov"
"2651",10,0.0372221277695613,"20-64","sector_41","unvaccinated","hospitalised_recov"
"2652",0,0,"20-64","sector_42","unvaccinated","hospitalised_recov"
"2653",1,0.00466317518725553,"20-64","sector_42","unvaccinated","hospitalised_recov"
"2654",2,0.0086209452755894,"20-64","sector_42","unvaccinated","hospitalised_recov"
"2655",3,0.0124198507838058,"20-64","sector_42","unvaccinated","hospitalised_recov"
"2656",4,0.016362851280681,"20-64","sector_42","unvaccinated","hospitalised_recov"
"2657",5,0.0206287220394263,"20-64","sector_42","unvaccinated","hospitalised_recov"
"2658",6,0.0253347799960809,"20-64","sector_42","unvaccinated","hospitalised_recov"
"2659",7,0.0305699873404125,"20-64","sector_42","unvaccinated","hospitalised_recov"
"2660",8,0.0364125987176658,"20-64","sector_42","unvaccinated","hospitalised_recov"
"2661",9,0.0429397744869658,"20-64","sector_42","unvaccinated","hospitalised_recov"
"2662",10,0.0502330503972599,"20-64","sector_42","unvaccinated","hospitalised_recov"
"2663",0,0,"20-64","sector_43","unvaccinated","hospitalised_recov"
"2664",1,0.00106209879385569,"20-64","sector_43","unvaccinated","hospitalised_recov"
"2665",2,0.00196857964367906,"20-64","sector_43","unvaccinated","hospitalised_recov"
"2666",3,0.00284534444007061,"20-64","sector_43","unvaccinated","hospitalised_recov"
"2667",4,0.00376077508555377,"20-64","sector_43","unvaccinated","hospitalised_recov"
"2668",5,0.00475399127756263,"20-64","sector_43","unvaccinated","hospitalised_recov"
"2669",6,0.00584975485618318,"20-64","sector_43","unvaccinated","hospitalised_recov"
"2670",7,0.00706634285523723,"20-64","sector_43","unvaccinated","hospitalised_recov"
"2671",8,0.00841972711476561,"20-64","sector_43","unvaccinated","hospitalised_recov"
"2672",9,0.0099258237045964,"20-64","sector_43","unvaccinated","hospitalised_recov"
"2673",10,0.0116017436388849,"20-64","sector_43","unvaccinated","hospitalised_recov"
"2674",0,0,"20-64","sector_44","unvaccinated","hospitalised_recov"
"2675",1,0.00101614837844587,"20-64","sector_44","unvaccinated","hospitalised_recov"
"2676",2,0.0018507977100356,"20-64","sector_44","unvaccinated","hospitalised_recov"
"2677",3,0.00260988909057241,"20-64","sector_44","unvaccinated","hospitalised_recov"
"2678",4,0.00335307585201933,"20-64","sector_44","unvaccinated","hospitalised_recov"
"2679",5,0.0041157314483251,"20-64","sector_44","unvaccinated","hospitalised_recov"
"2680",6,0.00492072539821155,"20-64","sector_44","unvaccinated","hospitalised_recov"
"2681",7,0.00578475478044859,"20-64","sector_44","unvaccinated","hospitalised_recov"
"2682",8,0.00672177809962024,"20-64","sector_44","unvaccinated","hospitalised_recov"
"2683",9,0.00774490893841227,"20-64","sector_44","unvaccinated","hospitalised_recov"
"2684",10,0.00886749415218583,"20-64","sector_44","unvaccinated","hospitalised_recov"
"2685",0,0,"20-64","sector_45","unvaccinated","hospitalised_recov"
"2686",1,6.79853951784593e-05,"20-64","sector_45","unvaccinated","hospitalised_recov"
"2687",2,0.000123376830329259,"20-64","sector_45","unvaccinated","hospitalised_recov"
"2688",3,0.00017316602774927,"20-64","sector_45","unvaccinated","hospitalised_recov"
"2689",4,0.000221406370347583,"20-64","sector_45","unvaccinated","hospitalised_recov"
"2690",5,0.000270576820225241,"20-64","sector_45","unvaccinated","hospitalised_recov"
"2691",6,0.000322320945852218,"20-64","sector_45","unvaccinated","hospitalised_recov"
"2692",7,0.000377851329522395,"20-64","sector_45","unvaccinated","hospitalised_recov"
"2693",8,0.000438174154246418,"20-64","sector_45","unvaccinated","hospitalised_recov"
"2694",9,0.000504216864667092,"20-64","sector_45","unvaccinated","hospitalised_recov"
"2695",10,0.00057690349986263,"20-64","sector_45","unvaccinated","hospitalised_recov"
"2696",0,0,"0-4","sector_00","unvaccinated","hospitalised_death"
"2697",1,0.0015360311277841,"0-4","sector_00","unvaccinated","hospitalised_death"
"2698",2,0.00271209905371373,"0-4","sector_00","unvaccinated","hospitalised_death"
"2699",3,0.00366341061733586,"0-4","sector_00","unvaccinated","hospitalised_death"
"2700",4,0.00447728528243107,"0-4","sector_00","unvaccinated","hospitalised_death"
"2701",5,0.0052124411172252,"0-4","sector_00","unvaccinated","hospitalised_death"
"2702",6,0.00591020761977093,"0-4","sector_00","unvaccinated","hospitalised_death"
"2703",7,0.00660120240195157,"0-4","sector_00","unvaccinated","hospitalised_death"
"2704",8,0.00730941576415931,"0-4","sector_00","unvaccinated","hospitalised_death"
"2705",9,0.00805478654060844,"0-4","sector_00","unvaccinated","hospitalised_death"
"2706",10,0.00885488271145174,"0-4","sector_00","unvaccinated","hospitalised_death"
"2707",0,0,"5-19","sector_00","unvaccinated","hospitalised_death"
"2708",1,0.0208117584616315,"5-19","sector_00","unvaccinated","hospitalised_death"
"2709",2,0.0366238778341472,"5-19","sector_00","unvaccinated","hospitalised_death"
"2710",3,0.0500406943536309,"5-19","sector_00","unvaccinated","hospitalised_death"
"2711",4,0.0625284411917123,"5-19","sector_00","unvaccinated","hospitalised_death"
"2712",5,0.0749457851902277,"5-19","sector_00","unvaccinated","hospitalised_death"
"2713",6,0.0878288071453163,"5-19","sector_00","unvaccinated","hospitalised_death"
"2714",7,0.101545156092211,"5-19","sector_00","unvaccinated","hospitalised_death"
"2715",8,0.116378308117495,"5-19","sector_00","unvaccinated","hospitalised_death"
"2716",9,0.132574389247321,"5-19","sector_00","unvaccinated","hospitalised_death"
"2717",10,0.150368912215752,"5-19","sector_00","unvaccinated","hospitalised_death"
"2718",0,0,"20-64","sector_00","unvaccinated","hospitalised_death"
"2719",1,0.00271142876345841,"20-64","sector_00","unvaccinated","hospitalised_death"
"2720",2,0.00482856017460616,"20-64","sector_00","unvaccinated","hospitalised_death"
"2721",3,0.00660601923690983,"20-64","sector_00","unvaccinated","hospitalised_death"
"2722",4,0.00820290139974439,"20-64","sector_00","unvaccinated","hospitalised_death"
"2723",5,0.00972403874108676,"20-64","sector_00","unvaccinated","hospitalised_death"
"2724",6,0.0112429510447828,"20-64","sector_00","unvaccinated","hospitalised_death"
"2725",7,0.0128148932130481,"20-64","sector_00","unvaccinated","hospitalised_death"
"2726",8,0.0144844906039988,"20-64","sector_00","unvaccinated","hospitalised_death"
"2727",9,0.0162903780725207,"20-64","sector_00","unvaccinated","hospitalised_death"
"2728",10,0.0182681542524564,"20-64","sector_00","unvaccinated","hospitalised_death"
"2729",0,0,"65+","sector_00","unvaccinated","hospitalised_death"
"2730",1,0.0614674753901088,"65+","sector_00","unvaccinated","hospitalised_death"
"2731",2,0.0980015405056498,"65+","sector_00","unvaccinated","hospitalised_death"
"2732",3,0.120722004516741,"65+","sector_00","unvaccinated","hospitalised_death"
"2733",4,0.135941636730941,"65+","sector_00","unvaccinated","hospitalised_death"
"2734",5,0.14728787222943,"65+","sector_00","unvaccinated","hospitalised_death"
"2735",6,0.156883342777826,"65+","sector_00","unvaccinated","hospitalised_death"
"2736",7,0.1660059355018,"65+","sector_00","unvaccinated","hospitalised_death"
"2737",8,0.175459911125258,"65+","sector_00","unvaccinated","hospitalised_death"
"2738",9,0.185786005525288,"65+","sector_00","unvaccinated","hospitalised_death"
"2739",10,0.197381444466761,"65+","sector_00","unvaccinated","hospitalised_death"
"2740",0,0,"20-64","sector_01","unvaccinated","hospitalised_death"
"2741",1,0.000154138196033782,"20-64","sector_01","unvaccinated","hospitalised_death"
"2742",2,0.000277984353889627,"20-64","sector_01","unvaccinated","hospitalised_death"
"2743",3,0.000387278454146199,"20-64","sector_01","unvaccinated","hospitalised_death"
"2744",4,0.000491241336623649,"20-64","sector_01","unvaccinated","hospitalised_death"
"2745",5,0.000595562861817982,"20-64","sector_01","unvaccinated","hospitalised_death"
"2746",6,0.000704029808752918,"20-64","sector_01","unvaccinated","hospitalised_death"
"2747",7,0.000819422776328892,"20-64","sector_01","unvaccinated","hospitalised_death"
"2748",8,0.00094401836623676,"20-64","sector_01","unvaccinated","hospitalised_death"
"2749",9,0.00107987723214475,"20-64","sector_01","unvaccinated","hospitalised_death"
"2750",10,0.00122901551626605,"20-64","sector_01","unvaccinated","hospitalised_death"
"2751",0,0,"20-64","sector_02","unvaccinated","hospitalised_death"
"2752",1,6.63820795774469e-06,"20-64","sector_02","unvaccinated","hospitalised_death"
"2753",2,1.20298995152595e-05,"20-64","sector_02","unvaccinated","hospitalised_death"
"2754",3,1.68766583812065e-05,"20-64","sector_02","unvaccinated","hospitalised_death"
"2755",4,2.15828533181905e-05,"20-64","sector_02","unvaccinated","hospitalised_death"
"2756",5,2.63939533383267e-05,"20-64","sector_02","unvaccinated","hospitalised_death"
"2757",6,3.14713278393327e-05,"20-64","sector_02","unvaccinated","hospitalised_death"
"2758",7,3.69330893575012e-05,"20-64","sector_02","unvaccinated","hospitalised_death"
"2759",8,4.28767173765233e-05,"20-64","sector_02","unvaccinated","hospitalised_death"
"2760",9,4.93918776888934e-05,"20-64","sector_02","unvaccinated","hospitalised_death"
"2761",10,5.65679569628028e-05,"20-64","sector_02","unvaccinated","hospitalised_death"
"2762",0,0,"20-64","sector_03","unvaccinated","hospitalised_death"
"2763",1,6.53991892373156e-06,"20-64","sector_03","unvaccinated","hospitalised_death"
"2764",2,1.17621886286024e-05,"20-64","sector_03","unvaccinated","hospitalised_death"
"2765",3,1.63222964199206e-05,"20-64","sector_03","unvaccinated","hospitalised_death"
"2766",4,2.06081101853707e-05,"20-64","sector_03","unvaccinated","hospitalised_death"
"2767",5,2.48609143438789e-05,"20-64","sector_03","unvaccinated","hospitalised_death"
"2768",6,2.92418938755637e-05,"20-64","sector_03","unvaccinated","hospitalised_death"
"2769",7,3.38691092921004e-05,"20-64","sector_03","unvaccinated","hospitalised_death"
"2770",8,3.88384101179226e-05,"20-64","sector_03","unvaccinated","hospitalised_death"
"2771",9,4.42355519537956e-05,"20-64","sector_03","unvaccinated","hospitalised_death"
"2772",10,5.01434693492428e-05,"20-64","sector_03","unvaccinated","hospitalised_death"
"2773",0,0,"20-64","sector_04","unvaccinated","hospitalised_death"
"2774",1,8.96351145279502e-06,"20-64","sector_04","unvaccinated","hospitalised_death"
"2775",2,1.6335552180083e-05,"20-64","sector_04","unvaccinated","hospitalised_death"
"2776",3,2.30848367837929e-05,"20-64","sector_04","unvaccinated","hospitalised_death"
"2777",4,2.97476913519886e-05,"20-64","sector_04","unvaccinated","hospitalised_death"
"2778",5,3.66362171348114e-05,"20-64","sector_04","unvaccinated","hospitalised_death"
"2779",6,4.39488241281363e-05,"20-64","sector_04","unvaccinated","hospitalised_death"
"2780",7,5.18290805393105e-05,"20-64","sector_04","unvaccinated","hospitalised_death"
"2781",8,6.03972351108498e-05,"20-64","sector_04","unvaccinated","hospitalised_death"
"2782",9,6.97673353127611e-05,"20-64","sector_04","unvaccinated","hospitalised_death"
"2783",10,8.00568009609721e-05,"20-64","sector_04","unvaccinated","hospitalised_death"
"2784",0,0,"20-64","sector_05","unvaccinated","hospitalised_death"
"2785",1,9.73446850782126e-06,"20-64","sector_05","unvaccinated","hospitalised_death"
"2786",2,1.76212089028006e-05,"20-64","sector_05","unvaccinated","hospitalised_death"
"2787",3,2.46793563036253e-05,"20-64","sector_05","unvaccinated","hospitalised_death"
"2788",4,3.14973114516324e-05,"20-64","sector_05","unvaccinated","hospitalised_death"
"2789",5,3.84329449547682e-05,"20-64","sector_05","unvaccinated","hospitalised_death"
"2790",6,4.57219317051804e-05,"20-64","sector_05","unvaccinated","hospitalised_death"
"2791",7,5.35369244998095e-05,"20-64","sector_05","unvaccinated","hospitalised_death"
"2792",8,6.20203325226997e-05,"20-64","sector_05","unvaccinated","hospitalised_death"
"2793",9,7.13028878140647e-05,"20-64","sector_05","unvaccinated","hospitalised_death"
"2794",10,8.15145486103284e-05,"20-64","sector_05","unvaccinated","hospitalised_death"
"2795",0,0,"20-64","sector_06","unvaccinated","hospitalised_death"
"2796",1,0.000171511182768866,"20-64","sector_06","unvaccinated","hospitalised_death"
"2797",2,0.000312388118387226,"20-64","sector_06","unvaccinated","hospitalised_death"
"2798",3,0.000441385922575627,"20-64","sector_06","unvaccinated","hospitalised_death"
"2799",4,0.000569140129816471,"20-64","sector_06","unvaccinated","hospitalised_death"
"2800",5,0.000702007924263527,"20-64","sector_06","unvaccinated","hospitalised_death"
"2801",6,0.000844127512949739,"20-64","sector_06","unvaccinated","hospitalised_death"
"2802",7,0.000998530658602725,"20-64","sector_06","unvaccinated","hospitalised_death"
"2803",8,0.00116775115183247,"20-64","sector_06","unvaccinated","hospitalised_death"
"2804",9,0.0013541647072877,"20-64","sector_06","unvaccinated","hospitalised_death"
"2805",10,0.00156018592891468,"20-64","sector_06","unvaccinated","hospitalised_death"
"2806",0,0,"20-64","sector_07","unvaccinated","hospitalised_death"
"2807",1,4.1818004012987e-05,"20-64","sector_07","unvaccinated","hospitalised_death"
"2808",2,7.6186884825039e-05,"20-64","sector_07","unvaccinated","hospitalised_death"
"2809",3,0.000107669576443038,"20-64","sector_07","unvaccinated","hospitalised_death"
"2810",4,0.000138825813026025,"20-64","sector_07","unvaccinated","hospitalised_death"
"2811",5,0.000171158587605931,"20-64","sector_07","unvaccinated","hospitalised_death"
"2812",6,0.00020562434031433,"20-64","sector_07","unvaccinated","hospitalised_death"
"2813",7,0.000242909492885,"20-64","sector_07","unvaccinated","hospitalised_death"
"2814",8,0.0002835816368356,"20-64","sector_07","unvaccinated","hospitalised_death"
"2815",9,0.00032817346762637,"20-64","sector_07","unvaccinated","hospitalised_death"
"2816",10,0.000377230728727748,"20-64","sector_07","unvaccinated","hospitalised_death"
"2817",0,0,"20-64","sector_08","unvaccinated","hospitalised_death"
"2818",1,3.08789033345265e-05,"20-64","sector_08","unvaccinated","hospitalised_death"
"2819",2,5.59222271790354e-05,"20-64","sector_08","unvaccinated","hospitalised_death"
"2820",3,7.83403703021091e-05,"20-64","sector_08","unvaccinated","hospitalised_death"
"2821",4,9.99583539589986e-05,"20-64","sector_08","unvaccinated","hospitalised_death"
"2822",5,0.000121867661074727,"20-64","sector_08","unvaccinated","hospitalised_death"
"2823",6,0.000144776689581857,"20-64","sector_08","unvaccinated","hospitalised_death"
"2824",7,0.000169200315728537,"20-64","sector_08","unvaccinated","hospitalised_death"
"2825",8,0.000195563456841885,"20-64","sector_08","unvaccinated","hospitalised_death"
"2826",9,0.000224258655994152,"20-64","sector_08","unvaccinated","hospitalised_death"
"2827",10,0.000255679133170927,"20-64","sector_08","unvaccinated","hospitalised_death"
"2828",0,0,"20-64","sector_09","unvaccinated","hospitalised_death"
"2829",1,6.38601568446168e-05,"20-64","sector_09","unvaccinated","hospitalised_death"
"2830",2,0.000116048965271008,"20-64","sector_09","unvaccinated","hospitalised_death"
"2831",3,0.000163429602302502,"20-64","sector_09","unvaccinated","hospitalised_death"
"2832",4,0.000209912946293942,"20-64","sector_09","unvaccinated","hospitalised_death"
"2833",5,0.000257848594700415,"20-64","sector_09","unvaccinated","hospitalised_death"
"2834",6,0.000308772124559687,"20-64","sector_09","unvaccinated","hospitalised_death"
"2835",7,0.000363809635854845,"20-64","sector_09","unvaccinated","hospitalised_death"
"2836",8,0.000423899485516191,"20-64","sector_09","unvaccinated","hospitalised_death"
"2837",9,0.000489916406452352,"20-64","sector_09","unvaccinated","hospitalised_death"
"2838",10,0.000562743549488696,"20-64","sector_09","unvaccinated","hospitalised_death"
"2839",0,0,"20-64","sector_10","unvaccinated","hospitalised_death"
"2840",1,3.89926075780659e-06,"20-64","sector_10","unvaccinated","hospitalised_death"
"2841",2,7.08374366464805e-06,"20-64","sector_10","unvaccinated","hospitalised_death"
"2842",3,9.97247040191934e-06,"20-64","sector_10","unvaccinated","hospitalised_death"
"2843",4,1.28049493347383e-05,"20-64","sector_10","unvaccinated","hospitalised_death"
"2844",5,1.57254027770789e-05,"20-64","sector_10","unvaccinated","hospitalised_death"
"2845",6,1.8828125102215e-05,"20-64","sector_10","unvaccinated","hospitalised_death"
"2846",7,2.21821199651888e-05,"20-64","sector_10","unvaccinated","hospitalised_death"
"2847",8,2.58446615649917e-05,"20-64","sector_10","unvaccinated","hospitalised_death"
"2848",9,2.98689239031189e-05,"20-64","sector_10","unvaccinated","hospitalised_death"
"2849",10,3.43084323254979e-05,"20-64","sector_10","unvaccinated","hospitalised_death"
"2850",0,0,"20-64","sector_11","unvaccinated","hospitalised_death"
"2851",1,4.05129584780924e-05,"20-64","sector_11","unvaccinated","hospitalised_death"
"2852",2,7.36622256331558e-05,"20-64","sector_11","unvaccinated","hospitalised_death"
"2853",3,0.000103810702297408,"20-64","sector_11","unvaccinated","hospitalised_death"
"2854",4,0.000133422965837796,"20-64","sector_11","unvaccinated","hospitalised_death"
"2855",5,0.000163956791010514,"20-64","sector_11","unvaccinated","hospitalised_death"
"2856",6,0.000196345187217034,"20-64","sector_11","unvaccinated","hospitalised_death"
"2857",7,0.000231258686459493,"20-64","sector_11","unvaccinated","hospitalised_death"
"2858",8,0.000269249431368387,"20-64","sector_11","unvaccinated","hospitalised_death"
"2859",9,0.00031083162310088,"20-64","sector_11","unvaccinated","hospitalised_death"
"2860",10,0.000356527757290946,"20-64","sector_11","unvaccinated","hospitalised_death"
"2861",0,0,"20-64","sector_12","unvaccinated","hospitalised_death"
"2862",1,1.88935303802727e-05,"20-64","sector_12","unvaccinated","hospitalised_death"
"2863",2,3.44839834950756e-05,"20-64","sector_12","unvaccinated","hospitalised_death"
"2864",3,4.88321819675468e-05,"20-64","sector_12","unvaccinated","hospitalised_death"
"2865",4,6.30727915670743e-05,"20-64","sector_12","unvaccinated","hospitalised_death"
"2866",5,7.78624513244939e-05,"20-64","sector_12","unvaccinated","hospitalised_death"
"2867",6,9.36170296483378e-05,"20-64","sector_12","unvaccinated","hospitalised_death"
"2868",7,0.000110637484076948,"20-64","sector_12","unvaccinated","hospitalised_death"
"2869",8,0.00012917698034782,"20-64","sector_12","unvaccinated","hospitalised_death"
"2870",9,0.000149477154844915,"20-64","sector_12","unvaccinated","hospitalised_death"
"2871",10,0.000171788285941259,"20-64","sector_12","unvaccinated","hospitalised_death"
"2872",0,0,"20-64","sector_13","unvaccinated","hospitalised_death"
"2873",1,6.66255351777954e-05,"20-64","sector_13","unvaccinated","hospitalised_death"
"2874",2,0.000120977434097492,"20-64","sector_13","unvaccinated","hospitalised_death"
"2875",3,0.000170177485622872,"20-64","sector_13","unvaccinated","hospitalised_death"
"2876",4,0.000218294184235519,"20-64","sector_13","unvaccinated","hospitalised_death"
"2877",5,0.000267777402613036,"20-64","sector_13","unvaccinated","hospitalised_death"
"2878",6,0.000320230268244156,"20-64","sector_13","unvaccinated","hospitalised_death"
"2879",7,0.00037682779625172,"20-64","sector_13","unvaccinated","hospitalised_death"
"2880",8,0.000438546835694286,"20-64","sector_13","unvaccinated","hospitalised_death"
"2881",9,0.000506295086600255,"20-64","sector_13","unvaccinated","hospitalised_death"
"2882",10,0.000580986152525737,"20-64","sector_13","unvaccinated","hospitalised_death"
"2883",0,0,"20-64","sector_14","unvaccinated","hospitalised_death"
"2884",1,3.75213038574249e-05,"20-64","sector_14","unvaccinated","hospitalised_death"
"2885",2,6.81919545115875e-05,"20-64","sector_14","unvaccinated","hospitalised_death"
"2886",3,9.6055027573658e-05,"20-64","sector_14","unvaccinated","hospitalised_death"
"2887",4,0.000123418526507395,"20-64","sector_14","unvaccinated","hospitalised_death"
"2888",5,0.000151670538293706,"20-64","sector_14","unvaccinated","hospitalised_death"
"2889",6,0.000181717907720954,"20-64","sector_14","unvaccinated","hospitalised_death"
"2890",7,0.000214224310205103,"20-64","sector_14","unvaccinated","hospitalised_death"
"2891",8,0.000249741163675322,"20-64","sector_14","unvaccinated","hospitalised_death"
"2892",9,0.000288781193315657,"20-64","sector_14","unvaccinated","hospitalised_death"
"2893",10,0.000331861307279244,"20-64","sector_14","unvaccinated","hospitalised_death"
"2894",0,0,"20-64","sector_15","unvaccinated","hospitalised_death"
"2895",1,2.66662390728341e-05,"20-64","sector_15","unvaccinated","hospitalised_death"
"2896",2,4.84970331937639e-05,"20-64","sector_15","unvaccinated","hospitalised_death"
"2897",3,6.83685752557522e-05,"20-64","sector_15","unvaccinated","hospitalised_death"
"2898",4,8.79042344427643e-05,"20-64","sector_15","unvaccinated","hospitalised_death"
"2899",5,0.000108063353240688,"20-64","sector_15","unvaccinated","hospitalised_death"
"2900",6,0.000129459490722768,"20-64","sector_15","unvaccinated","hospitalised_death"
"2901",7,0.000152533506802914,"20-64","sector_15","unvaccinated","hospitalised_death"
"2902",8,0.000177648591594164,"20-64","sector_15","unvaccinated","hospitalised_death"
"2903",9,0.000205143286235753,"20-64","sector_15","unvaccinated","hospitalised_death"
"2904",10,0.000235361932726703,"20-64","sector_15","unvaccinated","hospitalised_death"
"2905",0,0,"20-64","sector_16","unvaccinated","hospitalised_death"
"2906",1,0.000125433384856614,"20-64","sector_16","unvaccinated","hospitalised_death"
"2907",2,0.000227975331915274,"20-64","sector_16","unvaccinated","hospitalised_death"
"2908",3,0.000320956371792852,"20-64","sector_16","unvaccinated","hospitalised_death"
"2909",4,0.000411837102555311,"20-64","sector_16","unvaccinated","hospitalised_death"
"2910",5,0.000505007306711916,"20-64","sector_16","unvaccinated","hospitalised_death"
"2911",6,0.000603280255864028,"20-64","sector_16","unvaccinated","hospitalised_death"
"2912",7,0.000708693670218124,"20-64","sector_16","unvaccinated","hospitalised_death"
"2913",8,0.000822942316271662,"20-64","sector_16","unvaccinated","hospitalised_death"
"2914",9,0.000947615238878942,"20-64","sector_16","unvaccinated","hospitalised_death"
"2915",10,0.00108432984219758,"20-64","sector_16","unvaccinated","hospitalised_death"
"2916",0,0,"20-64","sector_17","unvaccinated","hospitalised_death"
"2917",1,4.66995111991248e-05,"20-64","sector_17","unvaccinated","hospitalised_death"
"2918",2,8.49976415838022e-05,"20-64","sector_17","unvaccinated","hospitalised_death"
"2919",3,0.000119966931346931,"20-64","sector_17","unvaccinated","hospitalised_death"
"2920",4,0.000154484360978004,"20-64","sector_17","unvaccinated","hospitalised_death"
"2921",5,0.000190271311246875,"20-64","sector_17","unvaccinated","hospitalised_death"
"2922",6,0.000228450568414001,"20-64","sector_17","unvaccinated","hospitalised_death"
"2923",7,0.00026984679451244,"20-64","sector_17","unvaccinated","hospitalised_death"
"2924",8,0.000315150539758353,"20-64","sector_17","unvaccinated","hospitalised_death"
"2925",9,0.000365009643062929,"20-64","sector_17","unvaccinated","hospitalised_death"
"2926",10,0.000420082063649716,"20-64","sector_17","unvaccinated","hospitalised_death"
"2927",0,0,"20-64","sector_18","unvaccinated","hospitalised_death"
"2928",1,3.24814990159566e-05,"20-64","sector_18","unvaccinated","hospitalised_death"
"2929",2,5.92907571040939e-05,"20-64","sector_18","unvaccinated","hospitalised_death"
"2930",3,8.4032451342673e-05,"20-64","sector_18","unvaccinated","hospitalised_death"
"2931",4,0.000108738305183018,"20-64","sector_18","unvaccinated","hospitalised_death"
"2932",5,0.000134616263275646,"20-64","sector_18","unvaccinated","hospitalised_death"
"2933",6,0.000162450617424857,"20-64","sector_18","unvaccinated","hospitalised_death"
"2934",7,0.000192817184934885,"20-64","sector_18","unvaccinated","hospitalised_death"
"2935",8,0.000226200377480886,"20-64","sector_18","unvaccinated","hospitalised_death"
"2936",9,0.000263058226449626,"20-64","sector_18","unvaccinated","hospitalised_death"
"2937",10,0.000303859866971638,"20-64","sector_18","unvaccinated","hospitalised_death"
"2938",0,0,"20-64","sector_19","unvaccinated","hospitalised_death"
"2939",1,7.56114058733247e-05,"20-64","sector_19","unvaccinated","hospitalised_death"
"2940",2,0.000137854633200324,"20-64","sector_19","unvaccinated","hospitalised_death"
"2941",3,0.000195019684741348,"20-64","sector_19","unvaccinated","hospitalised_death"
"2942",4,0.000251745855984911,"20-64","sector_19","unvaccinated","hospitalised_death"
"2943",5,0.000310750323015607,"20-64","sector_19","unvaccinated","hospitalised_death"
"2944",6,0.000373758891972192,"20-64","sector_19","unvaccinated","hospitalised_death"
"2945",7,0.000442009777998361,"20-64","sector_19","unvaccinated","hospitalised_death"
"2946",8,0.000516528559186378,"20-64","sector_19","unvaccinated","hospitalised_death"
"2947",9,0.000598280513882362,"20-64","sector_19","unvaccinated","hospitalised_death"
"2948",10,0.000688257451675722,"20-64","sector_19","unvaccinated","hospitalised_death"
"2949",0,0,"20-64","sector_20","unvaccinated","hospitalised_death"
"2950",1,6.4809206504273e-05,"20-64","sector_20","unvaccinated","hospitalised_death"
"2951",2,0.000118279288993182,"20-64","sector_20","unvaccinated","hospitalised_death"
"2952",3,0.000167476095930227,"20-64","sector_20","unvaccinated","hospitalised_death"
"2953",4,0.00021629105177874,"20-64","sector_20","unvaccinated","hospitalised_death"
"2954",5,0.000266976752447097,"20-64","sector_20","unvaccinated","hospitalised_death"
"2955",6,0.000320960083347033,"20-64","sector_20","unvaccinated","hospitalised_death"
"2956",7,0.000379273640396144,"20-64","sector_20","unvaccinated","hospitalised_death"
"2957",8,0.000442785850288734,"20-64","sector_20","unvaccinated","hospitalised_death"
"2958",9,0.000512325328973609,"20-64","sector_20","unvaccinated","hospitalised_death"
"2959",10,0.000588750075408176,"20-64","sector_20","unvaccinated","hospitalised_death"
"2960",0,0,"20-64","sector_21","unvaccinated","hospitalised_death"
"2961",1,5.40204642040722e-05,"20-64","sector_21","unvaccinated","hospitalised_death"
"2962",2,9.79169078592606e-05,"20-64","sector_21","unvaccinated","hospitalised_death"
"2963",3,0.000137395623372985,"20-64","sector_21","unvaccinated","hospitalised_death"
"2964",4,0.000175735654903385,"20-64","sector_21","unvaccinated","hospitalised_death"
"2965",5,0.000214922335289435,"20-64","sector_21","unvaccinated","hospitalised_death"
"2966",6,0.000256259159503561,"20-64","sector_21","unvaccinated","hospitalised_death"
"2967",7,0.000300700978495354,"20-64","sector_21","unvaccinated","hospitalised_death"
"2968",8,0.000349037890695825,"20-64","sector_21","unvaccinated","hospitalised_death"
"2969",9,0.000401998968442726,"20-64","sector_21","unvaccinated","hospitalised_death"
"2970",10,0.000460312914722449,"20-64","sector_21","unvaccinated","hospitalised_death"
"2971",0,0,"20-64","sector_22","unvaccinated","hospitalised_death"
"2972",1,0.000123377182147529,"20-64","sector_22","unvaccinated","hospitalised_death"
"2973",2,0.00022495919827928,"20-64","sector_22","unvaccinated","hospitalised_death"
"2974",3,0.000318335845385417,"20-64","sector_22","unvaccinated","hospitalised_death"
"2975",4,0.000411189965829639,"20-64","sector_22","unvaccinated","hospitalised_death"
"2976",5,0.000508101282500415,"20-64","sector_22","unvaccinated","hospitalised_death"
"2977",6,0.000612046795040508,"20-64","sector_22","unvaccinated","hospitalised_death"
"2978",7,0.000725209520693346,"20-64","sector_22","unvaccinated","hospitalised_death"
"2979",8,0.000849419664066988,"20-64","sector_22","unvaccinated","hospitalised_death"
"2980",9,0.000986400361571611,"20-64","sector_22","unvaccinated","hospitalised_death"
"2981",10,0.00113790971084471,"20-64","sector_22","unvaccinated","hospitalised_death"
"2982",0,0,"20-64","sector_23","unvaccinated","hospitalised_death"
"2983",1,5.83243323981992e-05,"20-64","sector_23","unvaccinated","hospitalised_death"
"2984",2,0.000106348158298482,"20-64","sector_23","unvaccinated","hospitalised_death"
"2985",3,0.000150470604063735,"20-64","sector_23","unvaccinated","hospitalised_death"
"2986",4,0.000194271538189863,"20-64","sector_23","unvaccinated","hospitalised_death"
"2987",5,0.000239846889347457,"20-64","sector_23","unvaccinated","hospitalised_death"
"2988",6,0.000288527524002792,"20-64","sector_23","unvaccinated","hospitalised_death"
"2989",7,0.000341268267667831,"20-64","sector_23","unvaccinated","hospitalised_death"
"2990",8,0.000398860173088596,"20-64","sector_23","unvaccinated","hospitalised_death"
"2991",9,0.000462048092592915,"20-64","sector_23","unvaccinated","hospitalised_death"
"2992",10,0.000531597672851545,"20-64","sector_23","unvaccinated","hospitalised_death"
"2993",0,0,"20-64","sector_24","unvaccinated","hospitalised_death"
"2994",1,7.59564702067414e-05,"20-64","sector_24","unvaccinated","hospitalised_death"
"2995",2,0.000138563454967571,"20-64","sector_24","unvaccinated","hospitalised_death"
"2996",3,0.000196079988243113,"20-64","sector_24","unvaccinated","hospitalised_death"
"2997",4,0.000253061823799717,"20-64","sector_24","unvaccinated","hospitalised_death"
"2998",5,0.000312150264343331,"20-64","sector_24","unvaccinated","hospitalised_death"
"2999",6,0.000375020176944577,"20-64","sector_24","unvaccinated","hospitalised_death"
"3000",7,0.000442883515962552,"20-64","sector_24","unvaccinated","hospitalised_death"
"3001",8,0.000516758244235106,"20-64","sector_24","unvaccinated","hospitalised_death"
"3002",9,0.00059761387408588,"20-64","sector_24","unvaccinated","hospitalised_death"
"3003",10,0.000686452571835057,"20-64","sector_24","unvaccinated","hospitalised_death"
"3004",0,0,"20-64","sector_25","unvaccinated","hospitalised_death"
"3005",1,0.000918120696872842,"20-64","sector_25","unvaccinated","hospitalised_death"
"3006",2,0.00165752512291224,"20-64","sector_25","unvaccinated","hospitalised_death"
"3007",3,0.00231262148820108,"20-64","sector_25","unvaccinated","hospitalised_death"
"3008",4,0.00293848088813463,"20-64","sector_25","unvaccinated","hospitalised_death"
"3009",5,0.00356894035586188,"20-64","sector_25","unvaccinated","hospitalised_death"
"3010",6,0.00422644675677706,"20-64","sector_25","unvaccinated","hospitalised_death"
"3011",7,0.00492746719250995,"20-64","sector_25","unvaccinated","hospitalised_death"
"3012",8,0.00568550907252996,"20-64","sector_25","unvaccinated","hospitalised_death"
"3013",9,0.0065128460912429,"20-64","sector_25","unvaccinated","hospitalised_death"
"3014",10,0.0074215414007068,"20-64","sector_25","unvaccinated","hospitalised_death"
"3015",0,0,"20-64","sector_26","unvaccinated","hospitalised_death"
"3016",1,0.00191811026166877,"20-64","sector_26","unvaccinated","hospitalised_death"
"3017",2,0.00354148919904803,"20-64","sector_26","unvaccinated","hospitalised_death"
"3018",3,0.00510001407696934,"20-64","sector_26","unvaccinated","hospitalised_death"
"3019",4,0.00672033986240625,"20-64","sector_26","unvaccinated","hospitalised_death"
"3020",5,0.00847671862216943,"20-64","sector_26","unvaccinated","hospitalised_death"
"3021",6,0.0104176023256082,"20-64","sector_26","unvaccinated","hospitalised_death"
"3022",7,0.0125796221366887,"20-64","sector_26","unvaccinated","hospitalised_death"
"3023",8,0.0149950022381146,"20-64","sector_26","unvaccinated","hospitalised_death"
"3024",9,0.0176955740087224,"20-64","sector_26","unvaccinated","hospitalised_death"
"3025",10,0.0207150447041059,"20-64","sector_26","unvaccinated","hospitalised_death"
"3026",0,0,"20-64","sector_27","unvaccinated","hospitalised_death"
"3027",1,0.000312229023976075,"20-64","sector_27","unvaccinated","hospitalised_death"
"3028",2,0.000571305274422708,"20-64","sector_27","unvaccinated","hospitalised_death"
"3029",3,0.000812280044596986,"20-64","sector_27","unvaccinated","hospitalised_death"
"3030",4,0.00105455391262206,"20-64","sector_27","unvaccinated","hospitalised_death"
"3031",5,0.00130936395795776,"20-64","sector_27","unvaccinated","hospitalised_death"
"3032",6,0.00158379276129075,"20-64","sector_27","unvaccinated","hospitalised_death"
"3033",7,0.00188292344137746,"20-64","sector_27","unvaccinated","hospitalised_death"
"3034",8,0.00221100615392002,"20-64","sector_27","unvaccinated","hospitalised_death"
"3035",9,0.00257209830864018,"20-64","sector_27","unvaccinated","hospitalised_death"
"3036",10,0.00297042597141207,"20-64","sector_27","unvaccinated","hospitalised_death"
"3037",0,0,"20-64","sector_28","unvaccinated","hospitalised_death"
"3038",1,5.88409364626324e-06,"20-64","sector_28","unvaccinated","hospitalised_death"
"3039",2,1.066520066323e-05,"20-64","sector_28","unvaccinated","hospitalised_death"
"3040",3,1.4958253013008e-05,"20-64","sector_28","unvaccinated","hospitalised_death"
"3041",4,1.91114837540275e-05,"20-64","sector_28","unvaccinated","hospitalised_death"
"3042",5,2.33323227380366e-05,"20-64","sector_28","unvaccinated","hospitalised_death"
"3043",6,2.77549696542262e-05,"20-64","sector_28","unvaccinated","hospitalised_death"
"3044",7,3.24768652818548e-05,"20-64","sector_28","unvaccinated","hospitalised_death"
"3045",8,3.75785613969616e-05,"20-64","sector_28","unvaccinated","hospitalised_death"
"3046",9,4.31347318394046e-05,"20-64","sector_28","unvaccinated","hospitalised_death"
"3047",10,4.92204683797538e-05,"20-64","sector_28","unvaccinated","hospitalised_death"
"3048",0,0,"20-64","sector_29","unvaccinated","hospitalised_death"
"3049",1,3.10729816313152e-05,"20-64","sector_29","unvaccinated","hospitalised_death"
"3050",2,5.66499141999913e-05,"20-64","sector_29","unvaccinated","hospitalised_death"
"3051",3,8.01441556309324e-05,"20-64","sector_29","unvaccinated","hospitalised_death"
"3052",4,0.000103482813512209,"20-64","sector_29","unvaccinated","hospitalised_death"
"3053",5,0.000127814603203078,"20-64","sector_29","unvaccinated","hospitalised_death"
"3054",6,0.000153887775904537,"20-64","sector_29","unvaccinated","hospitalised_death"
"3055",7,0.000182253224534445,"20-64","sector_29","unvaccinated","hospitalised_death"
"3056",8,0.000213374877022856,"20-64","sector_29","unvaccinated","hospitalised_death"
"3057",9,0.00024769093890695,"20-64","sector_29","unvaccinated","hospitalised_death"
"3058",10,0.00028564915032637,"20-64","sector_29","unvaccinated","hospitalised_death"
"3059",0,0,"20-64","sector_30","unvaccinated","hospitalised_death"
"3060",1,0.000162114719856068,"20-64","sector_30","unvaccinated","hospitalised_death"
"3061",2,0.000297410398130347,"20-64","sector_30","unvaccinated","hospitalised_death"
"3062",3,0.000424497778853692,"20-64","sector_30","unvaccinated","hospitalised_death"
"3063",4,0.000553743027604379,"20-64","sector_30","unvaccinated","hospitalised_death"
"3064",5,0.000691253521509144,"20-64","sector_30","unvaccinated","hospitalised_death"
"3065",6,0.000840987944117525,"20-64","sector_30","unvaccinated","hospitalised_death"
"3066",7,0.00100587939892422,"20-64","sector_30","unvaccinated","hospitalised_death"
"3067",8,0.00118843938219996,"20-64","sector_30","unvaccinated","hospitalised_death"
"3068",9,0.00139108923578574,"20-64","sector_30","unvaccinated","hospitalised_death"
"3069",10,0.00161634926406865,"20-64","sector_30","unvaccinated","hospitalised_death"
"3070",0,0,"20-64","sector_31","unvaccinated","hospitalised_death"
"3071",1,0.000108214503765802,"20-64","sector_31","unvaccinated","hospitalised_death"
"3072",2,0.000199308395485355,"20-64","sector_31","unvaccinated","hospitalised_death"
"3073",3,0.000285963813291574,"20-64","sector_31","unvaccinated","hospitalised_death"
"3074",4,0.000375087109674939,"20-64","sector_31","unvaccinated","hospitalised_death"
"3075",5,0.000470621374397215,"20-64","sector_31","unvaccinated","hospitalised_death"
"3076",6,0.000575036839741423,"20-64","sector_31","unvaccinated","hospitalised_death"
"3077",7,0.000690122219220592,"20-64","sector_31","unvaccinated","hospitalised_death"
"3078",8,0.000817406982476677,"20-64","sector_31","unvaccinated","hospitalised_death"
"3079",9,0.000958389553603432,"20-64","sector_31","unvaccinated","hospitalised_death"
"3080",10,0.0011146642848604,"20-64","sector_31","unvaccinated","hospitalised_death"
"3081",0,0,"20-64","sector_32","unvaccinated","hospitalised_death"
"3082",1,0.000875399011011804,"20-64","sector_32","unvaccinated","hospitalised_death"
"3083",2,0.00161999400671884,"20-64","sector_32","unvaccinated","hospitalised_death"
"3084",3,0.00233784685610568,"20-64","sector_32","unvaccinated","hospitalised_death"
"3085",4,0.00308411278336623,"20-64","sector_32","unvaccinated","hospitalised_death"
"3086",5,0.00388972471688643,"20-64","sector_32","unvaccinated","hospitalised_death"
"3087",6,0.00477411589203472,"20-64","sector_32","unvaccinated","hospitalised_death"
"3088",7,0.00575175683719625,"20-64","sector_32","unvaccinated","hospitalised_death"
"3089",8,0.00683551432450149,"20-64","sector_32","unvaccinated","hospitalised_death"
"3090",9,0.008038393758456,"20-64","sector_32","unvaccinated","hospitalised_death"
"3091",10,0.00937447241887708,"20-64","sector_32","unvaccinated","hospitalised_death"
"3092",0,0,"20-64","sector_33","unvaccinated","hospitalised_death"
"3093",1,0.000140560302907396,"20-64","sector_33","unvaccinated","hospitalised_death"
"3094",2,0.000256533300278162,"20-64","sector_33","unvaccinated","hospitalised_death"
"3095",3,0.000363471881687536,"20-64","sector_33","unvaccinated","hospitalised_death"
"3096",4,0.000470132836956985,"20-64","sector_33","unvaccinated","hospitalised_death"
"3097",5,0.000581724938247728,"20-64","sector_33","unvaccinated","hospitalised_death"
"3098",6,0.000701639541710949,"20-64","sector_33","unvaccinated","hospitalised_death"
"3099",7,0.000832378414156426,"20-64","sector_33","unvaccinated","hospitalised_death"
"3100",8,0.000976056668957337,"20-64","sector_33","unvaccinated","hospitalised_death"
"3101",9,0.00113468099602165,"20-64","sector_33","unvaccinated","hospitalised_death"
"3102",10,0.00131030945045481,"20-64","sector_33","unvaccinated","hospitalised_death"
"3103",0,0,"20-64","sector_34","unvaccinated","hospitalised_death"
"3104",1,8.51726832556221e-05,"20-64","sector_34","unvaccinated","hospitalised_death"
"3105",2,0.00015529710620483,"20-64","sector_34","unvaccinated","hospitalised_death"
"3106",3,0.000219754045764225,"20-64","sector_34","unvaccinated","hospitalised_death"
"3107",4,0.000283847020959038,"20-64","sector_34","unvaccinated","hospitalised_death"
"3108",5,0.000350737550952257,"20-64","sector_34","unvaccinated","hospitalised_death"
"3109",6,0.000422480780193781,"20-64","sector_34","unvaccinated","hospitalised_death"
"3110",7,0.000500583714930355,"20-64","sector_34","unvaccinated","hospitalised_death"
"3111",8,0.000586309752270296,"20-64","sector_34","unvaccinated","hospitalised_death"
"3112",9,0.000680848317724317,"20-64","sector_34","unvaccinated","hospitalised_death"
"3113",10,0.000785412911396708,"20-64","sector_34","unvaccinated","hospitalised_death"
"3114",0,0,"20-64","sector_35","unvaccinated","hospitalised_death"
"3115",1,0.00032603789054755,"20-64","sector_35","unvaccinated","hospitalised_death"
"3116",2,0.000592939838124061,"20-64","sector_35","unvaccinated","hospitalised_death"
"3117",3,0.00083586617063565,"20-64","sector_35","unvaccinated","hospitalised_death"
"3118",4,0.00107466371054735,"20-64","sector_35","unvaccinated","hospitalised_death"
"3119",5,0.00132106220403571,"20-64","sector_35","unvaccinated","hospitalised_death"
"3120",6,0.00158256412002575,"20-64","sector_35","unvaccinated","hospitalised_death"
"3121",7,0.00186456031355141,"20-64","sector_35","unvaccinated","hospitalised_death"
"3122",8,0.00217149166999132,"20-64","sector_35","unvaccinated","hospitalised_death"
"3123",9,0.00250749728159771,"20-64","sector_35","unvaccinated","hospitalised_death"
"3124",10,0.00287678672444705,"20-64","sector_35","unvaccinated","hospitalised_death"
"3125",0,0,"20-64","sector_36","unvaccinated","hospitalised_death"
"3126",1,0.000420977104791575,"20-64","sector_36","unvaccinated","hospitalised_death"
"3127",2,0.000770390440739141,"20-64","sector_36","unvaccinated","hospitalised_death"
"3128",3,0.00109491645279672,"20-64","sector_36","unvaccinated","hospitalised_death"
"3129",4,0.00142002144849687,"20-64","sector_36","unvaccinated","hospitalised_death"
"3130",5,0.00176031322056702,"20-64","sector_36","unvaccinated","hospitalised_death"
"3131",6,0.00212499321605087,"20-64","sector_36","unvaccinated","hospitalised_death"
"3132",7,0.0025207305339812,"20-64","sector_36","unvaccinated","hospitalised_death"
"3133",8,0.00295318298357582,"20-64","sector_36","unvaccinated","hospitalised_death"
"3134",9,0.00342781175026836,"20-64","sector_36","unvaccinated","hospitalised_death"
"3135",10,0.00395033055118169,"20-64","sector_36","unvaccinated","hospitalised_death"
"3136",0,0,"20-64","sector_37","unvaccinated","hospitalised_death"
"3137",1,0.000214140408957007,"20-64","sector_37","unvaccinated","hospitalised_death"
"3138",2,0.000392818207109589,"20-64","sector_37","unvaccinated","hospitalised_death"
"3139",3,0.000560561973742403,"20-64","sector_37","unvaccinated","hospitalised_death"
"3140",4,0.000731032766691628,"20-64","sector_37","unvaccinated","hospitalised_death"
"3141",5,0.000912302917999901,"20-64","sector_37","unvaccinated","hospitalised_death"
"3142",6,0.00110964102696539,"20-64","sector_37","unvaccinated","hospitalised_death"
"3143",7,0.00132698831224406,"20-64","sector_37","unvaccinated","hospitalised_death"
"3144",8,0.00156774902854469,"20-64","sector_37","unvaccinated","hospitalised_death"
"3145",9,0.00183522237668018,"20-64","sector_37","unvaccinated","hospitalised_death"
"3146",10,0.00213284819230054,"20-64","sector_37","unvaccinated","hospitalised_death"
"3147",0,0,"20-64","sector_38","unvaccinated","hospitalised_death"
"3148",1,0.00105398079358657,"20-64","sector_38","unvaccinated","hospitalised_death"
"3149",2,0.00192777072703035,"20-64","sector_38","unvaccinated","hospitalised_death"
"3150",3,0.0027399307244012,"20-64","sector_38","unvaccinated","hospitalised_death"
"3151",4,0.0035569469042114,"20-64","sector_38","unvaccinated","hospitalised_death"
"3152",5,0.00441818346916203,"20-64","sector_38","unvaccinated","hospitalised_death"
"3153",6,0.00534916307364539,"20-64","sector_38","unvaccinated","hospitalised_death"
"3154",7,0.00636867915240483,"20-64","sector_38","unvaccinated","hospitalised_death"
"3155",8,0.00749264719877716,"20-64","sector_38","unvaccinated","hospitalised_death"
"3156",9,0.0087362333205299,"20-64","sector_38","unvaccinated","hospitalised_death"
"3157",10,0.010115075873221,"20-64","sector_38","unvaccinated","hospitalised_death"
"3158",0,0,"20-64","sector_39","unvaccinated","hospitalised_death"
"3159",1,0.0010963793780431,"20-64","sector_39","unvaccinated","hospitalised_death"
"3160",2,0.00201253547016741,"20-64","sector_39","unvaccinated","hospitalised_death"
"3161",3,0.00287415998285751,"20-64","sector_39","unvaccinated","hospitalised_death"
"3162",4,0.00375023086479333,"20-64","sector_39","unvaccinated","hospitalised_death"
"3163",5,0.00468038320324856,"20-64","sector_39","unvaccinated","hospitalised_death"
"3164",6,0.00568949123190915,"20-64","sector_39","unvaccinated","hospitalised_death"
"3165",7,0.0067954595871895,"20-64","sector_39","unvaccinated","hospitalised_death"
"3166",8,0.00801341088351943,"20-64","sector_39","unvaccinated","hospitalised_death"
"3167",9,0.00935796611607082,"20-64","sector_39","unvaccinated","hospitalised_death"
"3168",10,0.0108445222896271,"20-64","sector_39","unvaccinated","hospitalised_death"
"3169",0,0,"20-64","sector_40","unvaccinated","hospitalised_death"
"3170",1,0.000548881091075921,"20-64","sector_40","unvaccinated","hospitalised_death"
"3171",2,0.00100553721557388,"20-64","sector_40","unvaccinated","hospitalised_death"
"3172",3,0.00143123420679784,"20-64","sector_40","unvaccinated","hospitalised_death"
"3173",4,0.00185928275595836,"20-64","sector_40","unvaccinated","hospitalised_death"
"3174",5,0.0023087286243155,"20-64","sector_40","unvaccinated","hospitalised_death"
"3175",6,0.00279154806710774,"20-64","sector_40","unvaccinated","hospitalised_death"
"3176",7,0.0033164311025165,"20-64","sector_40","unvaccinated","hospitalised_death"
"3177",8,0.00389077776031658,"20-64","sector_40","unvaccinated","hospitalised_death"
"3178",9,0.00452176361693412,"20-64","sector_40","unvaccinated","hospitalised_death"
"3179",10,0.00521692527573718,"20-64","sector_40","unvaccinated","hospitalised_death"
"3180",0,0,"20-64","sector_41","unvaccinated","hospitalised_death"
"3181",1,0.00107046833869361,"20-64","sector_41","unvaccinated","hospitalised_death"
"3182",2,0.00198745400945797,"20-64","sector_41","unvaccinated","hospitalised_death"
"3183",3,0.00288407609132967,"20-64","sector_41","unvaccinated","hospitalised_death"
"3184",4,0.00383358072517963,"20-64","sector_41","unvaccinated","hospitalised_death"
"3185",5,0.004879540553432,"20-64","sector_41","unvaccinated","hospitalised_death"
"3186",6,0.00605142214082003,"20-64","sector_41","unvaccinated","hospitalised_death"
"3187",7,0.00737263304775069,"20-64","sector_41","unvaccinated","hospitalised_death"
"3188",8,0.00886472185899292,"20-64","sector_41","unvaccinated","hospitalised_death"
"3189",9,0.0105496252961289,"20-64","sector_41","unvaccinated","hospitalised_death"
"3190",10,0.0124509371240598,"20-64","sector_41","unvaccinated","hospitalised_death"
"3191",0,0,"20-64","sector_42","unvaccinated","hospitalised_death"
"3192",1,0.00159108976744763,"20-64","sector_42","unvaccinated","hospitalised_death"
"3193",2,0.0029322310160712,"20-64","sector_42","unvaccinated","hospitalised_death"
"3194",3,0.00421173883291824,"20-64","sector_42","unvaccinated","hospitalised_death"
"3195",4,0.00553364902371276,"20-64","sector_42","unvaccinated","hospitalised_death"
"3196",5,0.00695899429042503,"20-64","sector_42","unvaccinated","hospitalised_death"
"3197",6,0.00852748226580562,"20-64","sector_42","unvaccinated","hospitalised_death"
"3198",7,0.0102689290219826,"20-64","sector_42","unvaccinated","hospitalised_death"
"3199",8,0.0122093466999773,"20-64","sector_42","unvaccinated","hospitalised_death"
"3200",9,0.0143742518513926,"20-64","sector_42","unvaccinated","hospitalised_death"
"3201",10,0.0167905396059845,"20-64","sector_42","unvaccinated","hospitalised_death"
"3202",0,0,"20-64","sector_43","unvaccinated","hospitalised_death"
"3203",1,0.000362391961859917,"20-64","sector_43","unvaccinated","hospitalised_death"
"3204",2,0.000669577707454598,"20-64","sector_43","unvaccinated","hospitalised_death"
"3205",3,0.000964922438473955,"20-64","sector_43","unvaccinated","hospitalised_death"
"3206",4,0.00127189698667441,"20-64","sector_43","unvaccinated","hospitalised_death"
"3207",5,0.001603846070914,"20-64","sector_43","unvaccinated","hospitalised_death"
"3208",6,0.00196913834055822,"20-64","sector_43","unvaccinated","hospitalised_death"
"3209",7,0.00237388473336324,"20-64","sector_43","unvaccinated","hospitalised_death"
"3210",8,0.00282337951093138,"20-64","sector_43","unvaccinated","hospitalised_death"
"3211",9,0.00332287372686143,"20-64","sector_43","unvaccinated","hospitalised_death"
"3212",10,0.00387800319962004,"20-64","sector_43","unvaccinated","hospitalised_death"
"3213",0,0,"20-64","sector_44","unvaccinated","hospitalised_death"
"3214",1,0.000346709950940079,"20-64","sector_44","unvaccinated","hospitalised_death"
"3215",2,0.00062946939737111,"20-64","sector_44","unvaccinated","hospitalised_death"
"3216",3,0.000884882490865357,"20-64","sector_44","unvaccinated","hospitalised_death"
"3217",4,0.00113352809876958,"20-64","sector_44","unvaccinated","hospitalised_death"
"3218",5,0.00138757172274178,"20-64","sector_44","unvaccinated","hospitalised_death"
"3219",6,0.00165483774412456,"20-64","sector_44","unvaccinated","hospitalised_death"
"3220",7,0.00194099808693084,"20-64","sector_44","unvaccinated","hospitalised_death"
"3221",8,0.00225075830337976,"20-64","sector_44","unvaccinated","hospitalised_death"
"3222",9,0.00258851064112481,"20-64","sector_44","unvaccinated","hospitalised_death"
"3223",10,0.00295870478961627,"20-64","sector_44","unvaccinated","hospitalised_death"
"3224",0,0,"20-64","sector_45","unvaccinated","hospitalised_death"
"3225",1,2.31965717085363e-05,"20-64","sector_45","unvaccinated","hospitalised_death"
"3226",2,4.1960676773203e-05,"20-64","sector_45","unvaccinated","hospitalised_death"
"3227",3,5.87094144592224e-05,"20-64","sector_45","unvaccinated","hospitalised_death"
"3228",4,7.4841935063875e-05,"20-64","sector_45","unvaccinated","hospitalised_death"
"3229",5,9.12113735339228e-05,"20-64","sector_45","unvaccinated","hospitalised_death"
"3230",6,0.000108380551773132,"20-64","sector_45","unvaccinated","hospitalised_death"
"3231",7,0.00012676187327948,"20-64","sector_45","unvaccinated","hospitalised_death"
"3232",8,0.000146694969218761,"20-64","sector_45","unvaccinated","hospitalised_death"
"3233",9,0.000168490778961107,"20-64","sector_45","unvaccinated","hospitalised_death"
"3234",10,0.000192457497750578,"20-64","sector_45","unvaccinated","hospitalised_death"
"3235",0,0,"0-4","sector_00","unvaccinated","recovered"
"3236",1,0.0871527116860631,"0-4","sector_00","unvaccinated","recovered"
"3237",2,0.159181638970365,"0-4","sector_00","unvaccinated","recovered"
"3238",3,0.223098154075749,"0-4","sector_00","unvaccinated","recovered"
"3239",4,0.283236443489923,"0-4","sector_00","unvaccinated","recovered"
"3240",5,0.342449949797093,"0-4","sector_00","unvaccinated","recovered"
"3241",6,0.402767139835806,"0-4","sector_00","unvaccinated","recovered"
"3242",7,0.465758350164143,"0-4","sector_00","unvaccinated","recovered"
"3243",8,0.532746885905149,"0-4","sector_00","unvaccinated","recovered"
"3244",9,0.604935286194052,"0-4","sector_00","unvaccinated","recovered"
"3245",10,0.68348484620856,"0-4","sector_00","unvaccinated","recovered"
"3246",0,0,"5-19","sector_00","unvaccinated","recovered"
"3247",1,0.257320808809824,"5-19","sector_00","unvaccinated","recovered"
"3248",2,0.473333047102884,"5-19","sector_00","unvaccinated","recovered"
"3249",3,0.67848696461897,"5-19","sector_00","unvaccinated","recovered"
"3250",4,0.889165015330791,"5-19","sector_00","unvaccinated","recovered"
"3251",5,1.11476124160769,"5-19","sector_00","unvaccinated","recovered"
"3252",6,1.36131329062118,"5-19","sector_00","unvaccinated","recovered"
"3253",7,1.63336525780248,"5-19","sector_00","unvaccinated","recovered"
"3254",8,1.93492754669068,"5-19","sector_00","unvaccinated","recovered"
"3255",9,2.26997962654767,"5-19","sector_00","unvaccinated","recovered"
"3256",10,2.64274441902847,"5-19","sector_00","unvaccinated","recovered"
"3257",0,0,"20-64","sector_00","unvaccinated","recovered"
"3258",1,0.153967402283771,"20-64","sector_00","unvaccinated","recovered"
"3259",2,0.284128130430678,"20-64","sector_00","unvaccinated","recovered"
"3260",3,0.404069814539792,"20-64","sector_00","unvaccinated","recovered"
"3261",4,0.521910905686005,"20-64","sector_00","unvaccinated","recovered"
"3262",5,0.642917374473415,"20-64","sector_00","unvaccinated","recovered"
"3263",6,0.770875025449827,"20-64","sector_00","unvaccinated","recovered"
"3264",7,0.908819972378823,"20-64","sector_00","unvaccinated","recovered"
"3265",8,1.05943803959647,"20-64","sector_00","unvaccinated","recovered"
"3266",9,1.22529329341818,"20-64","sector_00","unvaccinated","recovered"
"3267",10,1.408968336427,"20-64","sector_00","unvaccinated","recovered"
"3268",0,0,"65+","sector_00","unvaccinated","recovered"
"3269",1,0.255838260153846,"65+","sector_00","unvaccinated","recovered"
"3270",2,0.429897054331009,"65+","sector_00","unvaccinated","recovered"
"3271",3,0.561164997068459,"65+","sector_00","unvaccinated","recovered"
"3272",4,0.671442774335518,"65+","sector_00","unvaccinated","recovered"
"3273",5,0.773180584634689,"65+","sector_00","unvaccinated","recovered"
"3274",6,0.873750169987068,"65+","sector_00","unvaccinated","recovered"
"3275",7,0.97778231331531,"65+","sector_00","unvaccinated","recovered"
"3276",8,1.08845263088021,"65+","sector_00","unvaccinated","recovered"
"3277",9,1.20819469365819,"65+","sector_00","unvaccinated","recovered"
"3278",10,1.33910092860694,"65+","sector_00","unvaccinated","recovered"
"3279",0,0,"20-64","sector_01","unvaccinated","recovered"
"3280",1,0.00876321206929253,"20-64","sector_01","unvaccinated","recovered"
"3281",2,0.0164185498722924,"20-64","sector_01","unvaccinated","recovered"
"3282",3,0.0238348686233247,"20-64","sector_01","unvaccinated","recovered"
"3283",4,0.0314958268139252,"20-64","sector_01","unvaccinated","recovered"
"3284",5,0.0396933077398766,"20-64","sector_01","unvaccinated","recovered"
"3285",6,0.0486272897153728,"20-64","sector_01","unvaccinated","recovered"
"3286",7,0.0584575765403673,"20-64","sector_01","unvaccinated","recovered"
"3287",8,0.0693308752532082,"20-64","sector_01","unvaccinated","recovered"
"3288",9,0.0813953450885891,"20-64","sector_01","unvaccinated","recovered"
"3289",10,0.0948088615451208,"20-64","sector_01","unvaccinated","recovered"
"3290",0,0,"20-64","sector_02","unvaccinated","recovered"
"3291",1,0.000377574115272885,"20-64","sector_02","unvaccinated","recovered"
"3292",2,0.000711517851130565,"20-64","sector_02","unvaccinated","recovered"
"3293",3,0.00104104428703623,"20-64","sector_02","unvaccinated","recovered"
"3294",4,0.00138766308160995,"20-64","sector_02","unvaccinated","recovered"
"3295",5,0.00176418180766917,"20-64","sector_02","unvaccinated","recovered"
"3296",6,0.00217932478381893,"20-64","sector_02","unvaccinated","recovered"
"3297",7,0.00264010628443019,"20-64","sector_02","unvaccinated","recovered"
"3298",8,0.00315306010708336,"20-64","sector_02","unvaccinated","recovered"
"3299",9,0.00372489227195236,"20-64","sector_02","unvaccinated","recovered"
"3300",10,0.00436284740522857,"20-64","sector_02","unvaccinated","recovered"
"3301",0,0,"20-64","sector_03","unvaccinated","recovered"
"3302",1,0.000371716001075368,"20-64","sector_03","unvaccinated","recovered"
"3303",2,0.000694149350674295,"20-64","sector_03","unvaccinated","recovered"
"3304",3,0.00100322676266388,"20-64","sector_03","unvaccinated","recovered"
"3305",4,0.00131914000688513,"20-64","sector_03","unvaccinated","recovered"
"3306",5,0.00165415131822755,"20-64","sector_03","unvaccinated","recovered"
"3307",6,0.00201665525357241,"20-64","sector_03","unvaccinated","recovered"
"3308",7,0.00241330270062167,"20-64","sector_03","unvaccinated","recovered"
"3309",8,0.00285012492031926,"20-64","sector_03","unvaccinated","recovered"
"3310",9,0.00333314439305214,"20-64","sector_03","unvaccinated","recovered"
"3311",10,0.00386872489902732,"20-64","sector_03","unvaccinated","recovered"
"3312",0,0,"20-64","sector_04","unvaccinated","recovered"
"3313",1,0.000510128010320768,"20-64","sector_04","unvaccinated","recovered"
"3314",2,0.000967781050183432,"20-64","sector_04","unvaccinated","recovered"
"3315",3,0.00142759609525365,"20-64","sector_04","unvaccinated","recovered"
"3316",4,0.00191816135216918,"20-64","sector_04","unvaccinated","recovered"
"3317",5,0.00245565636327764,"20-64","sector_04","unvaccinated","recovered"
"3318",6,0.00305073339612573,"20-64","sector_04","unvaccinated","recovered"
"3319",7,0.00371196445467854,"20-64","sector_04","unvaccinated","recovered"
"3320",8,0.00444756217283575,"20-64","sector_04","unvaccinated","recovered"
"3321",9,0.00526624744289538,"20-64","sector_04","unvaccinated","recovered"
"3322",10,0.00617770644638452,"20-64","sector_04","unvaccinated","recovered"
"3323",0,0,"20-64","sector_05","unvaccinated","recovered"
"3324",1,0.000553629358299483,"20-64","sector_05","unvaccinated","recovered"
"3325",2,0.00104188502865532,"20-64","sector_05","unvaccinated","recovered"
"3326",3,0.00152154424742596,"20-64","sector_05","unvaccinated","recovered"
"3327",4,0.00202376538665613,"20-64","sector_05","unvaccinated","recovered"
"3328",5,0.00256710407585111,"20-64","sector_05","unvaccinated","recovered"
"3329",6,0.00316419474548441,"20-64","sector_05","unvaccinated","recovered"
"3330",7,0.00382518380048004,"20-64","sector_05","unvaccinated","recovered"
"3331",8,0.00455950745520354,"20-64","sector_05","unvaccinated","recovered"
"3332",9,0.00537683423543779,"20-64","sector_05","unvaccinated","recovered"
"3333",10,0.00628759278754991,"20-64","sector_05","unvaccinated","recovered"
"3334",0,0,"20-64","sector_06","unvaccinated","recovered"
"3335",1,0.00976006361304525,"20-64","sector_06","unvaccinated","recovered"
"3336",2,0.0185033625723883,"20-64","sector_06","unvaccinated","recovered"
"3337",3,0.0272906460936681,"20-64","sector_06","unvaccinated","recovered"
"3338",4,0.0366954391983392,"20-64","sector_06","unvaccinated","recovered"
"3339",5,0.0470552825403245,"20-64","sector_06","unvaccinated","recovered"
"3340",6,0.0585996663438452,"20-64","sector_06","unvaccinated","recovered"
"3341",7,0.0715151102012041,"20-64","sector_06","unvaccinated","recovered"
"3342",8,0.0859784559240162,"20-64","sector_06","unvaccinated","recovered"
"3343",9,0.102174280182742,"20-64","sector_06","unvaccinated","recovered"
"3344",10,0.120304533249016,"20-64","sector_06","unvaccinated","recovered"
"3345",0,0,"20-64","sector_07","unvaccinated","recovered"
"3346",1,0.00237978016776911,"20-64","sector_07","unvaccinated","recovered"
"3347",2,0.00451306344040436,"20-64","sector_07","unvaccinated","recovered"
"3348",3,0.00665780818846287,"20-64","sector_07","unvaccinated","recovered"
"3349",4,0.0089514970931697,"20-64","sector_07","unvaccinated","recovered"
"3350",5,0.0114730600619529,"20-64","sector_07","unvaccinated","recovered"
"3351",6,0.0142746031646594,"20-64","sector_07","unvaccinated","recovered"
"3352",7,0.0173976224669536,"20-64","sector_07","unvaccinated","recovered"
"3353",8,0.0208813048594159,"20-64","sector_07","unvaccinated","recovered"
"3354",9,0.0247668411687878,"20-64","sector_07","unvaccinated","recovered"
"3355",10,0.0290997700453595,"20-64","sector_07","unvaccinated","recovered"
"3356",0,0,"20-64","sector_08","unvaccinated","recovered"
"3357",1,0.00175629659590544,"20-64","sector_08","unvaccinated","recovered"
"3358",2,0.00330700699840753,"20-64","sector_08","unvaccinated","recovered"
"3359",3,0.00483068372789626,"20-64","sector_08","unvaccinated","recovered"
"3360",4,0.00642323549650587,"20-64","sector_08","unvaccinated","recovered"
"3361",5,0.00814036947185149,"20-64","sector_08","unvaccinated","recovered"
"3362",6,0.0100192433512022,"20-64","sector_08","unvaccinated","recovered"
"3363",7,0.0120894768321229,"20-64","sector_08","unvaccinated","recovered"
"3364",8,0.0143787621421419,"20-64","sector_08","unvaccinated","recovered"
"3365",9,0.0169157677195155,"20-64","sector_08","unvaccinated","recovered"
"3366",10,0.0197317130038365,"20-64","sector_08","unvaccinated","recovered"
"3367",0,0,"20-64","sector_09","unvaccinated","recovered"
"3368",1,0.00363327195879166,"20-64","sector_09","unvaccinated","recovered"
"3369",2,0.00686932302641318,"20-64","sector_09","unvaccinated","recovered"
"3370",3,0.0100940777949316,"20-64","sector_09","unvaccinated","recovered"
"3371",4,0.0135168194876365,"20-64","sector_09","unvaccinated","recovered"
"3372",5,0.0172609954558217,"20-64","sector_09","unvaccinated","recovered"
"3373",6,0.0214105296268096,"20-64","sector_09","unvaccinated","recovered"
"3374",7,0.0260334194544011,"20-64","sector_09","unvaccinated","recovered"
"3375",8,0.0311938256126082,"20-64","sector_09","unvaccinated","recovered"
"3376",9,0.0369584017236985,"20-64","sector_09","unvaccinated","recovered"
"3377",10,0.0433997974828713,"20-64","sector_09","unvaccinated","recovered"
"3378",0,0,"20-64","sector_10","unvaccinated","recovered"
"3379",1,0.000221837791461324,"20-64","sector_10","unvaccinated","recovered"
"3380",2,0.00041927201152262,"20-64","sector_10","unvaccinated","recovered"
"3381",3,0.000615860306483532,"20-64","sector_10","unvaccinated","recovered"
"3382",4,0.000824427329878041,"20-64","sector_10","unvaccinated","recovered"
"3383",5,0.00105256007245427,"20-64","sector_10","unvaccinated","recovered"
"3384",6,0.00130541726604336,"20-64","sector_10","unvaccinated","recovered"
"3385",7,0.0015871658490863,"20-64","sector_10","unvaccinated","recovered"
"3386",8,0.00190172053612583,"20-64","sector_10","unvaccinated","recovered"
"3387",9,0.00225313347555262,"20-64","sector_10","unvaccinated","recovered"
"3388",10,0.00264581138328108,"20-64","sector_10","unvaccinated","recovered"
"3389",0,0,"20-64","sector_11","unvaccinated","recovered"
"3390",1,0.00230507288555744,"20-64","sector_11","unvaccinated","recovered"
"3391",2,0.00436100466137371,"20-64","sector_11","unvaccinated","recovered"
"3392",3,0.00641333192932915,"20-64","sector_11","unvaccinated","recovered"
"3393",4,0.008593749385206,"20-64","sector_11","unvaccinated","recovered"
"3394",5,0.0109783293834096,"20-64","sector_11","unvaccinated","recovered"
"3395",6,0.0136174322513704,"20-64","sector_11","unvaccinated","recovered"
"3396",7,0.0165510455287246,"20-64","sector_11","unvaccinated","recovered"
"3397",8,0.0198166742952963,"20-64","sector_11","unvaccinated","recovered"
"3398",9,0.0234534652564521,"20-64","sector_11","unvaccinated","recovered"
"3399",10,0.0275044619973627,"20-64","sector_11","unvaccinated","recovered"
"3400",0,0,"20-64","sector_12","unvaccinated","recovered"
"3401",1,0.00107541746604525,"20-64","sector_12","unvaccinated","recovered"
"3402",2,0.00204384420124178,"20-64","sector_12","unvaccinated","recovered"
"3403",3,0.00302188776930352,"20-64","sector_12","unvaccinated","recovered"
"3404",4,0.00407024681411295,"20-64","sector_12","unvaccinated","recovered"
"3405",5,0.00522311446876845,"20-64","sector_12","unvaccinated","recovered"
"3406",6,0.0065029726195133,"20-64","sector_12","unvaccinated","recovered"
"3407",7,0.00792797663388123,"20-64","sector_12","unvaccinated","recovered"
"3408",8,0.00951562532388736,"20-64","sector_12","unvaccinated","recovered"
"3409",9,0.0112846008179224,"20-64","sector_12","unvaccinated","recovered"
"3410",10,0.0132557320430382,"20-64","sector_12","unvaccinated","recovered"
"3411",0,0,"20-64","sector_13","unvaccinated","recovered"
"3412",1,0.00379031629666804,"20-64","sector_13","unvaccinated","recovered"
"3413",2,0.00715940017842987,"20-64","sector_13","unvaccinated","recovered"
"3414",3,0.0105069640222824,"20-64","sector_13","unvaccinated","recovered"
"3415",4,0.0140502466244124,"20-64","sector_13","unvaccinated","recovered"
"3416",5,0.0179175933824091,"20-64","sector_13","unvaccinated","recovered"
"3417",6,0.0221962487044018,"20-64","sector_13","unvaccinated","recovered"
"3418",7,0.0269567493389264,"20-64","sector_13","unvaccinated","recovered"
"3419",8,0.032265449054611,"20-64","sector_13","unvaccinated","recovered"
"3420",9,0.0381910922173543,"20-64","sector_13","unvaccinated","recovered"
"3421",10,0.0448084598530784,"20-64","sector_13","unvaccinated","recovered"
"3422",0,0,"20-64","sector_14","unvaccinated","recovered"
"3423",1,0.00213475394810676,"20-64","sector_14","unvaccinated","recovered"
"3424",2,0.0040366079696155,"20-64","sector_14","unvaccinated","recovered"
"3425",3,0.0059330804407836,"20-64","sector_14","unvaccinated","recovered"
"3426",4,0.00794789009800919,"20-64","sector_14","unvaccinated","recovered"
"3427",5,0.0101541612919257,"20-64","sector_14","unvaccinated","recovered"
"3428",6,0.0126016077186025,"20-64","sector_14","unvaccinated","recovered"
"3429",7,0.0153304205517434,"20-64","sector_14","unvaccinated","recovered"
"3430",8,0.0183784115840672,"20-64","sector_14","unvaccinated","recovered"
"3431",9,0.0217847723121182,"20-64","sector_14","unvaccinated","recovered"
"3432",10,0.0255921663473847,"20-64","sector_14","unvaccinated","recovered"
"3433",0,0,"20-64","sector_15","unvaccinated","recovered"
"3434",1,0.00151726791859949,"20-64","sector_15","unvaccinated","recovered"
"3435",2,0.0028713521650642,"20-64","sector_15","unvaccinated","recovered"
"3436",3,0.00422420745322746,"20-64","sector_15","unvaccinated","recovered"
"3437",4,0.00566263078369664,"20-64","sector_15","unvaccinated","recovered"
"3438",5,0.00723672076614773,"20-64","sector_15","unvaccinated","recovered"
"3439",6,0.00897962999590234,"20-64","sector_15","unvaccinated","recovered"
"3440",7,0.0109176906009103,"20-64","sector_15","unvaccinated","recovered"
"3441",8,0.0130756197590132,"20-64","sector_15","unvaccinated","recovered"
"3442",9,0.0154792385533689,"20-64","sector_15","unvaccinated","recovered"
"3443",10,0.0181569576270449,"20-64","sector_15","unvaccinated","recovered"
"3444",0,0,"20-64","sector_16","unvaccinated","recovered"
"3445",1,0.00713673486935104,"20-64","sector_16","unvaccinated","recovered"
"3446",2,0.0134955177143614,"20-64","sector_16","unvaccinated","recovered"
"3447",3,0.0198237440765184,"20-64","sector_16","unvaccinated","recovered"
"3448",4,0.0265165880400712,"20-64","sector_16","unvaccinated","recovered"
"3449",5,0.0337999424728468,"20-64","sector_16","unvaccinated","recovered"
"3450",6,0.0418231603162002,"20-64","sector_16","unvaccinated","recovered"
"3451",7,0.0507058120069887,"20-64","sector_16","unvaccinated","recovered"
"3452",8,0.0605612295151967,"20-64","sector_16","unvaccinated","recovered"
"3453",9,0.0715085056362268,"20-64","sector_16","unvaccinated","recovered"
"3454",10,0.0836788891268747,"20-64","sector_16","unvaccinated","recovered"
"3455",0,0,"20-64","sector_17","unvaccinated","recovered"
"3456",1,0.00265733005514431,"20-64","sector_17","unvaccinated","recovered"
"3457",2,0.00503357472539338,"20-64","sector_17","unvaccinated","recovered"
"3458",3,0.00741501575137252,"20-64","sector_17","unvaccinated","recovered"
"3459",4,0.00995628565729892,"20-64","sector_17","unvaccinated","recovered"
"3460",5,0.0127483598414473,"20-64","sector_17","unvaccinated","recovered"
"3461",6,0.0158531403045591,"20-64","sector_17","unvaccinated","recovered"
"3462",7,0.0193210166428017,"20-64","sector_17","unvaccinated","recovered"
"3463",8,0.0231998257963738,"20-64","sector_17","unvaccinated","recovered"
"3464",9,0.0275395212786254,"20-64","sector_17","unvaccinated","recovered"
"3465",10,0.0323947471041189,"20-64","sector_17","unvaccinated","recovered"
"3466",0,0,"20-64","sector_18","unvaccinated","recovered"
"3467",1,0.00184878681058145,"20-64","sector_18","unvaccinated","recovered"
"3468",2,0.00351411188227803,"20-64","sector_18","unvaccinated","recovered"
"3469",3,0.00520085652833585,"20-64","sector_18","unvaccinated","recovered"
"3470",4,0.00701924916048201,"20-64","sector_18","unvaccinated","recovered"
"3471",5,0.00903396234395145,"20-64","sector_18","unvaccinated","recovered"
"3472",6,0.011289028246104,"20-64","sector_18","unvaccinated","recovered"
"3473",7,0.013820458554929,"20-64","sector_18","unvaccinated","recovered"
"3474",8,0.0166626665295681,"20-64","sector_18","unvaccinated","recovered"
"3475",9,0.0198518062829377,"20-64","sector_18","unvaccinated","recovered"
"3476",10,0.0234276122910015,"20-64","sector_18","unvaccinated","recovered"
"3477",0,0,"20-64","sector_19","unvaccinated","recovered"
"3478",1,0.00430319676053311,"20-64","sector_19","unvaccinated","recovered"
"3479",2,0.0081677752406703,"20-64","sector_19","unvaccinated","recovered"
"3480",3,0.012063163959452,"20-64","sector_19","unvaccinated","recovered"
"3481",4,0.0162390122097779,"20-64","sector_19","unvaccinated","recovered"
"3482",5,0.0208383590631643,"20-64","sector_19","unvaccinated","recovered"
"3483",6,0.0259555634331827,"20-64","sector_19","unvaccinated","recovered"
"3484",7,0.031665868212852,"20-64","sector_19","unvaccinated","recovered"
"3485",8,0.0380405101122944,"20-64","sector_19","unvaccinated","recovered"
"3486",9,0.0451545543549511,"20-64","sector_19","unvaccinated","recovered"
"3487",10,0.0530911431865196,"20-64","sector_19","unvaccinated","recovered"
"3488",0,0,"20-64","sector_20","unvaccinated","recovered"
"3489",1,0.00368890555073798,"20-64","sector_20","unvaccinated","recovered"
"3490",2,0.00701018946026763,"20-64","sector_20","unvaccinated","recovered"
"3491",3,0.0103635951817529,"20-64","sector_20","unvaccinated","recovered"
"3492",4,0.0139572560028003,"20-64","sector_20","unvaccinated","recovered"
"3493",5,0.0179084443403982,"20-64","sector_20","unvaccinated","recovered"
"3494",6,0.0222942703093864,"20-64","sector_20","unvaccinated","recovered"
"3495",7,0.0271769929104629,"20-64","sector_20","unvaccinated","recovered"
"3496",8,0.032616601680989,"20-64","sector_20","unvaccinated","recovered"
"3497",9,0.0386771260322192,"20-64","sector_20","unvaccinated","recovered"
"3498",10,0.0454299401873231,"20-64","sector_20","unvaccinated","recovered"
"3499",0,0,"20-64","sector_21","unvaccinated","recovered"
"3500",1,0.00307269971163416,"20-64","sector_21","unvaccinated","recovered"
"3501",2,0.00579173675078962,"20-64","sector_21","unvaccinated","recovered"
"3502",3,0.00847603730337435,"20-64","sector_21","unvaccinated","recovered"
"3503",4,0.0112998540283329,"20-64","sector_21","unvaccinated","recovered"
"3504",5,0.014366568659616,"20-64","sector_21","unvaccinated","recovered"
"3505",6,0.0177464947879282,"20-64","sector_21","unvaccinated","recovered"
"3506",7,0.0214962462675182,"20-64","sector_21","unvaccinated","recovered"
"3507",8,0.025668729879764,"20-64","sector_21","unvaccinated","recovered"
"3508",9,0.0303184194595016,"20-64","sector_21","unvaccinated","recovered"
"3509",10,0.0355042966062146,"20-64","sector_21","unvaccinated","recovered"
"3510",0,0,"20-64","sector_22","unvaccinated","recovered"
"3511",1,0.00702165686311874,"20-64","sector_22","unvaccinated","recovered"
"3512",2,0.0133288921491513,"20-64","sector_22","unvaccinated","recovered"
"3513",3,0.0196921949302863,"20-64","sector_22","unvaccinated","recovered"
"3514",4,0.0265271002629159,"20-64","sector_22","unvaccinated","recovered"
"3515",5,0.0340777571733652,"20-64","sector_22","unvaccinated","recovered"
"3516",6,0.0425102469445749,"20-64","sector_22","unvaccinated","recovered"
"3517",7,0.0519599532967766,"20-64","sector_22","unvaccinated","recovered"
"3518",8,0.0625557324209629,"20-64","sector_22","unvaccinated","recovered"
"3519",9,0.0744325174812879,"20-64","sector_22","unvaccinated","recovered"
"3520",10,0.087738278580692,"20-64","sector_22","unvaccinated","recovered"
"3521",0,0,"20-64","sector_23","unvaccinated","recovered"
"3522",1,0.00331938849343066,"20-64","sector_23","unvaccinated","recovered"
"3523",2,0.00630123453583742,"20-64","sector_23","unvaccinated","recovered"
"3524",3,0.00930797990192721,"20-64","sector_23","unvaccinated","recovered"
"3525",4,0.0125323175504569,"20-64","sector_23","unvaccinated","recovered"
"3526",5,0.016084621918037,"20-64","sector_23","unvaccinated","recovered"
"3527",6,0.020037697155735,"20-64","sector_23","unvaccinated","recovered"
"3528",7,0.0244496096746311,"20-64","sector_23","unvaccinated","recovered"
"3529",8,0.0293753546723024,"20-64","sector_23","unvaccinated","recovered"
"3530",9,0.0348729035977995,"20-64","sector_23","unvaccinated","recovered"
"3531",10,0.041006482499234,"20-64","sector_23","unvaccinated","recovered"
"3532",0,0,"20-64","sector_24","unvaccinated","recovered"
"3533",1,0.00432322007763739,"20-64","sector_24","unvaccinated","recovered"
"3534",2,0.00821136871604184,"20-64","sector_24","unvaccinated","recovered"
"3535",3,0.0121312593779241,"20-64","sector_24","unvaccinated","recovered"
"3536",4,0.0163263030232763,"20-64","sector_24","unvaccinated","recovered"
"3537",5,0.0209338269704999,"20-64","sector_24","unvaccinated","recovered"
"3538",6,0.0260441574113469,"20-64","sector_24","unvaccinated","recovered"
"3539",7,0.0317301462494144,"20-64","sector_24","unvaccinated","recovered"
"3540",8,0.0380618675963366,"20-64","sector_24","unvaccinated","recovered"
"3541",9,0.0451139995991607,"20-64","sector_24","unvaccinated","recovered"
"3542",10,0.0529696976402502,"20-64","sector_24","unvaccinated","recovered"
"3543",0,0,"20-64","sector_25","unvaccinated","recovered"
"3544",1,0.0522030336488316,"20-64","sector_25","unvaccinated","recovered"
"3545",2,0.097927776782422,"20-64","sector_25","unvaccinated","recovered"
"3546",3,0.142399193641841,"20-64","sector_25","unvaccinated","recovered"
"3547",4,0.188513435904509,"20-64","sector_25","unvaccinated","recovered"
"3548",5,0.238011142101477,"20-64","sector_25","unvaccinated","recovered"
"3549",6,0.292082290419661,"20-64","sector_25","unvaccinated","recovered"
"3550",7,0.351678797278538,"20-64","sector_25","unvaccinated","recovered"
"3551",8,0.417677643327465,"20-64","sector_25","unvaccinated","recovered"
"3552",9,0.490968179587865,"20-64","sector_25","unvaccinated","recovered"
"3553",10,0.572501507388561,"20-64","sector_25","unvaccinated","recovered"
"3554",0,0,"20-64","sector_26","unvaccinated","recovered"
"3555",1,0.10929467366595,"20-64","sector_26","unvaccinated","recovered"
"3556",2,0.210583866521571,"20-64","sector_26","unvaccinated","recovered"
"3557",3,0.317251055902944,"20-64","sector_26","unvaccinated","recovered"
"3558",4,0.436395190053564,"20-64","sector_26","unvaccinated","recovered"
"3559",5,0.572190463552666,"20-64","sector_26","unvaccinated","recovered"
"3560",6,0.727560292302749,"20-64","sector_26","unvaccinated","recovered"
"3561",7,0.905006666399146,"20-64","sector_26","unvaccinated","recovered"
"3562",8,1.10702162255072,"20-64","sector_26","unvaccinated","recovered"
"3563",9,1.33629591055885,"20-64","sector_26","unvaccinated","recovered"
"3564",10,1.59583234789996,"20-64","sector_26","unvaccinated","recovered"
"3565",0,0,"20-64","sector_27","unvaccinated","recovered"
"3566",1,0.017775698011947,"20-64","sector_27","unvaccinated","recovered"
"3567",2,0.0338842651936486,"20-64","sector_27","unvaccinated","recovered"
"3568",3,0.0503261784748452,"20-64","sector_27","unvaccinated","recovered"
"3569",4,0.0681553884033329,"20-64","sector_27","unvaccinated","recovered"
"3570",5,0.0879710046227256,"20-64","sector_27","unvaccinated","recovered"
"3571",6,0.110167739752294,"20-64","sector_27","unvaccinated","recovered"
"3572",7,0.135062899533157,"20-64","sector_27","unvaccinated","recovered"
"3573",8,0.16296075517571,"20-64","sector_27","unvaccinated","recovered"
"3574",9,0.194185597695364,"20-64","sector_27","unvaccinated","recovered"
"3575",10,0.229099493599244,"20-64","sector_27","unvaccinated","recovered"
"3576",0,0,"20-64","sector_28","unvaccinated","recovered"
"3577",1,0.000334696451123422,"20-64","sector_28","unvaccinated","recovered"
"3578",2,0.000630850579021577,"20-64","sector_28","unvaccinated","recovered"
"3579",3,0.000922728923448557,"20-64","sector_28","unvaccinated","recovered"
"3580",4,0.00122866517932758,"20-64","sector_28","unvaccinated","recovered"
"3581",5,0.00155926506245994,"20-64","sector_28","unvaccinated","recovered"
"3582",6,0.00192158585608986,"20-64","sector_28","unvaccinated","recovered"
"3583",7,0.00232125758322213,"20-64","sector_28","unvaccinated","recovered"
"3584",8,0.00276356069972434,"20-64","sector_28","unvaccinated","recovered"
"3585",9,0.00325398175236189,"20-64","sector_28","unvaccinated","recovered"
"3586",10,0.00379851342816654,"20-64","sector_28","unvaccinated","recovered"
"3587",0,0,"20-64","sector_29","unvaccinated","recovered"
"3588",1,0.00176841844757163,"20-64","sector_29","unvaccinated","recovered"
"3589",2,0.00335642147640213,"20-64","sector_29","unvaccinated","recovered"
"3590",3,0.00495738595944205,"20-64","sector_29","unvaccinated","recovered"
"3591",4,0.0066753788599187,"20-64","sector_29","unvaccinated","recovered"
"3592",5,0.00857150807871821,"20-64","sector_29","unvaccinated","recovered"
"3593",6,0.0106874304552188,"20-64","sector_29","unvaccinated","recovered"
"3594",7,0.013057245867528,"20-64","sector_29","unvaccinated","recovered"
"3595",8,0.0157135395342947,"20-64","sector_29","unvaccinated","recovered"
"3596",9,0.0186905161770459,"20-64","sector_29","unvaccinated","recovered"
"3597",10,0.0220257213827834,"20-64","sector_29","unvaccinated","recovered"
"3598",0,0,"20-64","sector_30","unvaccinated","recovered"
"3599",1,0.00923170281212226,"20-64","sector_30","unvaccinated","recovered"
"3600",2,0.0176525800947144,"20-64","sector_30","unvaccinated","recovered"
"3601",3,0.0263320463256667,"20-64","sector_30","unvaccinated","recovered"
"3602",4,0.0358405496744488,"20-64","sector_30","unvaccinated","recovered"
"3603",5,0.046511862752643,"20-64","sector_30","unvaccinated","recovered"
"3604",6,0.0585751261139976,"20-64","sector_30","unvaccinated","recovered"
"3605",7,0.0722210745902213,"20-64","sector_30","unvaccinated","recovered"
"3606",8,0.0876353490769917,"20-64","sector_30","unvaccinated","recovered"
"3607",9,0.105015608239628,"20-64","sector_30","unvaccinated","recovered"
"3608",10,0.124580874562489,"20-64","sector_30","unvaccinated","recovered"
"3609",0,0,"20-64","sector_31","unvaccinated","recovered"
"3610",1,0.00616469911550823,"20-64","sector_31","unvaccinated","recovered"
"3611",2,0.0118430907343969,"20-64","sector_31","unvaccinated","recovered"
"3612",3,0.0177688961617443,"20-64","sector_31","unvaccinated","recovered"
"3613",4,0.0243240547918497,"20-64","sector_31","unvaccinated","recovered"
"3614",5,0.0317243366654357,"20-64","sector_31","unvaccinated","recovered"
"3615",6,0.0401130011143503,"20-64","sector_31","unvaccinated","recovered"
"3616",7,0.0496077341777,"20-64","sector_31","unvaccinated","recovered"
"3617",8,0.0603241061087955,"20-64","sector_31","unvaccinated","recovered"
"3618",9,0.0723874292126187,"20-64","sector_31","unvaccinated","recovered"
"3619",10,0.0859390469435198,"20-64","sector_31","unvaccinated","recovered"
"3620",0,0,"20-64","sector_32","unvaccinated","recovered"
"3621",1,0.0498946835111955,"20-64","sector_32","unvaccinated","recovered"
"3622",2,0.0963952808595992,"20-64","sector_32","unvaccinated","recovered"
"3623",3,0.145555859297978,"20-64","sector_32","unvaccinated","recovered"
"3624",4,0.200434599251461,"20-64","sector_32","unvaccinated","recovered"
"3625",5,0.262730094130165,"20-64","sector_32","unvaccinated","recovered"
"3626",6,0.333584417829087,"20-64","sector_32","unvaccinated","recovered"
"3627",7,0.413971712236691,"20-64","sector_32","unvaccinated","recovered"
"3628",8,0.504884048921373,"20-64","sector_32","unvaccinated","recovered"
"3629",9,0.607420642226007,"20-64","sector_32","unvaccinated","recovered"
"3630",10,0.72283289894028,"20-64","sector_32","unvaccinated","recovered"
"3631",0,0,"20-64","sector_33","unvaccinated","recovered"
"3632",1,0.00800035387221078,"20-64","sector_33","unvaccinated","recovered"
"3633",2,0.0152038779172552,"20-64","sector_33","unvaccinated","recovered"
"3634",3,0.0224938250402892,"20-64","sector_33","unvaccinated","recovered"
"3635",4,0.030344527817294,"20-64","sector_33","unvaccinated","recovered"
"3636",5,0.0390342881681719,"20-64","sector_33","unvaccinated","recovered"
"3637",6,0.0487531470036962,"20-64","sector_33","unvaccinated","recovered"
"3638",7,0.0596572855751716,"20-64","sector_33","unvaccinated","recovered"
"3639",8,0.0718965864200575,"20-64","sector_33","unvaccinated","recovered"
"3640",9,0.0856288882023095,"20-64","sector_33","unvaccinated","recovered"
"3641",10,0.101027798400148,"20-64","sector_33","unvaccinated","recovered"
"3642",0,0,"20-64","sector_34","unvaccinated","recovered"
"3643",1,0.00484735162040401,"20-64","sector_34","unvaccinated","recovered"
"3644",2,0.00920135898382338,"20-64","sector_34","unvaccinated","recovered"
"3645",3,0.0135938597068101,"20-64","sector_34","unvaccinated","recovered"
"3646",4,0.0183116897239227,"20-64","sector_34","unvaccinated","recovered"
"3647",5,0.0235233837075018,"20-64","sector_34","unvaccinated","recovered"
"3648",6,0.0293435856247791,"20-64","sector_34","unvaccinated","recovered"
"3649",7,0.0358657456646641,"20-64","sector_34","unvaccinated","recovered"
"3650",8,0.0431788039738643,"20-64","sector_34","unvaccinated","recovered"
"3651",9,0.0513758914223853,"20-64","sector_34","unvaccinated","recovered"
"3652",10,0.0605591341446697,"20-64","sector_34","unvaccinated","recovered"
"3653",0,0,"20-64","sector_35","unvaccinated","recovered"
"3654",1,0.0185510093397258,"20-64","sector_35","unvaccinated","recovered"
"3655",2,0.0351057933051513,"20-64","sector_35","unvaccinated","recovered"
"3656",3,0.0516440715670343,"20-64","sector_35","unvaccinated","recovered"
"3657",4,0.0692269304105939,"20-64","sector_35","unvaccinated","recovered"
"3658",5,0.0884668712520234,"20-64","sector_35","unvaccinated","recovered"
"3659",6,0.109769231416698,"20-64","sector_35","unvaccinated","recovered"
"3660",7,0.133455947820611,"20-64","sector_35","unvaccinated","recovered"
"3661",8,0.159829187361699,"20-64","sector_35","unvaccinated","recovered"
"3662",9,0.18920458374743,"20-64","sector_35","unvaccinated","recovered"
"3663",10,0.221929400457114,"20-64","sector_35","unvaccinated","recovered"
"3664",0,0,"20-64","sector_36","unvaccinated","recovered"
"3665",1,0.0239681207949437,"20-64","sector_36","unvaccinated","recovered"
"3666",2,0.0456952793784545,"20-64","sector_36","unvaccinated","recovered"
"3667",3,0.0678373576049832,"20-64","sector_36","unvaccinated","recovered"
"3668",4,0.091765550510966,"20-64","sector_36","unvaccinated","recovered"
"3669",5,0.118247093409266,"20-64","sector_36","unvaccinated","recovered"
"3670",6,0.147786143131339,"20-64","sector_36","unvaccinated","recovered"
"3671",7,0.180792890263701,"20-64","sector_36","unvaccinated","recovered"
"3672",8,0.217666943393503,"20-64","sector_36","unvaccinated","recovered"
"3673",9,0.258838735614834,"20-64","sector_36","unvaccinated","recovered"
"3674",10,0.30479100274431,"20-64","sector_36","unvaccinated","recovered"
"3675",0,0,"20-64","sector_37","unvaccinated","recovered"
"3676",1,0.0121942931377785,"20-64","sector_37","unvaccinated","recovered"
"3677",2,0.0233149355393381,"20-64","sector_37","unvaccinated","recovered"
"3678",3,0.034770574934971,"20-64","sector_37","unvaccinated","recovered"
"3679",4,0.0473123069498098,"20-64","sector_37","unvaccinated","recovered"
"3680",5,0.0613811327054959,"20-64","sector_37","unvaccinated","recovered"
"3681",6,0.0772822606354661,"20-64","sector_37","unvaccinated","recovered"
"3682",7,0.095272141439739,"20-64","sector_37","unvaccinated","recovered"
"3683",8,0.11560201745137,"20-64","sector_37","unvaccinated","recovered"
"3684",9,0.138540172664144,"20-64","sector_37","unvaccinated","recovered"
"3685",10,0.164384042732143,"20-64","sector_37","unvaccinated","recovered"
"3686",0,0,"20-64","sector_38","unvaccinated","recovered"
"3687",1,0.060002138930217,"20-64","sector_38","unvaccinated","recovered"
"3688",2,0.114322972464325,"20-64","sector_38","unvaccinated","recovered"
"3689",3,0.169731170503776,"20-64","sector_38","unvaccinated","recovered"
"3690",4,0.229854242245778,"20-64","sector_38","unvaccinated","recovered"
"3691",5,0.296816622608996,"20-64","sector_38","unvaccinated","recovered"
"3692",6,0.372068319564564,"20-64","sector_38","unvaccinated","recovered"
"3693",7,0.456802979243081,"20-64","sector_38","unvaccinated","recovered"
"3694",8,0.552169628746842,"20-64","sector_38","unvaccinated","recovered"
"3695",9,0.659382219833126,"20-64","sector_38","unvaccinated","recovered"
"3696",10,0.779779741308245,"20-64","sector_38","unvaccinated","recovered"
"3697",0,0,"20-64","sector_39","unvaccinated","recovered"
"3698",1,0.0624377626654384,"20-64","sector_39","unvaccinated","recovered"
"3699",2,0.119472851285919,"20-64","sector_39","unvaccinated","recovered"
"3700",3,0.178327438555544,"20-64","sector_39","unvaccinated","recovered"
"3701",4,0.242781269456168,"20-64","sector_39","unvaccinated","recovered"
"3702",5,0.314973610588359,"20-64","sector_39","unvaccinated","recovered"
"3703",6,0.396316931687266,"20-64","sector_39","unvaccinated","recovered"
"3704",7,0.487957551200023,"20-64","sector_39","unvaccinated","recovered"
"3705",8,0.591007501362577,"20-64","sector_39","unvaccinated","recovered"
"3706",9,0.706662642269765,"20-64","sector_39","unvaccinated","recovered"
"3707",10,0.836265670968385,"20-64","sector_39","unvaccinated","recovered"
"3708",0,0,"20-64","sector_40","unvaccinated","recovered"
"3709",1,0.0312535403012941,"20-64","sector_40","unvaccinated","recovered"
"3710",2,0.0596612902344068,"20-64","sector_40","unvaccinated","recovered"
"3711",3,0.0887170694998345,"20-64","sector_40","unvaccinated","recovered"
"3712",4,0.120219297300107,"20-64","sector_40","unvaccinated","recovered"
"3713",5,0.155172046929268,"20-64","sector_40","unvaccinated","recovered"
"3714",6,0.194235383385187,"20-64","sector_40","unvaccinated","recovered"
"3715",7,0.237948224524167,"20-64","sector_40","unvaccinated","recovered"
"3716",8,0.2868378839487,"20-64","sector_40","unvaccinated","recovered"
"3717",9,0.341474265330714,"20-64","sector_40","unvaccinated","recovered"
"3718",10,0.402497874584293,"20-64","sector_40","unvaccinated","recovered"
"3719",0,0,"20-64","sector_41","unvaccinated","recovered"
"3720",1,0.0610285242813808,"20-64","sector_41","unvaccinated","recovered"
"3721",2,0.118362810143045,"20-64","sector_41","unvaccinated","recovered"
"3722",3,0.179835881527483,"20-64","sector_41","unvaccinated","recovered"
"3723",4,0.249623642122198,"20-64","sector_41","unvaccinated","recovered"
"3724",5,0.330249461460851,"20-64","sector_41","unvaccinated","recovered"
"3725",6,0.423568440125749,"20-64","sector_41","unvaccinated","recovered"
"3726",7,0.531247297418365,"20-64","sector_41","unvaccinated","recovered"
"3727",8,0.654998818510234,"20-64","sector_41","unvaccinated","recovered"
"3728",9,0.796699725557769,"20-64","sector_41","unvaccinated","recovered"
"3729",10,0.958455428563785,"20-64","sector_41","unvaccinated","recovered"
"3730",0,0,"20-64","sector_42","unvaccinated","recovered"
"3731",1,0.0906447387418899,"20-64","sector_42","unvaccinated","recovered"
"3732",2,0.174264521184619,"20-64","sector_42","unvaccinated","recovered"
"3733",3,0.261782316675382,"20-64","sector_42","unvaccinated","recovered"
"3734",4,0.358998109350517,"20-64","sector_42","unvaccinated","recovered"
"3735",5,0.469314244440292,"20-64","sector_42","unvaccinated","recovered"
"3736",6,0.595097410893446,"20-64","sector_42","unvaccinated","recovered"
"3737",7,0.738355803986403,"20-64","sector_42","unvaccinated","recovered"
"3738",8,0.901076390456049,"20-64","sector_42","unvaccinated","recovered"
"3739",9,1.08539652768004,"20-64","sector_42","unvaccinated","recovered"
"3740",10,1.29369727647104,"20-64","sector_42","unvaccinated","recovered"
"3741",0,0,"20-64","sector_43","unvaccinated","recovered"
"3742",1,0.0206508462575647,"20-64","sector_43","unvaccinated","recovered"
"3743",2,0.0398227327483002,"20-64","sector_43","unvaccinated","recovered"
"3744",3,0.0600403673974254,"20-64","sector_43","unvaccinated","recovered"
"3745",4,0.0826132330003585,"20-64","sector_43","unvaccinated","recovered"
"3746",5,0.108281633435897,"20-64","sector_43","unvaccinated","recovered"
"3747",6,0.137541163291284,"20-64","sector_43","unvaccinated","recovered"
"3748",7,0.1708044039349,"20-64","sector_43","unvaccinated","recovered"
"3749",8,0.20848120702314,"20-64","sector_43","unvaccinated","recovered"
"3750",9,0.251019009478359,"20-64","sector_43","unvaccinated","recovered"
"3751",10,0.298924128926689,"20-64","sector_43","unvaccinated","recovered"
"3752",0,0,"20-64","sector_44","unvaccinated","recovered"
"3753",1,0.0197245682678487,"20-64","sector_44","unvaccinated","recovered"
"3754",2,0.0372512651664949,"20-64","sector_44","unvaccinated","recovered"
"3755",3,0.0546274510841672,"20-64","sector_44","unvaccinated","recovered"
"3756",4,0.0729405145357617,"20-64","sector_44","unvaccinated","recovered"
"3757",5,0.0928148212810401,"20-64","sector_44","unvaccinated","recovered"
"3758",6,0.114664121876296,"20-64","sector_44","unvaccinated","recovered"
"3759",7,0.138819137592965,"20-64","sector_44","unvaccinated","recovered"
"3760",8,0.165592028295911,"20-64","sector_44","unvaccinated","recovered"
"3761",9,0.195309395880581,"20-64","sector_44","unvaccinated","recovered"
"3762",10,0.228329961726341,"20-64","sector_44","unvaccinated","recovered"
"3763",0,0,"20-64","sector_45","unvaccinated","recovered"
"3764",1,0.00131917254620182,"20-64","sector_45","unvaccinated","recovered"
"3765",2,0.00248049330828042,"20-64","sector_45","unvaccinated","recovered"
"3766",3,0.00361839107015378,"20-64","sector_45","unvaccinated","recovered"
"3767",4,0.00480682076703667,"20-64","sector_45","unvaccinated","recovered"
"3768",5,0.00608992166807247,"20-64","sector_45","unvaccinated","recovered"
"3769",6,0.00749777291560733,"20-64","sector_45","unvaccinated","recovered"
"3770",7,0.00905450150530185,"20-64","sector_45","unvaccinated","recovered"
"3771",8,0.0107824892742414,"20-64","sector_45","unvaccinated","recovered"
"3772",9,0.0127046085881296,"20-64","sector_45","unvaccinated","recovered"
"3773",10,0.0148454774189904,"20-64","sector_45","unvaccinated","recovered"
"3774",0,0,"0-4","sector_00","unvaccinated","dead"
"3775",1,4.03735140360211e-05,"0-4","sector_00","unvaccinated","dead"
"3776",2,0.000148017536870841,"0-4","sector_00","unvaccinated","dead"
"3777",3,0.000308533583893742,"0-4","sector_00","unvaccinated","dead"
"3778",4,0.000512995827098468,"0-4","sector_00","unvaccinated","dead"
"3779",5,0.000756078386251572,"0-4","sector_00","unvaccinated","dead"
"3780",6,0.00103492741893839,"0-4","sector_00","unvaccinated","dead"
"3781",7,0.00134847086922353,"0-4","sector_00","unvaccinated","dead"
"3782",8,0.00169699200057561,"0-4","sector_00","unvaccinated","dead"
"3783",9,0.00208186651396383,"0-4","sector_00","unvaccinated","dead"
"3784",10,0.00250540444257136,"0-4","sector_00","unvaccinated","dead"
"3785",0,0,"5-19","sector_00","unvaccinated","dead"
"3786",1,0.000550208799286142,"5-19","sector_00","unvaccinated","dead"
"3787",2,0.00200398843440404,"5-19","sector_00","unvaccinated","dead"
"3788",3,0.0041823591108787,"5-19","sector_00","unvaccinated","dead"
"3789",4,0.0070053995447819,"5-19","sector_00","unvaccinated","dead"
"3790",5,0.0104498701403438,"5-19","sector_00","unvaccinated","dead"
"3791",6,0.0145266321143986,"5-19","sector_00","unvaccinated","dead"
"3792",7,0.0192687315550979,"5-19","sector_00","unvaccinated","dead"
"3793",8,0.0247252774049759,"5-19","sector_00","unvaccinated","dead"
"3794",9,0.0309585076229317,"5-19","sector_00","unvaccinated","dead"
"3795",10,0.0380426471775231,"5-19","sector_00","unvaccinated","dead"
"3796",0,0,"20-64","sector_00","unvaccinated","dead"
"3797",1,7.1155983099025e-05,"20-64","sector_00","unvaccinated","dead"
"3798",2,0.000261983892562896,"20-64","sector_00","unvaccinated","dead"
"3799",3,0.000549597870820342,"20-64","sector_00","unvaccinated","dead"
"3800",4,0.000921253409934691,"20-64","sector_00","unvaccinated","dead"
"3801",5,0.00137069515350068,"20-64","sector_00","unvaccinated","dead"
"3802",6,0.00189606708051857,"20-64","sector_00","unvaccinated","dead"
"3803",7,0.00249869984749953,"20-64","sector_00","unvaccinated","dead"
"3804",8,0.00318240306858512,"20-64","sector_00","unvaccinated","dead"
"3805",9,0.00395305794157622,"20-64","sector_00","unvaccinated","dead"
"3806",10,0.00481839622283874,"20-64","sector_00","unvaccinated","dead"
"3807",0,0,"65+","sector_00","unvaccinated","dead"
"3808",1,0.00167732317577229,"65+","sector_00","unvaccinated","dead"
"3809",2,0.00575017123261004,"65+","sector_00","unvaccinated","dead"
"3810",3,0.0112738066576597,"65+","sector_00","unvaccinated","dead"
"3811",4,0.0177287386735286,"65+","sector_00","unvaccinated","dead"
"3812",5,0.0248381297343103,"65+","sector_00","unvaccinated","dead"
"3813",6,0.0324656418303072,"65+","sector_00","unvaccinated","dead"
"3814",7,0.0405581372070675,"65+","sector_00","unvaccinated","dead"
"3815",8,0.0491135196974755,"65+","sector_00","unvaccinated","dead"
"3816",9,0.0581627521976082,"65+","sector_00","unvaccinated","dead"
"3817",10,0.0677599316521399,"65+","sector_00","unvaccinated","dead"
"3818",0,0,"20-64","sector_01","unvaccinated","dead"
"3819",1,4.03551331495274e-06,"20-64","sector_01","unvaccinated","dead"
"3820",2,1.49527336716975e-05,"20-64","sector_01","unvaccinated","dead"
"3821",3,3.16639508092317e-05,"20-64","sector_01","unvaccinated","dead"
"3822",4,5.36904488190743e-05,"20-64","sector_01","unvaccinated","dead"
"3823",5,8.09182117189911e-05,"20-64","sector_01","unvaccinated","dead"
"3824",6,0.000113465800702477,"20-64","sector_01","unvaccinated","dead"
"3825",7,0.000151613633412029,"20-64","sector_01","unvaccinated","dead"
"3826",8,0.000195767322983384,"20-64","sector_01","unvaccinated","dead"
"3827",9,0.000246440279335078,"20-64","sector_01","unvaccinated","dead"
"3828",10,0.000304247533384575,"20-64","sector_01","unvaccinated","dead"
"3829",0,0,"20-64","sector_02","unvaccinated","dead"
"3830",1,1.73639559616337e-07,"20-64","sector_02","unvaccinated","dead"
"3831",2,6.44952230704006e-07,"20-64","sector_02","unvaccinated","dead"
"3832",3,1.3706977331943e-06,"20-64","sector_02","unvaccinated","dead"
"3833",4,2.33458383945933e-06,"20-64","sector_02","unvaccinated","dead"
"3834",5,3.53618993648146e-06,"20-64","sector_02","unvaccinated","dead"
"3835",6,4.98506630224239e-06,"20-64","sector_02","unvaccinated","dead"
"3836",7,6.69764374538358e-06,"20-64","sector_02","unvaccinated","dead"
"3837",8,8.6956869593736e-06,"20-64","sector_02","unvaccinated","dead"
"3838",9,1.10056109463511e-05,"20-64","sector_02","unvaccinated","dead"
"3839",10,1.36582940324286e-05,"20-64","sector_02","unvaccinated","dead"
"3840",0,0,"20-64","sector_03","unvaccinated","dead"
"3841",1,1.71310871586346e-07,"20-64","sector_03","unvaccinated","dead"
"3842",2,6.33876312040618e-07,"20-64","sector_03","unvaccinated","dead"
"3843",3,1.33955675004263e-06,"20-64","sector_03","unvaccinated","dead"
"3844",4,2.26569204735978e-06,"20-64","sector_03","unvaccinated","dead"
"3845",5,3.40502403741176e-06,"20-64","sector_03","unvaccinated","dead"
"3846",6,4.76017901671277e-06,"20-64","sector_03","unvaccinated","dead"
"3847",7,6.34066833756723e-06,"20-64","sector_03","unvaccinated","dead"
"3848",8,8.16129952197974e-06,"20-64","sector_03","unvaccinated","dead"
"3849",9,1.02413932728406e-05,"20-64","sector_03","unvaccinated","dead"
"3850",10,1.26044745177866e-05,"20-64","sector_03","unvaccinated","dead"
"3851",0,0,"20-64","sector_04","unvaccinated","dead"
"3852",1,2.34200974810761e-07,"20-64","sector_04","unvaccinated","dead"
"3853",2,8.72444528195703e-07,"20-64","sector_04","unvaccinated","dead"
"3854",3,1.86167448868869e-06,"20-64","sector_04","unvaccinated","dead"
"3855",4,3.18538871491541e-06,"20-64","sector_04","unvaccinated","dead"
"3856",5,4.84773006958687e-06,"20-64","sector_04","unvaccinated","dead"
"3857",6,6.8653071859852e-06,"20-64","sector_04","unvaccinated","dead"
"3858",7,9.26312397689914e-06,"20-64","sector_04","unvaccinated","dead"
"3859",8,1.20727017409425e-05,"20-64","sector_04","unvaccinated","dead"
"3860",9,1.53313818161524e-05,"20-64","sector_04","unvaccinated","dead"
"3861",10,1.90822768411365e-05,"20-64","sector_04","unvaccinated","dead"
"3862",0,0,"20-64","sector_05","unvaccinated","dead"
"3863",1,2.54681991570682e-07,"20-64","sector_05","unvaccinated","dead"
"3864",2,9.4544119120013e-07,"20-64","sector_05","unvaccinated","dead"
"3865",3,2.00760400503064e-06,"20-64","sector_05","unvaccinated","dead"
"3866",4,3.41567169049583e-06,"20-64","sector_05","unvaccinated","dead"
"3867",5,5.16726058946678e-06,"20-64","sector_05","unvaccinated","dead"
"3868",6,7.27453610670905e-06,"20-64","sector_05","unvaccinated","dead"
"3869",7,9.75971771446089e-06,"20-64","sector_05","unvaccinated","dead"
"3870",8,1.26528206035868e-05,"20-64","sector_05","unvaccinated","dead"
"3871",9,1.5990647627857e-05,"20-64","sector_05","unvaccinated","dead"
"3872",10,1.98165002254522e-05,"20-64","sector_05","unvaccinated","dead"
"3873",0,0,"20-64","sector_06","unvaccinated","dead"
"3874",1,4.48206992962297e-06,"20-64","sector_06","unvaccinated","dead"
"3875",2,1.66903932373276e-05,"20-64","sector_06","unvaccinated","dead"
"3876",3,3.5605007928715e-05,"20-64","sector_06","unvaccinated","dead"
"3877",4,6.09211044681879e-05,"20-64","sector_06","unvaccinated","dead"
"3878",5,9.27482826012955e-05,"20-64","sector_06","unvaccinated","dead"
"3879",6,0.000131453009791047,"20-64","sector_06","unvaccinated","dead"
"3880",7,0.000177578096715198,"20-64","sector_06","unvaccinated","dead"
"3881",8,0.000231803989154502,"20-64","sector_06","unvaccinated","dead"
"3882",9,0.000294933124970704,"20-64","sector_06","unvaccinated","dead"
"3883",10,0.000367887371727288,"20-64","sector_06","unvaccinated","dead"
"3884",0,0,"20-64","sector_07","unvaccinated","dead"
"3885",1,1.09275685958581e-06,"20-64","sector_07","unvaccinated","dead"
"3886",2,4.06982051724987e-06,"20-64","sector_07","unvaccinated","dead"
"3887",3,8.6833813908921e-06,"20-64","sector_07","unvaccinated","dead"
"3888",4,1.48588704568781e-05,"20-64","sector_07","unvaccinated","dead"
"3889",5,2.26207048412546e-05,"20-64","sector_07","unvaccinated","dead"
"3890",6,3.20534082003859e-05,"20-64","sector_07","unvaccinated","dead"
"3891",7,4.3281844140588e-05,"20-64","sector_07","unvaccinated","dead"
"3892",8,5.64618459154434e-05,"20-64","sector_07","unvaccinated","dead"
"3893",9,7.17765644910021e-05,"20-64","sector_07","unvaccinated","dead"
"3894",10,8.94360281825067e-05,"20-64","sector_07","unvaccinated","dead"
"3895",0,0,"20-64","sector_08","unvaccinated","dead"
"3896",1,8.07780647335819e-07,"20-64","sector_08","unvaccinated","dead"
"3897",2,2.99950973444592e-06,"20-64","sector_08","unvaccinated","dead"
"3898",3,6.37089299387339e-06,"20-64","sector_08","unvaccinated","dead"
"3899",4,1.08402017323546e-05,"20-64","sector_08","unvaccinated","dead"
"3900",5,1.63968520278821e-05,"20-64","sector_08","unvaccinated","dead"
"3901",6,2.30743178612279e-05,"20-64","sector_08","unvaccinated","dead"
"3902",7,3.09361600726262e-05,"20-64","sector_08","unvaccinated","dead"
"3903",8,4.00691785205388e-05,"20-64","sector_08","unvaccinated","dead"
"3904",9,5.05804831435929e-05,"20-64","sector_08","unvaccinated","dead"
"3905",10,6.25967725416435e-05,"20-64","sector_08","unvaccinated","dead"
"3906",0,0,"20-64","sector_09","unvaccinated","dead"
"3907",1,1.669547592076e-06,"20-64","sector_09","unvaccinated","dead"
"3908",2,6.20996316614861e-06,"20-64","sector_09","unvaccinated","dead"
"3909",3,1.32247616215047e-05,"20-64","sector_09","unvaccinated","dead"
"3910",4,2.25797212376927e-05,"20-64","sector_09","unvaccinated","dead"
"3911",5,3.42933648951124e-05,"20-64","sector_09","unvaccinated","dead"
"3912",6,4.84793450754938e-05,"20-64","sector_09","unvaccinated","dead"
"3913",7,6.5316801396803e-05,"20-64","sector_09","unvaccinated","dead"
"3914",8,8.50359383757548e-05,"20-64","sector_09","unvaccinated","dead"
"3915",9,0.000107912016393272,"20-64","sector_09","unvaccinated","dead"
"3916",10,0.000134264123092635,"20-64","sector_09","unvaccinated","dead"
"3917",0,0,"20-64","sector_10","unvaccinated","dead"
"3918",1,1.01948151094101e-07,"20-64","sector_10","unvaccinated","dead"
"3919",2,3.79139588589472e-07,"20-64","sector_10","unvaccinated","dead"
"3920",3,8.07251741303187e-07,"20-64","sector_10","unvaccinated","dead"
"3921",4,1.37799688752838e-06,"20-64","sector_10","unvaccinated","dead"
"3922",5,2.09245243648531e-06,"20-64","sector_10","unvaccinated","dead"
"3923",6,2.9575372631397e-06,"20-64","sector_10","unvaccinated","dead"
"3924",7,3.98418836227685e-06,"20-64","sector_10","unvaccinated","dead"
"3925",8,5.18646613726307e-06,"20-64","sector_10","unvaccinated","dead"
"3926",9,6.58117538189405e-06,"20-64","sector_10","unvaccinated","dead"
"3927",10,8.18778080999606e-06,"20-64","sector_10","unvaccinated","dead"
"3928",0,0,"20-64","sector_11","unvaccinated","dead"
"3929",1,1.0590526141892e-06,"20-64","sector_11","unvaccinated","dead"
"3930",2,3.94030479470483e-06,"20-64","sector_11","unvaccinated","dead"
"3931",3,8.39460841707005e-06,"20-64","sector_11","unvaccinated","dead"
"3932",4,1.43389692664118e-05,"20-64","sector_11","unvaccinated","dead"
"3933",5,2.1786021479998e-05,"20-64","sector_11","unvaccinated","dead"
"3934",6,3.08068668418686e-05,"20-64","sector_11","unvaccinated","dead"
"3935",7,4.15120025755298e-05,"20-64","sector_11","unvaccinated","dead"
"3936",8,5.40421303365954e-05,"20-64","sector_11","unvaccinated","dead"
"3937",9,6.85644286607524e-05,"20-64","sector_11","unvaccinated","dead"
"3938",10,8.52719121645047e-05,"20-64","sector_11","unvaccinated","dead"
"3939",0,0,"20-64","sector_12","unvaccinated","dead"
"3940",1,4.93514193855773e-07,"20-64","sector_12","unvaccinated","dead"
"3941",2,1.83983986812123e-06,"20-64","sector_12","unvaccinated","dead"
"3942",3,3.93029025207636e-06,"20-64","sector_12","unvaccinated","dead"
"3943",4,6.73375248319075e-06,"20-64","sector_12","unvaccinated","dead"
"3944",5,1.02626784214799e-05,"20-64","sector_12","unvaccinated","dead"
"3945",6,1.45556950066519e-05,"20-64","sector_12","unvaccinated","dead"
"3946",7,1.96690200789893e-05,"20-64","sector_12","unvaccinated","dead"
"3947",8,2.56725584896618e-05,"20-64","sector_12","unvaccinated","dead"
"3948",9,3.26485062340998e-05,"20-64","sector_12","unvaccinated","dead"
"3949",10,4.06913252094223e-05,"20-64","sector_12","unvaccinated","dead"
"3950",0,0,"20-64","sector_13","unvaccinated","dead"
"3951",1,1.74210736329529e-06,"20-64","sector_13","unvaccinated","dead"
"3952",2,6.47722673115486e-06,"20-64","sector_13","unvaccinated","dead"
"3953",3,1.37857152910938e-05,"20-64","sector_13","unvaccinated","dead"
"3954",4,2.35203863372025e-05,"20-64","sector_13","unvaccinated","dead"
"3955",5,3.56931271951072e-05,"20-64","sector_13","unvaccinated","dead"
"3956",6,5.04150847739332e-05,"20-64","sector_13","unvaccinated","dead"
"3957",7,6.7865768038772e-05,"20-64","sector_13","unvaccinated","dead"
"3958",8,8.82779155613923e-05,"20-64","sector_13","unvaccinated","dead"
"3959",9,0.000111931097014523,"20-64","sector_13","unvaccinated","dead"
"3960",10,0.000139150288940368,"20-64","sector_13","unvaccinated","dead"
"3961",0,0,"20-64","sector_14","unvaccinated","dead"
"3962",1,9.80939398825621e-07,"20-64","sector_14","unvaccinated","dead"
"3963",2,3.64880269949275e-06,"20-64","sector_14","unvaccinated","dead"
"3964",3,7.77123800948053e-06,"20-64","sector_14","unvaccinated","dead"
"3965",4,1.32705217476412e-05,"20-64","sector_14","unvaccinated","dead"
"3966",5,2.01591244740664e-05,"20-64","sector_14","unvaccinated","dead"
"3967",6,2.8505715301765e-05,"20-64","sector_14","unvaccinated","dead"
"3968",7,3.84176046389129e-05,"20-64","sector_14","unvaccinated","dead"
"3969",8,5.00321564810749e-05,"20-64","sector_14","unvaccinated","dead"
"3970",9,6.3513176364043e-05,"20-64","sector_14","unvaccinated","dead"
"3971",10,7.9050138003429e-05,"20-64","sector_14","unvaccinated","dead"
"3972",0,0,"20-64","sector_15","unvaccinated","dead"
"3973",1,6.97053354640129e-07,"20-64","sector_15","unvaccinated","dead"
"3974",2,2.59376302559952e-06,"20-64","sector_15","unvaccinated","dead"
"3975",3,5.52684183323576e-06,"20-64","sector_15","unvaccinated","dead"
"3976",4,9.44249681060063e-06,"20-64","sector_15","unvaccinated","dead"
"3977",5,1.4349897457529e-05,"20-64","sector_15","unvaccinated","dead"
"3978",6,2.02966761416464e-05,"20-64","sector_15","unvaccinated","dead"
"3979",7,2.73563682547211e-05,"20-64","sector_15","unvaccinated","dead"
"3980",8,3.56223713674128e-05,"20-64","sector_15","unvaccinated","dead"
"3981",9,4.52055065712603e-05,"20-64","sector_15","unvaccinated","dead"
"3982",10,5.62336135170178e-05,"20-64","sector_15","unvaccinated","dead"
"3983",0,0,"20-64","sector_16","unvaccinated","dead"
"3984",1,3.27905781231525e-06,"20-64","sector_16","unvaccinated","dead"
"3985",2,1.21982050949485e-05,"20-64","sector_16","unvaccinated","dead"
"3986",3,2.59770976207699e-05,"20-64","sector_16","unvaccinated","dead"
"3987",4,4.43408205074437e-05,"20-64","sector_16","unvaccinated","dead"
"3988",5,6.73031158299981e-05,"20-64","sector_16","unvaccinated","dead"
"3989",6,9.505378963529e-05,"20-64","sector_16","unvaccinated","dead"
"3990",7,0.00012790182604246,"20-64","sector_16","unvaccinated","dead"
"3991",8,0.000166248450437026,"20-64","sector_16","unvaccinated","dead"
"3992",9,0.000210576463638002,"20-64","sector_16","unvaccinated","dead"
"3993",10,0.000261448607677443,"20-64","sector_16","unvaccinated","dead"
"3994",0,0,"20-64","sector_17","unvaccinated","dead"
"3995",1,1.22054153950252e-06,"20-64","sector_17","unvaccinated","dead"
"3996",2,4.5434840980832e-06,"20-64","sector_17","unvaccinated","dead"
"3997",3,9.68715532541852e-06,"20-64","sector_17","unvaccinated","dead"
"3998",4,1.65633085042312e-05,"20-64","sector_17","unvaccinated","dead"
"3999",5,2.51958392672944e-05,"20-64","sector_17","unvaccinated","dead"
"4000",6,3.56782567904205e-05,"20-64","sector_17","unvaccinated","dead"
"4001",7,4.8151973228043e-05,"20-64","sector_17","unvaccinated","dead"
"4002",8,6.27958773010515e-05,"20-64","sector_17","unvaccinated","dead"
"4003",9,7.98221185213509e-05,"20-64","sector_17","unvaccinated","dead"
"4004",10,9.94754048371687e-05,"20-64","sector_17","unvaccinated","dead"
"4005",0,0,"20-64","sector_18","unvaccinated","dead"
"4006",1,8.48483760901635e-07,"20-64","sector_18","unvaccinated","dead"
"4007",2,3.16309982859261e-06,"20-64","sector_18","unvaccinated","dead"
"4008",3,6.7587089597345e-06,"20-64","sector_18","unvaccinated","dead"
"4009",4,1.15872444801123e-05,"20-64","sector_18","unvaccinated","dead"
"4010",5,1.76796012625668e-05,"20-64","sector_18","unvaccinated","dead"
"4011",6,2.51154081628608e-05,"20-64","sector_18","unvaccinated","dead"
"4012",7,3.40077349022293e-05,"20-64","sector_18","unvaccinated","dead"
"4013",8,4.44958680899911e-05,"20-64","sector_18","unvaccinated","dead"
"4014",9,5.67425136176841e-05,"20-64","sector_18","unvaccinated","dead"
"4015",10,7.09334953216051e-05,"20-64","sector_18","unvaccinated","dead"
"4016",0,0,"20-64","sector_19","unvaccinated","dead"
"4017",1,1.97554844647355e-06,"20-64","sector_19","unvaccinated","dead"
"4018",2,7.36038376646272e-06,"20-64","sector_19","unvaccinated","dead"
"4019",3,1.57126544990631e-05,"20-64","sector_19","unvaccinated","dead"
"4020",4,2.69049183075886e-05,"20-64","sector_19","unvaccinated","dead"
"4021",5,4.09889279810821e-05,"20-64","sector_19","unvaccinated","dead"
"4022",6,5.81249939224314e-05,"20-64","sector_19","unvaccinated","dead"
"4023",7,7.85461938717517e-05,"20-64","sector_19","unvaccinated","dead"
"4024",8,0.000102541507948827,"20-64","sector_19","unvaccinated","dead"
"4025",9,0.000130449344003742,"20-64","sector_19","unvaccinated","dead"
"4026",10,0.000162656886190967,"20-64","sector_19","unvaccinated","dead"
"4027",0,0,"20-64","sector_20","unvaccinated","dead"
"4028",1,1.69289263163041e-06,"20-64","sector_20","unvaccinated","dead"
"4029",2,6.3109288642659e-06,"20-64","sector_20","unvaccinated","dead"
"4030",3,1.3480749484322e-05,"20-64","sector_20","unvaccinated","dead"
"4031",4,2.30950011074989e-05,"20-64","sector_20","unvaccinated","dead"
"4032",5,3.51957575293952e-05,"20-64","sector_20","unvaccinated","dead"
"4033",6,4.99148943959253e-05,"20-64","sector_20","unvaccinated","dead"
"4034",7,6.74446440743639e-05,"20-64","sector_20","unvaccinated","dead"
"4035",8,8.8024195095354e-05,"20-64","sector_20","unvaccinated","dead"
"4036",9,0.000111934891399266,"20-64","sector_20","unvaccinated","dead"
"4037",10,0.000139500132562641,"20-64","sector_20","unvaccinated","dead"
"4038",0,0,"20-64","sector_21","unvaccinated","dead"
"4039",1,1.41298046955849e-06,"20-64","sector_21","unvaccinated","dead"
"4040",2,5.24884328405917e-06,"20-64","sector_21","unvaccinated","dead"
"4041",3,1.11566899647645e-05,"20-64","sector_21","unvaccinated","dead"
"4042",4,1.90045037810856e-05,"20-64","sector_21","unvaccinated","dead"
"4043",5,2.87888089588372e-05,"20-64","sector_21","unvaccinated","dead"
"4044",6,4.05867139230294e-05,"20-64","sector_21","unvaccinated","dead"
"4045",7,5.45309173479376e-05,"20-64","sector_21","unvaccinated","dead"
"4046",8,7.07972880526896e-05,"20-64","sector_21","unvaccinated","dead"
"4047",9,8.95994461699152e-05,"20-64","sector_21","unvaccinated","dead"
"4048",10,0.000111187353225924,"20-64","sector_21","unvaccinated","dead"
"4049",0,0,"20-64","sector_22","unvaccinated","dead"
"4050",1,3.2235405558362e-06,"20-64","sector_22","unvaccinated","dead"
"4051",2,1.20104106594556e-05,"20-64","sector_22","unvaccinated","dead"
"4052",3,2.56418804928131e-05,"20-64","sector_22","unvaccinated","dead"
"4053",4,4.39166970642657e-05,"20-64","sector_22","unvaccinated","dead"
"4054",5,6.69325734537682e-05,"20-64","sector_22","unvaccinated","dead"
"4055",6,9.49721210627555e-05,"20-64","sector_22","unvaccinated","dead"
"4056",7,0.0001284448394315,"20-64","sector_22","unvaccinated","dead"
"4057",8,0.00016785946912978,"20-64","sector_22","unvaccinated","dead"
"4058",9,0.000213813046661818,"20-64","sector_22","unvaccinated","dead"
"4059",10,0.000266989404910878,"20-64","sector_22","unvaccinated","dead"
"4060",0,0,"20-64","sector_23","unvaccinated","dead"
"4061",1,1.52384724435765e-06,"20-64","sector_23","unvaccinated","dead"
"4062",2,5.6777680758884e-06,"20-64","sector_23","unvaccinated","dead"
"4063",3,1.21216297405952e-05,"20-64","sector_23","unvaccinated","dead"
"4064",4,2.07579574116787e-05,"20-64","sector_23","unvaccinated","dead"
"4065",5,3.16275275203381e-05,"20-64","sector_23","unvaccinated","dead"
"4066",6,4.48548423144789e-05,"20-64","sector_23","unvaccinated","dead"
"4067",7,6.06205168004767e-05,"20-64","sector_23","unvaccinated","dead"
"4068",8,7.91482783490259e-05,"20-64","sector_23","unvaccinated","dead"
"4069",9,0.000100699986732891,"20-64","sector_23","unvaccinated","dead"
"4070",10,0.00012557514784234,"20-64","sector_23","unvaccinated","dead"
"4071",0,0,"20-64","sector_24","unvaccinated","dead"
"4072",1,1.98423654655544e-06,"20-64","sector_24","unvaccinated","dead"
"4073",2,7.39539279570712e-06,"20-64","sector_24","unvaccinated","dead"
"4074",3,1.57922208091653e-05,"20-64","sector_24","unvaccinated","dead"
"4075",4,2.70446156479852e-05,"20-64","sector_24","unvaccinated","dead"
"4076",5,4.11975373141033e-05,"20-64","sector_24","unvaccinated","dead"
"4077",6,5.84013024038028e-05,"20-64","sector_24","unvaccinated","dead"
"4078",7,7.88770788210537e-05,"20-64","sector_24","unvaccinated","dead"
"4079",8,0.000102901116859464,"20-64","sector_24","unvaccinated","dead"
"4080",9,0.000130799036627655,"20-64","sector_24","unvaccinated","dead"
"4081",10,0.000162945621042963,"20-64","sector_24","unvaccinated","dead"
"4082",0,0,"20-64","sector_25","unvaccinated","dead"
"4083",1,2.40327753972794e-05,"20-64","sector_25","unvaccinated","dead"
"4084",2,8.909490454284e-05,"20-64","sector_25","unvaccinated","dead"
"4085",3,0.000188813007327347,"20-64","sector_25","unvaccinated","dead"
"4086",4,0.000320459477373781,"20-64","sector_25","unvaccinated","dead"
"4087",5,0.000483480499445712,"20-64","sector_25","unvaccinated","dead"
"4088",6,0.000678703092893944,"20-64","sector_25","unvaccinated","dead"
"4089",7,0.000907913065745855,"20-64","sector_25","unvaccinated","dead"
"4090",8,0.00117363815542539,"20-64","sector_25","unvaccinated","dead"
"4091",9,0.00147904682345809,"20-64","sector_25","unvaccinated","dead"
"4092",10,0.00182791417608957,"20-64","sector_25","unvaccinated","dead"
"4093",0,0,"20-64","sector_26","unvaccinated","dead"
"4094",1,4.99968049076842e-05,"20-64","sector_26","unvaccinated","dead"
"4095",2,0.000187473403928575,"20-64","sector_26","unvaccinated","dead"
"4096",3,0.000404004342696406,"20-64","sector_26","unvaccinated","dead"
"4097",4,0.000699813324251597,"20-64","sector_26","unvaccinated","dead"
"4098",5,0.0010800094835401,"20-64","sector_26","unvaccinated","dead"
"4099",6,0.00155269868358543,"20-64","sector_26","unvaccinated","dead"
"4100",7,0.00212807775606991,"20-64","sector_26","unvaccinated","dead"
"4101",8,0.00281804706603227,"20-64","sector_26","unvaccinated","dead"
"4102",9,0.00363610014283268,"20-64","sector_26","unvaccinated","dead"
"4103",10,0.00459736591140498,"20-64","sector_26","unvaccinated","dead"
"4104",0,0,"20-64","sector_27","unvaccinated","dead"
"4105",1,8.15226934559649e-06,"20-64","sector_27","unvaccinated","dead"
"4106",2,3.04288195696202e-05,"20-64","sector_27","unvaccinated","dead"
"4107",3,6.51318473118271e-05,"20-64","sector_27","unvaccinated","dead"
"4108",4,0.000111886443899097,"20-64","sector_27","unvaccinated","dead"
"4109",5,0.000171063202102709,"20-64","sector_27","unvaccinated","dead"
"4110",6,0.000243479858088195,"20-64","sector_27","unvaccinated","dead"
"4111",7,0.000330252584261994,"20-64","sector_27","unvaccinated","dead"
"4112",8,0.000432727948610305,"20-64","sector_27","unvaccinated","dead"
"4113",9,0.000552458771164654,"20-64","sector_27","unvaccinated","dead"
"4114",10,0.000691204345039555,"20-64","sector_27","unvaccinated","dead"
"4115",0,0,"20-64","sector_28","unvaccinated","dead"
"4116",1,1.53900962679217e-07,"20-64","sector_28","unvaccinated","dead"
"4117",2,5.71721785689318e-07,"20-64","sector_28","unvaccinated","dead"
"4118",3,1.21508116318961e-06,"20-64","sector_28","unvaccinated","dead"
"4119",4,2.06903469356311e-06,"20-64","sector_28","unvaccinated","dead"
"4120",5,3.13218796146676e-06,"20-64","sector_28","unvaccinated","dead"
"4121",6,4.4115061056423e-06,"20-64","sector_28","unvaccinated","dead"
"4122",7,5.91964997021056e-06,"20-64","sector_28","unvaccinated","dead"
"4123",8,7.67368109501e-06,"20-64","sector_28","unvaccinated","dead"
"4124",9,9.69451748861619e-06,"20-64","sector_28","unvaccinated","dead"
"4125",10,1.20068107919718e-05,"20-64","sector_28","unvaccinated","dead"
"4126",0,0,"20-64","sector_29","unvaccinated","dead"
"4127",1,8.11871295578467e-07,"20-64","sector_29","unvaccinated","dead"
"4128",2,3.02475172073778e-06,"20-64","sector_29","unvaccinated","dead"
"4129",3,6.45705152918871e-06,"20-64","sector_29","unvaccinated","dead"
"4130",4,1.10570674522215e-05,"20-64","sector_29","unvaccinated","dead"
"4131",5,1.6848074830834e-05,"20-64","sector_29","unvaccinated","dead"
"4132",6,2.3899762029326e-05,"20-64","sector_29","unvaccinated","dead"
"4133",7,3.23137669444865e-05,"20-64","sector_29","unvaccinated","dead"
"4134",8,4.22168267922824e-05,"20-64","sector_29","unvaccinated","dead"
"4135",9,5.37580996304149e-05,"20-64","sector_29","unvaccinated","dead"
"4136",10,6.71088355244294e-05,"20-64","sector_29","unvaccinated","dead"
"4137",0,0,"20-64","sector_30","unvaccinated","dead"
"4138",1,4.23075423855048e-06,"20-64","sector_30","unvaccinated","dead"
"4139",2,1.58123762197628e-05,"20-64","sector_30","unvaccinated","dead"
"4140",3,3.39135574933888e-05,"20-64","sector_30","unvaccinated","dead"
"4141",4,5.84068571576279e-05,"20-64","sector_30","unvaccinated","dead"
"4142",5,8.95658808490989e-05,"20-64","sector_30","unvaccinated","dead"
"4143",6,0.000127910240728021,"20-64","sector_30","unvaccinated","dead"
"4144",7,0.000174128919772453,"20-64","sector_30","unvaccinated","dead"
"4145",8,0.000229045536907411,"20-64","sector_30","unvaccinated","dead"
"4146",9,0.00029360632389168,"20-64","sector_30","unvaccinated","dead"
"4147",10,0.000368880763690282,"20-64","sector_30","unvaccinated","dead"
"4148",0,0,"20-64","sector_31","unvaccinated","dead"
"4149",1,2.82196004125008e-06,"20-64","sector_31","unvaccinated","dead"
"4150",2,1.05683959743197e-05,"20-64","sector_31","unvaccinated","dead"
"4151",3,2.27316543820641e-05,"20-64","sector_31","unvaccinated","dead"
"4152",4,3.9279251842193e-05,"20-64","sector_31","unvaccinated","dead"
"4153",5,6.04422684687097e-05,"20-64","sector_31","unvaccinated","dead"
"4154",6,8.66080893900594e-05,"20-64","sector_31","unvaccinated","dead"
"4155",7,0.000118268483541393,"20-64","sector_31","unvaccinated","dead"
"4156",8,0.000155997118831521,"20-64","sector_31","unvaccinated","dead"
"4157",9,0.000200442858527024,"20-64","sector_31","unvaccinated","dead"
"4158",10,0.00025233168362708,"20-64","sector_31","unvaccinated","dead"
"4159",0,0,"20-64","sector_32","unvaccinated","dead"
"4160",1,2.28054850359461e-05,"20-64","sector_32","unvaccinated","dead"
"4161",2,8.56248511484749e-05,"20-64","sector_32","unvaccinated","dead"
"4162",3,0.000184789902609166,"20-64","sector_32","unvaccinated","dead"
"4163",4,0.000320482966836092,"20-64","sector_32","unvaccinated","dead"
"4164",5,0.000494971761323025,"20-64","sector_32","unvaccinated","dead"
"4165",6,0.000711749171303511,"20-64","sector_32","unvaccinated","dead"
"4166",7,0.000975138735676913,"20-64","sector_32","unvaccinated","dead"
"4167",8,0.00129013931973562,"20-64","sector_32","unvaccinated","dead"
"4168",9,0.00166239305391076,"20-64","sector_32","unvaccinated","dead"
"4169",10,0.00209821797493182,"20-64","sector_32","unvaccinated","dead"
"4170",0,0,"20-64","sector_33","unvaccinated","dead"
"4171",1,3.67180261935383e-06,"20-64","sector_33","unvaccinated","dead"
"4172",2,1.36872997287733e-05,"20-64","sector_33","unvaccinated","dead"
"4173",3,2.92420839437544e-05,"20-64","sector_33","unvaccinated","dead"
"4174",4,5.01228287595133e-05,"20-64","sector_33","unvaccinated","dead"
"4175",5,7.64565520332397e-05,"20-64","sector_33","unvaccinated","dead"
"4176",6,0.000108580646007296,"20-64","sector_33","unvaccinated","dead"
"4177",7,0.000146977415678677,"20-64","sector_33","unvaccinated","dead"
"4178",8,0.0001922433545432,"20-64","sector_33","unvaccinated","dead"
"4179",9,0.000245077401997637,"20-64","sector_33","unvaccinated","dead"
"4180",10,0.000306279862984611,"20-64","sector_33","unvaccinated","dead"
"4181",0,0,"20-64","sector_34","unvaccinated","dead"
"4182",1,2.22535718064563e-06,"20-64","sector_34","unvaccinated","dead"
"4183",2,8.29127777651163e-06,"20-64","sector_34","unvaccinated","dead"
"4184",3,1.77014607680385e-05,"20-64","sector_34","unvaccinated","dead"
"4185",4,3.03168155799074e-05,"20-64","sector_34","unvaccinated","dead"
"4186",5,4.62046332740773e-05,"20-64","sector_34","unvaccinated","dead"
"4187",6,6.55598469385074e-05,"20-64","sector_34","unvaccinated","dead"
"4188",7,8.86649854136186e-05,"20-64","sector_34","unvaccinated","dead"
"4189",8,0.000115871085548359,"20-64","sector_34","unvaccinated","dead"
"4190",9,0.000147590133644274,"20-64","sector_34","unvaccinated","dead"
"4191",10,0.000184294027261505,"20-64","sector_34","unvaccinated","dead"
"4192",0,0,"20-64","sector_35","unvaccinated","dead"
"4193",1,8.52264448335498e-06,"20-64","sector_35","unvaccinated","dead"
"4194",2,3.17126945628787e-05,"20-64","sector_35","unvaccinated","dead"
"4195",3,6.75727871867011e-05,"20-64","sector_35","unvaccinated","dead"
"4196",4,0.000115444135692639,"20-64","sector_35","unvaccinated","dead"
"4197",5,0.000175437747135462,"20-64","sector_35","unvaccinated","dead"
"4198",6,0.000248134926569373,"20-64","sector_35","unvaccinated","dead"
"4199",7,0.000334433720681346,"20-64","sector_35","unvaccinated","dead"
"4200",8,0.000435475047289976,"20-64","sector_35","unvaccinated","dead"
"4201",9,0.00055261285958628,"20-64","sector_35","unvaccinated","dead"
"4202",10,0.000687409173084387,"20-64","sector_35","unvaccinated","dead"
"4203",0,0,"20-64","sector_36","unvaccinated","dead"
"4204",1,1.09906975433038e-05,"20-64","sector_36","unvaccinated","dead"
"4205",2,4.10291651015686e-05,"20-64","sector_36","unvaccinated","dead"
"4206",3,8.78182339166514e-05,"20-64","sector_36","unvaccinated","dead"
"4207",4,0.000150810649393572,"20-64","sector_36","unvaccinated","dead"
"4208",5,0.000230432880193038,"20-64","sector_36","unvaccinated","dead"
"4209",6,0.000327691976472111,"20-64","sector_36","unvaccinated","dead"
"4210",7,0.000443984226324916,"20-64","sector_36","unvaccinated","dead"
"4211",8,0.000581010334504559,"20-64","sector_36","unvaccinated","dead"
"4212",9,0.000740747220813464,"20-64","sector_36","unvaccinated","dead"
"4213",10,0.000925450485927264,"20-64","sector_36","unvaccinated","dead"
"4214",0,0,"20-64","sector_37","unvaccinated","dead"
"4215",1,5.58852930798329e-06,"20-64","sector_37","unvaccinated","dead"
"4216",2,2.08862644383067e-05,"20-64","sector_37","unvaccinated","dead"
"4217",3,4.47918704126041e-05,"20-64","sector_37","unvaccinated","dead"
"4218",4,7.71314791310207e-05,"20-64","sector_37","unvaccinated","dead"
"4219",5,0.000118260288158633,"20-64","sector_37","unvaccinated","dead"
"4220",6,0.000168859589692704,"20-64","sector_37","unvaccinated","dead"
"4221",7,0.000229837098378864,"20-64","sector_37","unvaccinated","dead"
"4222",8,0.000302282249959063,"20-64","sector_37","unvaccinated","dead"
"4223",9,0.000387451163864383,"20-64","sector_37","unvaccinated","dead"
"4224",10,0.000486768079316901,"20-64","sector_37","unvaccinated","dead"
"4225",0,0,"20-64","sector_38","unvaccinated","dead"
"4226",1,2.75217308375501e-05,"20-64","sector_38","unvaccinated","dead"
"4227",2,0.000102704148982635,"20-64","sector_38","unvaccinated","dead"
"4228",3,0.000219779855390735,"20-64","sector_38","unvaccinated","dead"
"4229",4,0.000377479456432372,"20-64","sector_38","unvaccinated","dead"
"4230",5,0.000577112210124054,"20-64","sector_38","unvaccinated","dead"
"4231",6,0.000821573980183577,"20-64","sector_38","unvaccinated","dead"
"4232",7,0.00111484997686799,"20-64","sector_38","unvaccinated","dead"
"4233",8,0.00146178365414359,"20-64","sector_38","unvaccinated","dead"
"4234",9,0.00186799089673785,"20-64","sector_38","unvaccinated","dead"
"4235",10,0.00233985574967732,"20-64","sector_38","unvaccinated","dead"
"4236",0,0,"20-64","sector_39","unvaccinated","dead"
"4237",1,2.86090278602698e-05,"20-64","sector_39","unvaccinated","dead"
"4238",2,0.000106958907415465,"20-64","sector_39","unvaccinated","dead"
"4239",3,0.000229485933342027,"20-64","sector_39","unvaccinated","dead"
"4240",4,0.000395352187460538,"20-64","sector_39","unvaccinated","dead"
"4241",5,0.00060636036414152,"20-64","sector_39","unvaccinated","dead"
"4242",6,0.000865886442207173,"20-64","sector_39","unvaccinated","dead"
"4243",7,0.00117835525700252,"20-64","sector_39","unvaccinated","dead"
"4244",8,0.00154900680968381,"20-64","sector_39","unvaccinated","dead"
"4245",9,0.00198381961360829,"20-64","sector_39","unvaccinated","dead"
"4246",10,0.0024895205223184,"20-64","sector_39","unvaccinated","dead"
"4247",0,0,"20-64","sector_40","unvaccinated","dead"
"4248",1,1.43270066476548e-05,"20-64","sector_40","unvaccinated","dead"
"4249",2,5.35133561612068e-05,"20-64","sector_40","unvaccinated","dead"
"4250",3,0.000114630273374876,"20-64","sector_40","unvaccinated","dead"
"4251",4,0.000197042323306786,"20-64","sector_40","unvaccinated","dead"
"4252",5,0.000301385786567556,"20-64","sector_40","unvaccinated","dead"
"4253",6,0.000429053164997702,"20-64","sector_40","unvaccinated","dead"
"4254",7,0.000581943714962297,"20-64","sector_40","unvaccinated","dead"
"4255",8,0.000762354020373954,"20-64","sector_40","unvaccinated","dead"
"4256",9,0.000972942762038401,"20-64","sector_40","unvaccinated","dead"
"4257",10,0.00121673553572788,"20-64","sector_40","unvaccinated","dead"
"4258",0,0,"20-64","sector_41","unvaccinated","dead"
"4259",1,2.78727717419211e-05,"20-64","sector_41","unvaccinated","dead"
"4260",2,0.000104813251169282,"20-64","sector_41","unvaccinated","dead"
"4261",3,0.000226807642276192,"20-64","sector_41","unvaccinated","dead"
"4262",4,0.000394842912171053,"20-64","sector_41","unvaccinated","dead"
"4263",5,0.00061274554213059,"20-64","sector_41","unvaccinated","dead"
"4264",6,0.000886127026000313,"20-64","sector_41","unvaccinated","dead"
"4265",7,0.00122190039455909,"20-64","sector_41","unvaccinated","dead"
"4266",8,0.00162809294381067,"20-64","sector_41","unvaccinated","dead"
"4267",9,0.0021138149992314,"20-64","sector_41","unvaccinated","dead"
"4268",10,0.00268931396146083,"20-64","sector_41","unvaccinated","dead"
"4269",0,0,"20-64","sector_42","unvaccinated","dead"
"4270",1,4.14874660487253e-05,"20-64","sector_42","unvaccinated","dead"
"4271",2,0.000155417866535308,"20-64","sector_42","unvaccinated","dead"
"4272",3,0.000334460299351403,"20-64","sector_42","unvaccinated","dead"
"4273",4,0.00057837856235418,"20-64","sector_42","unvaccinated","dead"
"4274",5,0.000890951593417751,"20-64","sector_42","unvaccinated","dead"
"4275",6,0.0012784190016836,"20-64","sector_42","unvaccinated","dead"
"4276",7,0.00174872887494506,"20-64","sector_42","unvaccinated","dead"
"4277",8,0.00231121026381596,"20-64","sector_42","unvaccinated","dead"
"4278",9,0.00297647356109297,"20-64","sector_42","unvaccinated","dead"
"4279",10,0.00375643680499776,"20-64","sector_42","unvaccinated","dead"
"4280",0,0,"20-64","sector_43","unvaccinated","dead"
"4281",1,9.44453884581692e-06,"20-64","sector_43","unvaccinated","dead"
"4282",2,3.54279839827123e-05,"20-64","sector_43","unvaccinated","dead"
"4283",3,7.63828191656583e-05,"20-64","sector_43","unvaccinated","dead"
"4284",4,0.000132361738236474,"20-64","sector_43","unvaccinated","dead"
"4285",5,0.000204311202497116,"20-64","sector_43","unvaccinated","dead"
"4286",6,0.000293706610219171,"20-64","sector_43","unvaccinated","dead"
"4287",7,0.000402378190815922,"20-64","sector_43","unvaccinated","dead"
"4288",8,0.000532437723463677,"20-64","sector_43","unvaccinated","dead"
"4289",9,0.000686258944894577,"20-64","sector_43","unvaccinated","dead"
"4290",10,0.000866487115452831,"20-64","sector_43","unvaccinated","dead"
"4291",0,0,"20-64","sector_44","unvaccinated","dead"
"4292",1,9.06548723843545e-06,"20-64","sector_44","unvaccinated","dead"
"4293",2,3.3705473072899e-05,"20-64","sector_44","unvaccinated","dead"
"4294",3,7.17217886002951e-05,"20-64","sector_44","unvaccinated","dead"
"4295",4,0.0001223068935976,"20-64","sector_44","unvaccinated","dead"
"4296",5,0.000185451189739133,"20-64","sector_44","unvaccinated","dead"
"4297",6,0.000261633896470531,"20-64","sector_44","unvaccinated","dead"
"4298",7,0.000351665914731624,"20-64","sector_44","unvaccinated","dead"
"4299",8,0.000456614647360468,"20-64","sector_44","unvaccinated","dead"
"4300",9,0.000577773509766847,"20-64","sector_44","unvaccinated","dead"
"4301",10,0.000716656353080166,"20-64","sector_44","unvaccinated","dead"
"4302",0,0,"20-64","sector_45","unvaccinated","dead"
"4303",1,6.06969674992138e-07,"20-64","sector_45","unvaccinated","dead"
"4304",2,2.25241952893812e-06,"20-64","sector_45","unvaccinated","dead"
"4305",3,4.78042213047988e-06,"20-64","sector_45","unvaccinated","dead"
"4306",4,8.12807003462466e-06,"20-64","sector_45","unvaccinated","dead"
"4307",5,1.22874863944401e-05,"20-64","sector_45","unvaccinated","dead"
"4308",6,1.72855100753928e-05,"20-64","sector_45","unvaccinated","dead"
"4309",7,2.31729963740121e-05,"20-64","sector_45","unvaccinated","dead"
"4310",8,3.00194100409726e-05,"20-64","sector_45","unvaccinated","dead"
"4311",9,3.79103830077124e-05,"20-64","sector_45","unvaccinated","dead"
"4312",10,4.69469809545668e-05,"20-64","sector_45","unvaccinated","dead"
"4313",0,0,"0-4","sector_00","unvaccinated","new_infections"
"4314",1,0.116906383976564,"0-4","sector_00","unvaccinated","new_infections"
"4315",2,0.21613520747453,"0-4","sector_00","unvaccinated","new_infections"
"4316",3,0.309673817582307,"0-4","sector_00","unvaccinated","new_infections"
"4317",4,0.404458170929696,"0-4","sector_00","unvaccinated","new_infections"
"4318",5,0.504800363898653,"0-4","sector_00","unvaccinated","new_infections"
"4319",6,0.613677799388658,"0-4","sector_00","unvaccinated","new_infections"
"4320",7,0.733424356658866,"0-4","sector_00","unvaccinated","new_infections"
"4321",8,0.866107337709705,"0-4","sector_00","unvaccinated","new_infections"
"4322",9,1.01373945497122,"0-4","sector_00","unvaccinated","new_infections"
"4323",10,1.17840453734666,"0-4","sector_00","unvaccinated","new_infections"
"4324",0,0,"5-19","sector_00","unvaccinated","new_infections"
"4325",1,0.650600431852913,"5-19","sector_00","unvaccinated","new_infections"
"4326",2,1.19311992414344,"5-19","sector_00","unvaccinated","new_infections"
"4327",3,1.70066120602256,"5-19","sector_00","unvaccinated","new_infections"
"4328",4,2.2145538300642,"5-19","sector_00","unvaccinated","new_infections"
"4329",5,2.75971652232638,"5-19","sector_00","unvaccinated","new_infections"
"4330",6,3.35277761121637,"5-19","sector_00","unvaccinated","new_infections"
"4331",7,4.00639563550897,"5-19","sector_00","unvaccinated","new_infections"
"4332",8,4.73158748005085,"5-19","sector_00","unvaccinated","new_infections"
"4333",9,5.53901396644121,"5-19","sector_00","unvaccinated","new_infections"
"4334",10,6.43972271643873,"5-19","sector_00","unvaccinated","new_infections"
"4335",0,0,"20-64","sector_00","unvaccinated","new_infections"
"4336",1,0.269641748241966,"20-64","sector_00","unvaccinated","new_infections"
"4337",2,0.498563422029571,"20-64","sector_00","unvaccinated","new_infections"
"4338",3,0.716566406680339,"20-64","sector_00","unvaccinated","new_infections"
"4339",4,0.940594462007548,"20-64","sector_00","unvaccinated","new_infections"
"4340",5,1.18098920318295,"20-64","sector_00","unvaccinated","new_infections"
"4341",6,1.44479265564429,"20-64","sector_00","unvaccinated","new_infections"
"4342",7,1.73750266142958,"20-64","sector_00","unvaccinated","new_infections"
"4343",8,2.0640187645712,"20-64","sector_00","unvaccinated","new_infections"
"4344",9,2.42916587295468,"20-64","sector_00","unvaccinated","new_infections"
"4345",10,2.83799920067239,"20-64","sector_00","unvaccinated","new_infections"
"4346",0,0,"65+","sector_00","unvaccinated","new_infections"
"4347",1,0.258983995936371,"65+","sector_00","unvaccinated","new_infections"
"4348",2,0.470597339547915,"65+","sector_00","unvaccinated","new_infections"
"4349",3,0.665727834097263,"65+","sector_00","unvaccinated","new_infections"
"4350",4,0.861898985602349,"65+","sector_00","unvaccinated","new_infections"
"4351",5,1.06966228558857,"65+","sector_00","unvaccinated","new_infections"
"4352",6,1.29600244340433,"65+","sector_00","unvaccinated","new_infections"
"4353",7,1.54616321464428,"65+","sector_00","unvaccinated","new_infections"
"4354",8,1.82463822392955,"65+","sector_00","unvaccinated","new_infections"
"4355",9,2.13572100052994,"65+","sector_00","unvaccinated","new_infections"
"4356",10,2.48382330240499,"65+","sector_00","unvaccinated","new_infections"
"4357",0,0,"20-64","sector_01","unvaccinated","new_infections"
"4358",1,0.020715758218701,"20-64","sector_01","unvaccinated","new_infections"
"4359",2,0.0381834921751467,"20-64","sector_01","unvaccinated","new_infections"
"4360",3,0.054652594259298,"20-64","sector_01","unvaccinated","new_infections"
"4361",4,0.0714093502164011,"20-64","sector_01","unvaccinated","new_infections"
"4362",5,0.0892414919450731,"20-64","sector_01","unvaccinated","new_infections"
"4363",6,0.108684608945797,"20-64","sector_01","unvaccinated","new_infections"
"4364",7,0.13015385323764,"20-64","sector_01","unvaccinated","new_infections"
"4365",8,0.154015354069081,"20-64","sector_01","unvaccinated","new_infections"
"4366",9,0.18062600615593,"20-64","sector_01","unvaccinated","new_infections"
"4367",10,0.210356751918891,"20-64","sector_01","unvaccinated","new_infections"
"4368",0,0,"20-64","sector_02","unvaccinated","new_infections"
"4369",1,0.000981217713300944,"20-64","sector_02","unvaccinated","new_infections"
"4370",2,0.00181141989729603,"20-64","sector_02","unvaccinated","new_infections"
"4371",3,0.00259680324184203,"20-64","sector_02","unvaccinated","new_infections"
"4372",4,0.00339798862687981,"20-64","sector_02","unvaccinated","new_infections"
"4373",5,0.00425205598413965,"20-64","sector_02","unvaccinated","new_infections"
"4374",6,0.00518421587278074,"20-64","sector_02","unvaccinated","new_infections"
"4375",7,0.00621403854333798,"20-64","sector_02","unvaccinated","new_infections"
"4376",8,0.0073588263462416,"20-64","sector_02","unvaccinated","new_infections"
"4377",9,0.00863548994297882,"20-64","sector_02","unvaccinated","new_infections"
"4378",10,0.0100616450626514,"20-64","sector_02","unvaccinated","new_infections"
"4379",0,0,"20-64","sector_03","unvaccinated","new_infections"
"4380",1,0.000829064472466313,"20-64","sector_03","unvaccinated","new_infections"
"4381",2,0.00152814489496331,"20-64","sector_03","unvaccinated","new_infections"
"4382",3,0.0021861929600384,"20-64","sector_03","unvaccinated","new_infections"
"4383",4,0.00285424331614711,"20-64","sector_03","unvaccinated","new_infections"
"4384",5,0.00356366111390579,"20-64","sector_03","unvaccinated","new_infections"
"4385",6,0.00433583256409264,"20-64","sector_03","unvaccinated","new_infections"
"4386",7,0.0051873533267457,"20-64","sector_03","unvaccinated","new_infections"
"4387",8,0.00613284842519676,"20-64","sector_03","unvaccinated","new_infections"
"4388",9,0.00718654808826557,"20-64","sector_03","unvaccinated","new_infections"
"4389",10,0.008363213076362,"20-64","sector_03","unvaccinated","new_infections"
"4390",0,0,"20-64","sector_04","unvaccinated","new_infections"
"4391",1,0.00146878071789795,"20-64","sector_04","unvaccinated","new_infections"
"4392",2,0.00268875028897426,"20-64","sector_04","unvaccinated","new_infections"
"4393",3,0.00382595535414166,"20-64","sector_04","unvaccinated","new_infections"
"4394",4,0.00497459914849263,"20-64","sector_04","unvaccinated","new_infections"
"4395",5,0.00619157462268067,"20-64","sector_04","unvaccinated","new_infections"
"4396",6,0.00751481840933387,"20-64","sector_04","unvaccinated","new_infections"
"4397",7,0.00897312747600543,"20-64","sector_04","unvaccinated","new_infections"
"4398",8,0.0105914734858025,"20-64","sector_04","unvaccinated","new_infections"
"4399",9,0.0123939478712153,"20-64","sector_04","unvaccinated","new_infections"
"4400",10,0.0144054664858669,"20-64","sector_04","unvaccinated","new_infections"
"4401",0,0,"20-64","sector_05","unvaccinated","new_infections"
"4402",1,0.0014088351731149,"20-64","sector_05","unvaccinated","new_infections"
"4403",2,0.00259729504023757,"20-64","sector_05","unvaccinated","new_infections"
"4404",3,0.00371871656145766,"20-64","sector_05","unvaccinated","new_infections"
"4405",4,0.00486068747575813,"20-64","sector_05","unvaccinated","new_infections"
"4406",5,0.00607677508418002,"20-64","sector_05","unvaccinated","new_infections"
"4407",6,0.00740335471325605,"20-64","sector_05","unvaccinated","new_infections"
"4408",7,0.0088686022386641,"20-64","sector_05","unvaccinated","new_infections"
"4409",8,0.0104973678409487,"20-64","sector_05","unvaccinated","new_infections"
"4410",9,0.012313889305059,"20-64","sector_05","unvaccinated","new_infections"
"4411",10,0.0143433780061833,"20-64","sector_05","unvaccinated","new_infections"
"4412",0,0,"20-64","sector_06","unvaccinated","new_infections"
"4413",1,0.0277661817172602,"20-64","sector_06","unvaccinated","new_infections"
"4414",2,0.0513035843343311,"20-64","sector_06","unvaccinated","new_infections"
"4415",3,0.0736318225681545,"20-64","sector_06","unvaccinated","new_infections"
"4416",4,0.09647151797077,"20-64","sector_06","unvaccinated","new_infections"
"4417",5,0.120873570431963,"20-64","sector_06","unvaccinated","new_infections"
"4418",6,0.147552143191296,"20-64","sector_06","unvaccinated","new_infections"
"4419",7,0.177062156563354,"20-64","sector_06","unvaccinated","new_infections"
"4420",8,0.209895241531172,"20-64","sector_06","unvaccinated","new_infections"
"4421",9,0.246533036366311,"20-64","sector_06","unvaccinated","new_infections"
"4422",10,0.28747829595201,"20-64","sector_06","unvaccinated","new_infections"
"4423",0,0,"20-64","sector_07","unvaccinated","new_infections"
"4424",1,0.00680399287005007,"20-64","sector_07","unvaccinated","new_infections"
"4425",2,0.0125448511797265,"20-64","sector_07","unvaccinated","new_infections"
"4426",3,0.017949685660532,"20-64","sector_07","unvaccinated","new_infections"
"4427",4,0.0234351868387074,"20-64","sector_07","unvaccinated","new_infections"
"4428",5,0.0292566979617826,"20-64","sector_07","unvaccinated","new_infections"
"4429",6,0.035587553213119,"20-64","sector_07","unvaccinated","new_infections"
"4430",7,0.042561641974596,"20-64","sector_07","unvaccinated","new_infections"
"4431",8,0.0502965787575002,"20-64","sector_07","unvaccinated","new_infections"
"4432",9,0.058906658441432,"20-64","sector_07","unvaccinated","new_infections"
"4433",10,0.0685104549078739,"20-64","sector_07","unvaccinated","new_infections"
"4434",0,0,"20-64","sector_08","unvaccinated","new_infections"
"4435",1,0.00451481230854143,"20-64","sector_08","unvaccinated","new_infections"
"4436",2,0.00827009533731649,"20-64","sector_08","unvaccinated","new_infections"
"4437",3,0.0117701268672363,"20-64","sector_08","unvaccinated","new_infections"
"4438",4,0.0153021846616735,"20-64","sector_08","unvaccinated","new_infections"
"4439",5,0.0190406814807023,"20-64","sector_08","unvaccinated","new_infections"
"4440",6,0.0231025602855956,"20-64","sector_08","unvaccinated","new_infections"
"4441",7,0.0275769672593253,"20-64","sector_08","unvaccinated","new_infections"
"4442",8,0.0325413536703361,"20-64","sector_08","unvaccinated","new_infections"
"4443",9,0.0380704299107559,"20-64","sector_08","unvaccinated","new_infections"
"4444",10,0.0442413722298457,"20-64","sector_08","unvaccinated","new_infections"
"4445",0,0,"20-64","sector_09","unvaccinated","new_infections"
"4446",1,0.00993415896345318,"20-64","sector_09","unvaccinated","new_infections"
"4447",2,0.0183246850301453,"20-64","sector_09","unvaccinated","new_infections"
"4448",3,0.0262582575220614,"20-64","sector_09","unvaccinated","new_infections"
"4449",4,0.0343546150159472,"20-64","sector_09","unvaccinated","new_infections"
"4450",5,0.0429922509341741,"20-64","sector_09","unvaccinated","new_infections"
"4451",6,0.0524280257048788,"20-64","sector_09","unvaccinated","new_infections"
"4452",7,0.0628610179170846,"20-64","sector_09","unvaccinated","new_infections"
"4453",8,0.0744670859552319,"20-64","sector_09","unvaccinated","new_infections"
"4454",9,0.0874180805139846,"20-64","sector_09","unvaccinated","new_infections"
"4455",10,0.101893058480817,"20-64","sector_09","unvaccinated","new_infections"
"4456",0,0,"20-64","sector_10","unvaccinated","new_infections"
"4457",1,0.000603131626314912,"20-64","sector_10","unvaccinated","new_infections"
"4458",2,0.00111385617425484,"20-64","sector_10","unvaccinated","new_infections"
"4459",3,0.00159757600704951,"20-64","sector_10","unvaccinated","new_infections"
"4460",4,0.0020915941515511,"20-64","sector_10","unvaccinated","new_infections"
"4461",5,0.00261871052963192,"20-64","sector_10","unvaccinated","new_infections"
"4462",6,0.00319442094321436,"20-64","sector_10","unvaccinated","new_infections"
"4463",7,0.00383075726085286,"20-64","sector_10","unvaccinated","new_infections"
"4464",8,0.0045383652323021,"20-64","sector_10","unvaccinated","new_infections"
"4465",9,0.00532765965613893,"20-64","sector_10","unvaccinated","new_infections"
"4466",10,0.00620949918090832,"20-64","sector_10","unvaccinated","new_infections"
"4467",0,0,"20-64","sector_11","unvaccinated","new_infections"
"4468",1,0.00636561539658826,"20-64","sector_11","unvaccinated","new_infections"
"4469",2,0.0117336153670306,"20-64","sector_11","unvaccinated","new_infections"
"4470",3,0.016783476449434,"20-64","sector_11","unvaccinated","new_infections"
"4471",4,0.021904830196485,"20-64","sector_11","unvaccinated","new_infections"
"4472",5,0.027336605381972,"20-64","sector_11","unvaccinated","new_infections"
"4473",6,0.0332410861046789,"20-64","sector_11","unvaccinated","new_infections"
"4474",7,0.0397436496774282,"20-64","sector_11","unvaccinated","new_infections"
"4475",8,0.0469544040833898,"20-64","sector_11","unvaccinated","new_infections"
"4476",9,0.0549802914188532,"20-64","sector_11","unvaccinated","new_infections"
"4477",10,0.0639321907037187,"20-64","sector_11","unvaccinated","new_infections"
"4478",0,0,"20-64","sector_12","unvaccinated","new_infections"
"4479",1,0.0031753209061459,"20-64","sector_12","unvaccinated","new_infections"
"4480",2,0.00581267255677879,"20-64","sector_12","unvaccinated","new_infections"
"4481",3,0.00827221216282459,"20-64","sector_12","unvaccinated","new_infections"
"4482",4,0.0107580486882968,"20-64","sector_12","unvaccinated","new_infections"
"4483",5,0.0133933067060326,"20-64","sector_12","unvaccinated","new_infections"
"4484",6,0.0162600041783015,"20-64","sector_12","unvaccinated","new_infections"
"4485",7,0.0194203682248478,"20-64","sector_12","unvaccinated","new_infections"
"4486",8,0.0229283654732371,"20-64","sector_12","unvaccinated","new_infections"
"4487",9,0.0268360855045339,"20-64","sector_12","unvaccinated","new_infections"
"4488",10,0.0311974314897999,"20-64","sector_12","unvaccinated","new_infections"
"4489",0,0,"20-64","sector_13","unvaccinated","new_infections"
"4490",1,0.0102155053777464,"20-64","sector_13","unvaccinated","new_infections"
"4491",2,0.0188409842461781,"20-64","sector_13","unvaccinated","new_infections"
"4492",3,0.0269925200455273,"20-64","sector_13","unvaccinated","new_infections"
"4493",4,0.0353068408753813,"20-64","sector_13","unvaccinated","new_infections"
"4494",5,0.0441729187698192,"20-64","sector_13","unvaccinated","new_infections"
"4495",6,0.0538547372358677,"20-64","sector_13","unvaccinated","new_infections"
"4496",7,0.0645568445221802,"20-64","sector_13","unvaccinated","new_infections"
"4497",8,0.0764598480225076,"20-64","sector_13","unvaccinated","new_infections"
"4498",9,0.0897401522306533,"20-64","sector_13","unvaccinated","new_infections"
"4499",10,0.104581482882687,"20-64","sector_13","unvaccinated","new_infections"
"4500",0,0,"20-64","sector_14","unvaccinated","new_infections"
"4501",1,0.00584585065645184,"20-64","sector_14","unvaccinated","new_infections"
"4502",2,0.0107968076959925,"20-64","sector_14","unvaccinated","new_infections"
"4503",3,0.0154870328326215,"20-64","sector_14","unvaccinated","new_infections"
"4504",4,0.0202781753572167,"20-64","sector_14","unvaccinated","new_infections"
"4505",5,0.0253912520113424,"20-64","sector_14","unvaccinated","new_infections"
"4506",6,0.0309764695619493,"20-64","sector_14","unvaccinated","new_infections"
"4507",7,0.037150466818387,"20-64","sector_14","unvaccinated","new_infections"
"4508",8,0.0440164627978526,"20-64","sector_14","unvaccinated","new_infections"
"4509",9,0.0516754566862386,"20-64","sector_14","unvaccinated","new_infections"
"4510",10,0.0602327696136184,"20-64","sector_14","unvaccinated","new_infections"
"4511",0,0,"20-64","sector_15","unvaccinated","new_infections"
"4512",1,0.00420754560923545,"20-64","sector_15","unvaccinated","new_infections"
"4513",2,0.00775589500563026,"20-64","sector_15","unvaccinated","new_infections"
"4514",3,0.0110942175239864,"20-64","sector_15","unvaccinated","new_infections"
"4515",4,0.0144800623625363,"20-64","sector_15","unvaccinated","new_infections"
"4516",5,0.0180713500773535,"20-64","sector_15","unvaccinated","new_infections"
"4517",6,0.0219753347921135,"20-64","sector_15","unvaccinated","new_infections"
"4518",7,0.0262748759192708,"20-64","sector_15","unvaccinated","new_infections"
"4519",8,0.0310427428732749,"20-64","sector_15","unvaccinated","new_infections"
"4520",9,0.0363496164241627,"20-64","sector_15","unvaccinated","new_infections"
"4521",10,0.0422687839500201,"20-64","sector_15","unvaccinated","new_infections"
"4522",0,0,"20-64","sector_16","unvaccinated","new_infections"
"4523",1,0.0195958052577894,"20-64","sector_16","unvaccinated","new_infections"
"4524",2,0.0358775061465782,"20-64","sector_16","unvaccinated","new_infections"
"4525",3,0.0510480567684045,"20-64","sector_16","unvaccinated","new_infections"
"4526",4,0.0663596253816383,"20-64","sector_16","unvaccinated","new_infections"
"4527",5,0.0825701433850818,"20-64","sector_16","unvaccinated","new_infections"
"4528",6,0.100186098470449,"20-64","sector_16","unvaccinated","new_infections"
"4529",7,0.119592506342573,"20-64","sector_16","unvaccinated","new_infections"
"4530",8,0.141123359398551,"20-64","sector_16","unvaccinated","new_infections"
"4531",9,0.165100732283262,"20-64","sector_16","unvaccinated","new_infections"
"4532",10,0.191857463270167,"20-64","sector_16","unvaccinated","new_infections"
"4533",0,0,"20-64","sector_17","unvaccinated","new_infections"
"4534",1,0.00746984317322816,"20-64","sector_17","unvaccinated","new_infections"
"4535",2,0.0137833174094755,"20-64","sector_17","unvaccinated","new_infections"
"4536",3,0.0197597304068123,"20-64","sector_17","unvaccinated","new_infections"
"4537",4,0.0258660151286055,"20-64","sector_17","unvaccinated","new_infections"
"4538",5,0.0323872113350884,"20-64","sector_17","unvaccinated","new_infections"
"4539",6,0.0395167700760392,"20-64","sector_17","unvaccinated","new_infections"
"4540",7,0.047404730199272,"20-64","sector_17","unvaccinated","new_infections"
"4541",8,0.0561837769577709,"20-64","sector_17","unvaccinated","new_infections"
"4542",9,0.0659837169740825,"20-64","sector_17","unvaccinated","new_infections"
"4543",10,0.0769399217745367,"20-64","sector_17","unvaccinated","new_infections"
"4544",0,0,"20-64","sector_18","unvaccinated","new_infections"
"4545",1,0.0054570523689158,"20-64","sector_18","unvaccinated","new_infections"
"4546",2,0.0100879260318773,"20-64","sector_18","unvaccinated","new_infections"
"4547",3,0.014487907516526,"20-64","sector_18","unvaccinated","new_infections"
"4548",4,0.0189959163204429,"20-64","sector_18","unvaccinated","new_infections"
"4549",5,0.0238188509583841,"20-64","sector_18","unvaccinated","new_infections"
"4550",6,0.029097343189122,"20-64","sector_18","unvaccinated","new_infections"
"4551",7,0.0349407795252811,"20-64","sector_18","unvaccinated","new_infections"
"4552",8,0.0414462169914673,"20-64","sector_18","unvaccinated","new_infections"
"4553",9,0.0487088802836702,"20-64","sector_18","unvaccinated","new_infections"
"4554",10,0.0568282848496022,"20-64","sector_18","unvaccinated","new_infections"
"4555",0,0,"20-64","sector_19","unvaccinated","new_infections"
"4556",1,0.0124569911377169,"20-64","sector_19","unvaccinated","new_infections"
"4557",2,0.0229700357826848,"20-64","sector_19","unvaccinated","new_infections"
"4558",3,0.0328710929620243,"20-64","sector_19","unvaccinated","new_infections"
"4559",4,0.0429232918885548,"20-64","sector_19","unvaccinated","new_infections"
"4560",5,0.0535941513529859,"20-64","sector_19","unvaccinated","new_infections"
"4561",6,0.0652009812886551,"20-64","sector_19","unvaccinated","new_infections"
"4562",7,0.0779888819006683,"20-64","sector_19","unvaccinated","new_infections"
"4563",8,0.092173196628065,"20-64","sector_19","unvaccinated","new_infections"
"4564",9,0.107963244884234,"20-64","sector_19","unvaccinated","new_infections"
"4565",10,0.125576239100516,"20-64","sector_19","unvaccinated","new_infections"
"4566",0,0,"20-64","sector_20","unvaccinated","new_infections"
"4567",1,0.0108785183916472,"20-64","sector_20","unvaccinated","new_infections"
"4568",2,0.0199139662203739,"20-64","sector_20","unvaccinated","new_infections"
"4569",3,0.0283400203398067,"20-64","sector_20","unvaccinated","new_infections"
"4570",4,0.0368558699440007,"20-64","sector_20","unvaccinated","new_infections"
"4571",5,0.0458833107870452,"20-64","sector_20","unvaccinated","new_infections"
"4572",6,0.0557033301657916,"20-64","sector_20","unvaccinated","new_infections"
"4573",7,0.0665291176948002,"20-64","sector_20","unvaccinated","new_infections"
"4574",8,0.0785455607054815,"20-64","sector_20","unvaccinated","new_infections"
"4575",9,0.0919311108453892,"20-64","sector_20","unvaccinated","new_infections"
"4576",10,0.106870427129364,"20-64","sector_20","unvaccinated","new_infections"
"4577",0,0,"20-64","sector_21","unvaccinated","new_infections"
"4578",1,0.00801772571017226,"20-64","sector_21","unvaccinated","new_infections"
"4579",2,0.014783577750266,"20-64","sector_21","unvaccinated","new_infections"
"4580",3,0.0211714622222592,"20-64","sector_21","unvaccinated","new_infections"
"4581",4,0.0276803094407536,"20-64","sector_21","unvaccinated","new_infections"
"4582",5,0.0346151043108982,"20-64","sector_21","unvaccinated","new_infections"
"4583",6,0.0421828840044778,"20-64","sector_21","unvaccinated","new_infections"
"4584",7,0.0505440220795422,"20-64","sector_21","unvaccinated","new_infections"
"4585",8,0.0598400135288786,"20-64","sector_21","unvaccinated","new_infections"
"4586",9,0.070208936368529,"20-64","sector_21","unvaccinated","new_infections"
"4587",10,0.0817944850075948,"20-64","sector_21","unvaccinated","new_infections"
"4588",0,0,"20-64","sector_22","unvaccinated","new_infections"
"4589",1,0.0203446504466584,"20-64","sector_22","unvaccinated","new_infections"
"4590",2,0.0375995699988389,"20-64","sector_22","unvaccinated","new_infections"
"4591",3,0.0539804625293644,"20-64","sector_22","unvaccinated","new_infections"
"4592",4,0.0707493501012648,"20-64","sector_22","unvaccinated","new_infections"
"4593",5,0.0886768344534707,"20-64","sector_22","unvaccinated","new_infections"
"4594",6,0.108286629737727,"20-64","sector_22","unvaccinated","new_infections"
"4595",7,0.129985858996296,"20-64","sector_22","unvaccinated","new_infections"
"4596",8,0.154135462966677,"20-64","sector_22","unvaccinated","new_infections"
"4597",9,0.181089291243557,"20-64","sector_22","unvaccinated","new_infections"
"4598",10,0.211216912270541,"20-64","sector_22","unvaccinated","new_infections"
"4599",0,0,"20-64","sector_23","unvaccinated","new_infections"
"4600",1,0.00962630513438423,"20-64","sector_23","unvaccinated","new_infections"
"4601",2,0.0177506897787195,"20-64","sector_23","unvaccinated","new_infections"
"4602",3,0.0254025318409699,"20-64","sector_23","unvaccinated","new_infections"
"4603",4,0.0331715791548372,"20-64","sector_23","unvaccinated","new_infections"
"4604",5,0.0414191180463585,"20-64","sector_23","unvaccinated","new_infections"
"4605",6,0.0503903516121157,"20-64","sector_23","unvaccinated","new_infections"
"4606",7,0.0602746829076998,"20-64","sector_23","unvaccinated","new_infections"
"4607",8,0.0712385248405214,"20-64","sector_23","unvaccinated","new_infections"
"4608",9,0.083443641564611,"20-64","sector_23","unvaccinated","new_infections"
"4609",10,0.0970579036683524,"20-64","sector_23","unvaccinated","new_infections"
"4610",0,0,"20-64","sector_24","unvaccinated","new_infections"
"4611",1,0.0126570736865111,"20-64","sector_24","unvaccinated","new_infections"
"4612",2,0.023169733147133,"20-64","sector_24","unvaccinated","new_infections"
"4613",3,0.0329719621088525,"20-64","sector_24","unvaccinated","new_infections"
"4614",4,0.0428767278825161,"20-64","sector_24","unvaccinated","new_infections"
"4615",5,0.0533746291675133,"20-64","sector_24","unvaccinated","new_infections"
"4616",6,0.0647925787100829,"20-64","sector_24","unvaccinated","new_infections"
"4617",7,0.0773786418398678,"20-64","sector_24","unvaccinated","new_infections"
"4618",8,0.0913479410535942,"20-64","sector_24","unvaccinated","new_infections"
"4619",9,0.106908078512968,"20-64","sector_24","unvaccinated","new_infections"
"4620",10,0.124273839920807,"20-64","sector_24","unvaccinated","new_infections"
"4621",0,0,"20-64","sector_25","unvaccinated","new_infections"
"4622",1,0.126037097627141,"20-64","sector_25","unvaccinated","new_infections"
"4623",2,0.232316993248447,"20-64","sector_25","unvaccinated","new_infections"
"4624",3,0.332530591264537,"20-64","sector_25","unvaccinated","new_infections"
"4625",4,0.434504955784152,"20-64","sector_25","unvaccinated","new_infections"
"4626",5,0.543031770039378,"20-64","sector_25","unvaccinated","new_infections"
"4627",6,0.661367695935012,"20-64","sector_25","unvaccinated","new_infections"
"4628",7,0.792036312490761,"20-64","sector_25","unvaccinated","new_infections"
"4629",8,0.937262932375912,"20-64","sector_25","unvaccinated","new_infections"
"4630",9,1.09921682405346,"20-64","sector_25","unvaccinated","new_infections"
"4631",10,1.28015291325091,"20-64","sector_25","unvaccinated","new_infections"
"4632",0,0,"20-64","sector_26","unvaccinated","new_infections"
"4633",1,0.383881954384738,"20-64","sector_26","unvaccinated","new_infections"
"4634",2,0.712052063277541,"20-64","sector_26","unvaccinated","new_infections"
"4635",3,1.02738552878459,"20-64","sector_26","unvaccinated","new_infections"
"4636",4,1.35420598812317,"20-64","sector_26","unvaccinated","new_infections"
"4637",5,1.70737198337747,"20-64","sector_26","unvaccinated","new_infections"
"4638",6,2.09705485027031,"20-64","sector_26","unvaccinated","new_infections"
"4639",7,2.53126760301017,"20-64","sector_26","unvaccinated","new_infections"
"4640",8,3.01722203138706,"20-64","sector_26","unvaccinated","new_infections"
"4641",9,3.56207761704453,"20-64","sector_26","unvaccinated","new_infections"
"4642",10,4.17337727128684,"20-64","sector_26","unvaccinated","new_infections"
"4643",0,0,"20-64","sector_27","unvaccinated","new_infections"
"4644",1,0.0545880803541247,"20-64","sector_27","unvaccinated","new_infections"
"4645",2,0.100721654029223,"20-64","sector_27","unvaccinated","new_infections"
"4646",3,0.144258990060163,"20-64","sector_27","unvaccinated","new_infections"
"4647",4,0.188552184069826,"20-64","sector_27","unvaccinated","new_infections"
"4648",5,0.235652492326406,"20-64","sector_27","unvaccinated","new_infections"
"4649",6,0.286951428376199,"20-64","sector_27","unvaccinated","new_infections"
"4650",7,0.343524412835503,"20-64","sector_27","unvaccinated","new_infections"
"4651",8,0.40631763212885,"20-64","sector_27","unvaccinated","new_infections"
"4652",9,0.476252381175075,"20-64","sector_27","unvaccinated","new_infections"
"4653",10,0.554286183610333,"20-64","sector_27","unvaccinated","new_infections"
"4654",0,0,"20-64","sector_28","unvaccinated","new_infections"
"4655",1,0.000874228678288564,"20-64","sector_28","unvaccinated","new_infections"
"4656",2,0.00160114892540517,"20-64","sector_28","unvaccinated","new_infections"
"4657",3,0.00227854693319937,"20-64","sector_28","unvaccinated","new_infections"
"4658",4,0.00296210206597081,"20-64","sector_28","unvaccinated","new_infections"
"4659",5,0.00368559459600302,"20-64","sector_28","unvaccinated","new_infections"
"4660",6,0.00447165514090985,"20-64","sector_28","unvaccinated","new_infections"
"4661",7,0.00533752216697048,"20-64","sector_28","unvaccinated","new_infections"
"4662",8,0.00629816560120898,"20-64","sector_28","unvaccinated","new_infections"
"4663",9,0.00736802317899967,"20-64","sector_28","unvaccinated","new_infections"
"4664",10,0.00856200953145521,"20-64","sector_28","unvaccinated","new_infections"
"4665",0,0,"20-64","sector_29","unvaccinated","new_infections"
"4666",1,0.00511470444291882,"20-64","sector_29","unvaccinated","new_infections"
"4667",2,0.0094412267938211,"20-64","sector_29","unvaccinated","new_infections"
"4668",3,0.013542356150895,"20-64","sector_29","unvaccinated","new_infections"
"4669",4,0.0177385998764801,"20-64","sector_29","unvaccinated","new_infections"
"4670",5,0.0222255389855908,"20-64","sector_29","unvaccinated","new_infections"
"4671",6,0.0271359512688383,"20-64","sector_29","unvaccinated","new_infections"
"4672",7,0.0325729279525862,"20-64","sector_29","unvaccinated","new_infections"
"4673",8,0.03862777109108,"20-64","sector_29","unvaccinated","new_infections"
"4674",9,0.0453899266674319,"20-64","sector_29","unvaccinated","new_infections"
"4675",10,0.0529527751235458,"20-64","sector_29","unvaccinated","new_infections"
"4676",0,0,"20-64","sector_30","unvaccinated","new_infections"
"4677",1,0.0295221839232861,"20-64","sector_30","unvaccinated","new_infections"
"4678",2,0.0546477394758507,"20-64","sector_30","unvaccinated","new_infections"
"4679",3,0.078626097702287,"20-64","sector_30","unvaccinated","new_infections"
"4680",4,0.103303904798308,"20-64","sector_30","unvaccinated","new_infections"
"4681",5,0.129807905804292,"20-64","sector_30","unvaccinated","new_infections"
"4682",6,0.158905303493348,"20-64","sector_30","unvaccinated","new_infections"
"4683",7,0.191195236250464,"20-64","sector_30","unvaccinated","new_infections"
"4684",8,0.227211936779965,"20-64","sector_30","unvaccinated","new_infections"
"4685",9,0.267481844559015,"20-64","sector_30","unvaccinated","new_infections"
"4686",10,0.312556872476906,"20-64","sector_30","unvaccinated","new_infections"
"4687",0,0,"20-64","sector_31","unvaccinated","new_infections"
"4688",1,0.0209161574146661,"20-64","sector_31","unvaccinated","new_infections"
"4689",2,0.0386525537178502,"20-64","sector_31","unvaccinated","new_infections"
"4690",3,0.0554768148789744,"20-64","sector_31","unvaccinated","new_infections"
"4691",4,0.072683391058991,"20-64","sector_31","unvaccinated","new_infections"
"4692",5,0.0910634393147187,"20-64","sector_31","unvaccinated","new_infections"
"4693",6,0.111154237087283,"20-64","sector_31","unvaccinated","new_infections"
"4694",7,0.133372551305232,"20-64","sector_31","unvaccinated","new_infections"
"4695",8,0.158086958867274,"20-64","sector_31","unvaccinated","new_infections"
"4696",9,0.185658120673835,"20-64","sector_31","unvaccinated","new_infections"
"4697",10,0.216462326341429,"20-64","sector_31","unvaccinated","new_infections"
"4698",0,0,"20-64","sector_32","unvaccinated","new_infections"
"4699",1,0.181356553421245,"20-64","sector_32","unvaccinated","new_infections"
"4700",2,0.3325579415468,"20-64","sector_32","unvaccinated","new_infections"
"4701",3,0.474939270754066,"20-64","sector_32","unvaccinated","new_infections"
"4702",4,0.620481726110968,"20-64","sector_32","unvaccinated","new_infections"
"4703",5,0.776365740663402,"20-64","sector_32","unvaccinated","new_infections"
"4704",6,0.947371665066526,"20-64","sector_32","unvaccinated","new_infections"
"4705",7,1.13715161356958,"20-64","sector_32","unvaccinated","new_infections"
"4706",8,1.34891052841136,"20-64","sector_32","unvaccinated","new_infections"
"4707",9,1.58577927369987,"20-64","sector_32","unvaccinated","new_infections"
"4708",10,1.85102839550573,"20-64","sector_32","unvaccinated","new_infections"
"4709",0,0,"20-64","sector_33","unvaccinated","new_infections"
"4710",1,0.0235576479536408,"20-64","sector_33","unvaccinated","new_infections"
"4711",2,0.0434967799328701,"20-64","sector_33","unvaccinated","new_infections"
"4712",3,0.062415358686619,"20-64","sector_33","unvaccinated","new_infections"
"4713",4,0.0817922445415741,"20-64","sector_33","unvaccinated","new_infections"
"4714",5,0.102529720658042,"20-64","sector_33","unvaccinated","new_infections"
"4715",6,0.125240546717773,"20-64","sector_33","unvaccinated","new_infections"
"4716",7,0.150400897311026,"20-64","sector_33","unvaccinated","new_infections"
"4717",8,0.178432965227544,"20-64","sector_33","unvaccinated","new_infections"
"4718",9,0.209750779936905,"20-64","sector_33","unvaccinated","new_infections"
"4719",10,0.244786907258328,"20-64","sector_33","unvaccinated","new_infections"
"4720",0,0,"20-64","sector_34","unvaccinated","new_infections"
"4721",1,0.0140415812289997,"20-64","sector_34","unvaccinated","new_infections"
"4722",2,0.025950596780187,"20-64","sector_34","unvaccinated","new_infections"
"4723",3,0.0372562641608718,"20-64","sector_34","unvaccinated","new_infections"
"4724",4,0.0488296005991308,"20-64","sector_34","unvaccinated","new_infections"
"4725",5,0.0612024584948579,"20-64","sector_34","unvaccinated","new_infections"
"4726",6,0.074736293404604,"20-64","sector_34","unvaccinated","new_infections"
"4727",7,0.0897120905802908,"20-64","sector_34","unvaccinated","new_infections"
"4728",8,0.106378959185465,"20-64","sector_34","unvaccinated","new_infections"
"4729",9,0.124981112087889,"20-64","sector_34","unvaccinated","new_infections"
"4730",10,0.145773608840514,"20-64","sector_34","unvaccinated","new_infections"
"4731",0,0,"20-64","sector_35","unvaccinated","new_infections"
"4732",1,0.0514212774457488,"20-64","sector_35","unvaccinated","new_infections"
"4733",2,0.0947861101072703,"20-64","sector_35","unvaccinated","new_infections"
"4734",3,0.135583823363327,"20-64","sector_35","unvaccinated","new_infections"
"4735",4,0.176961964275092,"20-64","sector_35","unvaccinated","new_infections"
"4736",5,0.220850520333619,"20-64","sector_35","unvaccinated","new_infections"
"4737",6,0.268560281782216,"20-64","sector_35","unvaccinated","new_infections"
"4738",7,0.321103906122797,"20-64","sector_35","unvaccinated","new_infections"
"4739",8,0.379370735297481,"20-64","sector_35","unvaccinated","new_infections"
"4740",9,0.444224580276834,"20-64","sector_35","unvaccinated","new_infections"
"4741",10,0.516561102131017,"20-64","sector_35","unvaccinated","new_infections"
"4742",0,0,"20-64","sector_36","unvaccinated","new_infections"
"4743",1,0.0738865738922567,"20-64","sector_36","unvaccinated","new_infections"
"4744",2,0.135267163323124,"20-64","sector_36","unvaccinated","new_infections"
"4745",3,0.192574268059268,"20-64","sector_36","unvaccinated","new_infections"
"4746",4,0.250577641052864,"20-64","sector_36","unvaccinated","new_infections"
"4747",5,0.312149009580553,"20-64","sector_36","unvaccinated","new_infections"
"4748",6,0.37919865717456,"20-64","sector_36","unvaccinated","new_infections"
"4749",7,0.453175414734533,"20-64","sector_36","unvaccinated","new_infections"
"4750",8,0.535336691487113,"20-64","sector_36","unvaccinated","new_infections"
"4751",9,0.626897689429751,"20-64","sector_36","unvaccinated","new_infections"
"4752",10,0.729117501330722,"20-64","sector_36","unvaccinated","new_infections"
"4753",0,0,"20-64","sector_37","unvaccinated","new_infections"
"4754",1,0.0389488440211529,"20-64","sector_37","unvaccinated","new_infections"
"4755",2,0.072024356305165,"20-64","sector_37","unvaccinated","new_infections"
"4756",3,0.103575887231788,"20-64","sector_37","unvaccinated","new_infections"
"4757",4,0.136074570000944,"20-64","sector_37","unvaccinated","new_infections"
"4758",5,0.171028378388958,"20-64","sector_37","unvaccinated","new_infections"
"4759",6,0.209464910810861,"20-64","sector_37","unvaccinated","new_infections"
"4760",7,0.252187792453037,"20-64","sector_37","unvaccinated","new_infections"
"4761",8,0.299914700474494,"20-64","sector_37","unvaccinated","new_infections"
"4762",9,0.353353699928496,"20-64","sector_37","unvaccinated","new_infections"
"4763",10,0.413247661683836,"20-64","sector_37","unvaccinated","new_infections"
"4764",0,0,"20-64","sector_38","unvaccinated","new_infections"
"4765",1,0.183003234741867,"20-64","sector_38","unvaccinated","new_infections"
"4766",2,0.338469687229212,"20-64","sector_38","unvaccinated","new_infections"
"4767",3,0.486427947316229,"20-64","sector_38","unvaccinated","new_infections"
"4768",4,0.638272420737337,"20-64","sector_38","unvaccinated","new_infections"
"4769",5,0.800956748826378,"20-64","sector_38","unvaccinated","new_infections"
"4770",6,0.979209633853868,"20-64","sector_38","unvaccinated","new_infections"
"4771",7,1.17671399842538,"20-64","sector_38","unvaccinated","new_infections"
"4772",8,1.39674327239577,"20-64","sector_38","unvaccinated","new_infections"
"4773",9,1.64251417732557,"20-64","sector_38","unvaccinated","new_infections"
"4774",10,1.91739238473213,"20-64","sector_38","unvaccinated","new_infections"
"4775",0,0,"20-64","sector_39","unvaccinated","new_infections"
"4776",1,0.201537862617108,"20-64","sector_39","unvaccinated","new_infections"
"4777",2,0.372121448264339,"20-64","sector_39","unvaccinated","new_infections"
"4778",3,0.533475758708983,"20-64","sector_39","unvaccinated","new_infections"
"4779",4,0.698017058188363,"20-64","sector_39","unvaccinated","new_infections"
"4780",5,0.873337385223599,"20-64","sector_39","unvaccinated","new_infections"
"4781",6,1.06458778912242,"20-64","sector_39","unvaccinated","new_infections"
"4782",7,1.27575451073097,"20-64","sector_39","unvaccinated","new_infections"
"4783",8,1.51035207094871,"20-64","sector_39","unvaccinated","new_infections"
"4784",9,1.77180981159667,"20-64","sector_39","unvaccinated","new_infections"
"4785",10,2.06369809219008,"20-64","sector_39","unvaccinated","new_infections"
"4786",0,0,"20-64","sector_40","unvaccinated","new_infections"
"4787",1,0.0980021501078367,"20-64","sector_40","unvaccinated","new_infections"
"4788",2,0.1794297193903,"20-64","sector_40","unvaccinated","new_infections"
"4789",3,0.255497020913505,"20-64","sector_40","unvaccinated","new_infections"
"4790",4,0.332542410142968,"20-64","sector_40","unvaccinated","new_infections"
"4791",5,0.414379303522329,"20-64","sector_40","unvaccinated","new_infections"
"4792",6,0.503543333459605,"20-64","sector_40","unvaccinated","new_infections"
"4793",7,0.601957747212049,"20-64","sector_40","unvaccinated","new_infections"
"4794",8,0.711292516341536,"20-64","sector_40","unvaccinated","new_infections"
"4795",9,0.833162616058739,"20-64","sector_40","unvaccinated","new_infections"
"4796",10,0.969242343413917,"20-64","sector_40","unvaccinated","new_infections"
"4797",0,0,"20-64","sector_41","unvaccinated","new_infections"
"4798",1,0.23108037409436,"20-64","sector_41","unvaccinated","new_infections"
"4799",2,0.42936282372526,"20-64","sector_41","unvaccinated","new_infections"
"4800",3,0.621679057586535,"20-64","sector_41","unvaccinated","new_infections"
"4801",4,0.823260057982505,"20-64","sector_41","unvaccinated","new_infections"
"4802",5,1.04348678634526,"20-64","sector_41","unvaccinated","new_infections"
"4803",6,1.28889487955981,"20-64","sector_41","unvaccinated","new_infections"
"4804",7,1.56475452104862,"20-64","sector_41","unvaccinated","new_infections"
"4805",8,1.87591321771943,"20-64","sector_41","unvaccinated","new_infections"
"4806",9,2.22725933521584,"20-64","sector_41","unvaccinated","new_infections"
"4807",10,2.62399252355249,"20-64","sector_41","unvaccinated","new_infections"
"4808",0,0,"20-64","sector_42","unvaccinated","new_infections"
"4809",1,0.310069165800686,"20-64","sector_42","unvaccinated","new_infections"
"4810",2,0.574775343528607,"20-64","sector_42","unvaccinated","new_infections"
"4811",3,0.828591282341016,"20-64","sector_42","unvaccinated","new_infections"
"4812",4,1.09108182690415,"20-64","sector_42","unvaccinated","new_infections"
"4813",5,1.37419155652289,"20-64","sector_42","unvaccinated","new_infections"
"4814",6,1.68608114667545,"20-64","sector_42","unvaccinated","new_infections"
"4815",7,2.03316039130813,"20-64","sector_42","unvaccinated","new_infections"
"4816",8,2.421180513849,"20-64","sector_42","unvaccinated","new_infections"
"4817",9,2.85583752634244,"20-64","sector_42","unvaccinated","new_infections"
"4818",10,3.34312335109001,"20-64","sector_42","unvaccinated","new_infections"
"4819",0,0,"20-64","sector_43","unvaccinated","new_infections"
"4820",1,0.0733052960098567,"20-64","sector_43","unvaccinated","new_infections"
"4821",2,0.135588318454849,"20-64","sector_43","unvaccinated","new_infections"
"4822",3,0.19484681015999,"20-64","sector_43","unvaccinated","new_infections"
"4823",4,0.255641626812111,"20-64","sector_43","unvaccinated","new_infections"
"4824",5,0.320760426774383,"20-64","sector_43","unvaccinated","new_infections"
"4825",6,0.392099507890375,"20-64","sector_43","unvaccinated","new_infections"
"4826",7,0.471134599763117,"20-64","sector_43","unvaccinated","new_infections"
"4827",8,0.559175725565661,"20-64","sector_43","unvaccinated","new_infections"
"4828",9,0.657508917635856,"20-64","sector_43","unvaccinated","new_infections"
"4829",10,0.767479002179838,"20-64","sector_43","unvaccinated","new_infections"
"4830",0,0,"20-64","sector_44","unvaccinated","new_infections"
"4831",1,0.0531203702562153,"20-64","sector_44","unvaccinated","new_infections"
"4832",2,0.0972675287136358,"20-64","sector_44","unvaccinated","new_infections"
"4833",3,0.138400981110557,"20-64","sector_44","unvaccinated","new_infections"
"4834",4,0.179910544867953,"20-64","sector_44","unvaccinated","new_infections"
"4835",5,0.223849921911802,"20-64","sector_44","unvaccinated","new_infections"
"4836",6,0.271592810195534,"20-64","sector_44","unvaccinated","new_infections"
"4837",7,0.324184222299855,"20-64","sector_44","unvaccinated","new_infections"
"4838",8,0.382530987646638,"20-64","sector_44","unvaccinated","new_infections"
"4839",9,0.447507561315294,"20-64","sector_44","unvaccinated","new_infections"
"4840",10,0.5200174423101,"20-64","sector_44","unvaccinated","new_infections"
"4841",0,0,"20-64","sector_45","unvaccinated","new_infections"
"4842",1,0.00331184799818456,"20-64","sector_45","unvaccinated","new_infections"
"4843",2,0.00610524690291135,"20-64","sector_45","unvaccinated","new_infections"
"4844",3,0.00874042550204391,"20-64","sector_45","unvaccinated","new_infections"
"4845",4,0.0114232017477178,"20-64","sector_45","unvaccinated","new_infections"
"4846",5,0.014279484379415,"20-64","sector_45","unvaccinated","new_infections"
"4847",6,0.0173947900628083,"20-64","sector_45","unvaccinated","new_infections"
"4848",7,0.0208353620991911,"20-64","sector_45","unvaccinated","new_infections"
"4849",8,0.0246596180294121,"20-64","sector_45","unvaccinated","new_infections"
"4850",9,0.0289245239810339,"20-64","sector_45","unvaccinated","new_infections"
"4851",10,0.0336893215011696,"20-64","sector_45","unvaccinated","new_infections"
"4852",0,0,"0-4","sector_00","unvaccinated","new_hosp"
"4853",1,0.00618197898752987,"0-4","sector_00","unvaccinated","new_hosp"
"4854",2,0.0112161434924885,"0-4","sector_00","unvaccinated","new_hosp"
"4855",3,0.0155762517695279,"0-4","sector_00","unvaccinated","new_hosp"
"4856",4,0.0195697298412923,"0-4","sector_00","unvaccinated","new_hosp"
"4857",5,0.0234059588371638,"0-4","sector_00","unvaccinated","new_hosp"
"4858",6,0.027235823681213,"0-4","sector_00","unvaccinated","new_hosp"
"4859",7,0.0311751892987259,"0-4","sector_00","unvaccinated","new_hosp"
"4860",8,0.0353192461362154,"0-4","sector_00","unvaccinated","new_hosp"
"4861",9,0.0397515806061658,"0-4","sector_00","unvaccinated","new_hosp"
"4862",10,0.0445501457020514,"0-4","sector_00","unvaccinated","new_hosp"
"4863",0,0,"5-19","sector_00","unvaccinated","new_hosp"
"4864",1,0.0837724206310496,"5-19","sector_00","unvaccinated","new_hosp"
"4865",2,0.151481828504123,"5-19","sector_00","unvaccinated","new_hosp"
"4866",3,0.212639425351018,"5-19","sector_00","unvaccinated","new_hosp"
"4867",4,0.272681728378409,"5-19","sector_00","unvaccinated","new_hosp"
"4868",5,0.334884922864986,"5-19","sector_00","unvaccinated","new_hosp"
"4869",6,0.401393879449862,"5-19","sector_00","unvaccinated","new_hosp"
"4870",7,0.473779951558073,"5-19","sector_00","unvaccinated","new_hosp"
"4871",8,0.55334739420577,"5-19","sector_00","unvaccinated","new_hosp"
"4872",9,0.641305477922559,"5-19","sector_00","unvaccinated","new_hosp"
"4873",10,0.738868860365784,"5-19","sector_00","unvaccinated","new_hosp"
"4874",0,0,"20-64","sector_00","unvaccinated","new_hosp"
"4875",1,0.0109120970453233,"20-64","sector_00","unvaccinated","new_hosp"
"4876",2,0.0199629179104669,"20-64","sector_00","unvaccinated","new_hosp"
"4877",3,0.0280612435597262,"20-64","sector_00","unvaccinated","new_hosp"
"4878",4,0.0357809992536434,"20-64","sector_00","unvaccinated","new_hosp"
"4879",5,0.0435087603709311,"20-64","sector_00","unvaccinated","new_hosp"
"4880",6,0.0515255612756918,"20-64","sector_00","unvaccinated","new_hosp"
"4881",7,0.0600533061197945,"20-64","sector_00","unvaccinated","new_hosp"
"4882",8,0.0692819359709173,"20-64","sector_00","unvaccinated","new_hosp"
"4883",9,0.079386023584694,"20-64","sector_00","unvaccinated","new_hosp"
"4884",10,0.0905354920599811,"20-64","sector_00","unvaccinated","new_hosp"
"4885",0,0,"65+","sector_00","unvaccinated","new_hosp"
"4886",1,0.247626661042671,"65+","sector_00","unvaccinated","new_hosp"
"4887",2,0.406869457797097,"65+","sector_00","unvaccinated","new_hosp"
"4888",3,0.517630632056472,"65+","sector_00","unvaccinated","new_hosp"
"4889",4,0.602628923154784,"65+","sector_00","unvaccinated","new_hosp"
"4890",5,0.675003929269569,"65+","sector_00","unvaccinated","new_hosp"
"4891",6,0.742545037678954,"65+","sector_00","unvaccinated","new_hosp"
"4892",7,0.810055187093597,"65+","sector_00","unvaccinated","new_hosp"
"4893",8,0.880680120873465,"65+","sector_00","unvaccinated","new_hosp"
"4894",9,0.956661794991749,"65+","sector_00","unvaccinated","new_hosp"
"4895",10,1.03977010242706,"65+","sector_00","unvaccinated","new_hosp"
"4896",0,0,"20-64","sector_01","unvaccinated","new_hosp"
"4897",1,0.000620289056269546,"20-64","sector_01","unvaccinated","new_hosp"
"4898",2,0.00114877289239735,"20-64","sector_01","unvaccinated","new_hosp"
"4899",3,0.00164291139198208,"20-64","sector_01","unvaccinated","new_hosp"
"4900",4,0.00213698739389303,"20-64","sector_01","unvaccinated","new_hosp"
"4901",5,0.00265286695504695,"20-64","sector_01","unvaccinated","new_hosp"
"4902",6,0.00320586513511919,"20-64","sector_01","unvaccinated","new_hosp"
"4903",7,0.00380798592055263,"20-64","sector_01","unvaccinated","new_hosp"
"4904",8,0.00446974780086331,"20-64","sector_01","unvaccinated","new_hosp"
"4905",9,0.00520124514305815,"20-64","sector_01","unvaccinated","new_hosp"
"4906",10,0.0060127962731397,"20-64","sector_01","unvaccinated","new_hosp"
"4907",0,0,"20-64","sector_02","unvaccinated","new_hosp"
"4908",1,2.67131275190628e-05,"20-64","sector_02","unvaccinated","new_hosp"
"4909",2,4.97053009645626e-05,"20-64","sector_02","unvaccinated","new_hosp"
"4910",3,7.15582592721599e-05,"20-64","sector_02","unvaccinated","new_hosp"
"4911",4,9.37938712064699e-05,"20-64","sector_02","unvaccinated","new_hosp"
"4912",5,0.000117373110881601,"20-64","sector_02","unvaccinated","new_hosp"
"4913",6,0.000142966251535589,"20-64","sector_02","unvaccinated","new_hosp"
"4914",7,0.00017110091412896,"20-64","sector_02","unvaccinated","new_hosp"
"4915",8,0.00020224472288587,"20-64","sector_02","unvaccinated","new_hosp"
"4916",9,0.000236852896608802,"20-64","sector_02","unvaccinated","new_hosp"
"4917",10,0.000275397062726398,"20-64","sector_02","unvaccinated","new_hosp"
"4918",0,0,"20-64","sector_03","unvaccinated","new_hosp"
"4919",1,2.6318548216933e-05,"20-64","sector_03","unvaccinated","new_hosp"
"4920",2,4.86120193750706e-05,"20-64","sector_03","unvaccinated","new_hosp"
"4921",3,6.92621692939736e-05,"20-64","sector_03","unvaccinated","new_hosp"
"4922",4,8.97011852263941e-05,"20-64","sector_03","unvaccinated","new_hosp"
"4923",5,0.000110846817181532,"20-64","sector_03","unvaccinated","new_hosp"
"4924",6,0.000133341462322653,"20-64","sector_03","unvaccinated","new_hosp"
"4925",7,0.000157685402469285,"20-64","sector_03","unvaccinated","new_hosp"
"4926",8,0.000184312586823146,"20-64","sector_03","unvaccinated","new_hosp"
"4927",9,0.000213635079320142,"20-64","sector_03","unvaccinated","new_hosp"
"4928",10,0.000246070368105997,"20-64","sector_03","unvaccinated","new_hosp"
"4929",0,0,"20-64","sector_04","unvaccinated","new_hosp"
"4930",1,3.60694605004148e-05,"20-64","sector_04","unvaccinated","new_hosp"
"4931",2,6.74823400324657e-05,"20-64","sector_04","unvaccinated","new_hosp"
"4932",3,9.78294559705162e-05,"20-64","sector_04","unvaccinated","new_hosp"
"4933",4,0.000129149333595702,"20-64","sector_04","unvaccinated","new_hosp"
"4934",5,0.000162682145899601,"20-64","sector_04","unvaccinated","new_hosp"
"4935",6,0.000199271103192633,"20-64","sector_04","unvaccinated","new_hosp"
"4936",7,0.000239577272612587,"20-64","sector_04","unvaccinated","new_hosp"
"4937",8,0.000284195830791342,"20-64","sector_04","unvaccinated","new_hosp"
"4938",9,0.000333720459329073,"20-64","sector_04","unvaccinated","new_hosp"
"4939",10,0.000388780697263171,"20-64","sector_04","unvaccinated","new_hosp"
"4940",0,0,"20-64","sector_05","unvaccinated","new_hosp"
"4941",1,3.91731392133017e-05,"20-64","sector_05","unvaccinated","new_hosp"
"4942",2,7.28103925254931e-05,"20-64","sector_05","unvaccinated","new_hosp"
"4943",3,0.000104654746308455,"20-64","sector_05","unvaccinated","new_hosp"
"4944",4,0.000136913659380895,"20-64","sector_05","unvaccinated","new_hosp"
"4945",5,0.000170981198212686,"20-64","sector_05","unvaccinated","new_hosp"
"4946",6,0.000207829285536821,"20-64","sector_05","unvaccinated","new_hosp"
"4947",7,0.000248222126330472,"20-64","sector_05","unvaccinated","new_hosp"
"4948",8,0.000292835894612888,"20-64","sector_05","unvaccinated","new_hosp"
"4949",9,0.00034232758996832,"20-64","sector_05","unvaccinated","new_hosp"
"4950",10,0.0003973766621011,"20-64","sector_05","unvaccinated","new_hosp"
"4951",0,0,"20-64","sector_06","unvaccinated","new_hosp"
"4952",1,0.000690169618425447,"20-64","sector_06","unvaccinated","new_hosp"
"4953",2,0.00129050396715511,"20-64","sector_06","unvaccinated","new_hosp"
"4954",3,0.00187055266864448,"20-64","sector_06","unvaccinated","new_hosp"
"4955",4,0.00247082836974376,"20-64","sector_06","unvaccinated","new_hosp"
"4956",5,0.00311669100731303,"20-64","sector_06","unvaccinated","new_hosp"
"4957",6,0.00382580597153249,"20-64","sector_06","unvaccinated","new_hosp"
"4958",7,0.00461219119732519,"20-64","sector_06","unvaccinated","new_hosp"
"4959",8,0.00548845153328226,"20-64","sector_06","unvaccinated","new_hosp"
"4960",9,0.00646705032258196,"20-64","sector_06","unvaccinated","new_hosp"
"4961",10,0.00756107176722339,"20-64","sector_06","unvaccinated","new_hosp"
"4962",0,0,"20-64","sector_07","unvaccinated","new_hosp"
"4963",1,0.000168277493617933,"20-64","sector_07","unvaccinated","new_hosp"
"4964",2,0.000314732177812897,"20-64","sector_07","unvaccinated","new_hosp"
"4965",3,0.000456286109152665,"20-64","sector_07","unvaccinated","new_hosp"
"4966",4,0.000602685033266286,"20-64","sector_07","unvaccinated","new_hosp"
"4967",5,0.000759918793910534,"20-64","sector_07","unvaccinated","new_hosp"
"4968",6,0.000932069602018495,"20-64","sector_07","unvaccinated","new_hosp"
"4969",7,0.0011223189687278,"20-64","sector_07","unvaccinated","new_hosp"
"4970",8,0.00133350385392566,"20-64","sector_07","unvaccinated","new_hosp"
"4971",9,0.0015684314984995,"20-64","sector_07","unvaccinated","new_hosp"
"4972",10,0.00183006571337355,"20-64","sector_07","unvaccinated","new_hosp"
"4973",0,0,"20-64","sector_08","unvaccinated","new_hosp"
"4974",1,0.000124261505811225,"20-64","sector_08","unvaccinated","new_hosp"
"4975",2,0.000231065634954829,"20-64","sector_08","unvaccinated","new_hosp"
"4976",3,0.000332201032533265,"20-64","sector_08","unvaccinated","new_hosp"
"4977",4,0.000434504139966091,"20-64","sector_08","unvaccinated","new_hosp"
"4978",5,0.000542213776872979,"20-64","sector_08","unvaccinated","new_hosp"
"4979",6,0.000658239244874842,"20-64","sector_08","unvaccinated","new_hosp"
"4980",7,0.000784848924710443,"20-64","sector_08","unvaccinated","new_hosp"
"4981",8,0.000924049550440879,"20-64","sector_08","unvaccinated","new_hosp"
"4982",9,0.00107780054563822,"20-64","sector_08","unvaccinated","new_hosp"
"4983",10,0.00124814080671596,"20-64","sector_08","unvaccinated","new_hosp"
"4984",0,0,"20-64","sector_09","unvaccinated","new_hosp"
"4985",1,0.00025697923308507,"20-64","sector_09","unvaccinated","new_hosp"
"4986",2,0.000479446778184929,"20-64","sector_09","unvaccinated","new_hosp"
"4987",3,0.000692762211466693,"20-64","sector_09","unvaccinated","new_hosp"
"4988",4,0.000911735951104449,"20-64","sector_09","unvaccinated","new_hosp"
"4989",5,0.00114565474351187,"20-64","sector_09","unvaccinated","new_hosp"
"4990",6,0.00140098615543208,"20-64","sector_09","unvaccinated","new_hosp"
"4991",7,0.00168284877353587,"20-64","sector_09","unvaccinated","new_hosp"
"4992",8,0.00199582519173312,"20-64","sector_09","unvaccinated","new_hosp"
"4993",9,0.0023444251876299,"20-64","sector_09","unvaccinated","new_hosp"
"4994",10,0.00273336342188757,"20-64","sector_09","unvaccinated","new_hosp"
"4995",0,0,"20-64","sector_10","unvaccinated","new_hosp"
"4996",1,1.56910153290223e-05,"20-64","sector_10","unvaccinated","new_hosp"
"4997",2,2.92662088362256e-05,"20-64","sector_10","unvaccinated","new_hosp"
"4998",3,4.22734201695001e-05,"20-64","sector_10","unvaccinated","new_hosp"
"4999",4,5.56193969500656e-05,"20-64","sector_10","unvaccinated","new_hosp"
"5000",5,6.98739420139772e-05,"20-64","sector_10","unvaccinated","new_hosp"
"5001",6,8.54339700602144e-05,"20-64","sector_10","unvaccinated","new_hosp"
"5002",7,0.000102612973833199,"20-64","sector_10","unvaccinated","new_hosp"
"5003",8,0.000121690696871587,"20-64","sector_10","unvaccinated","new_hosp"
"5004",9,0.00014294156582358,"20-64","sector_10","unvaccinated","new_hosp"
"5005",10,0.000166651816217624,"20-64","sector_10","unvaccinated","new_hosp"
"5006",0,0,"20-64","sector_11","unvaccinated","new_hosp"
"5007",1,0.000163027494479536,"20-64","sector_11","unvaccinated","new_hosp"
"5008",2,0.000304323648736708,"20-64","sector_11","unvaccinated","new_hosp"
"5009",3,0.000440020826331288,"20-64","sector_11","unvaccinated","new_hosp"
"5010",4,0.000579458569036108,"20-64","sector_11","unvaccinated","new_hosp"
"5011",5,0.000728403186237301,"20-64","sector_11","unvaccinated","new_hosp"
"5012",6,0.000890792368858443,"20-64","sector_11","unvaccinated","new_hosp"
"5013",7,0.00106968897660793,"20-64","sector_11","unvaccinated","new_hosp"
"5014",8,0.00126781004590189,"20-64","sector_11","unvaccinated","new_hosp"
"5015",9,0.00148782765396718,"20-64","sector_11","unvaccinated","new_hosp"
"5016",10,0.00173254772335471,"20-64","sector_11","unvaccinated","new_hosp"
"5017",0,0,"20-64","sector_12","unvaccinated","new_hosp"
"5018",1,7.60276257808959e-05,"20-64","sector_12","unvaccinated","new_hosp"
"5019",2,0.000142446366130184,"20-64","sector_12","unvaccinated","new_hosp"
"5020",3,0.000206911655763228,"20-64","sector_12","unvaccinated","new_hosp"
"5021",4,0.000273751153138294,"20-64","sector_12","unvaccinated","new_hosp"
"5022",5,0.000345588744101858,"20-64","sector_12","unvaccinated","new_hosp"
"5023",6,0.000424206763352901,"20-64","sector_12","unvaccinated","new_hosp"
"5024",7,0.000511005898650735,"20-64","sector_12","unvaccinated","new_hosp"
"5025",8,0.000607253093480322,"20-64","sector_12","unvaccinated","new_hosp"
"5026",9,0.000714218278741234,"20-64","sector_12","unvaccinated","new_hosp"
"5027",10,0.000833253377061494,"20-64","sector_12","unvaccinated","new_hosp"
"5028",0,0,"20-64","sector_13","unvaccinated","new_hosp"
"5029",1,0.000268108402121924,"20-64","sector_13","unvaccinated","new_hosp"
"5030",2,0.000499822199328027,"20-64","sector_13","unvaccinated","new_hosp"
"5031",3,0.000721424317309671,"20-64","sector_13","unvaccinated","new_hosp"
"5032",4,0.000948292433618517,"20-64","sector_13","unvaccinated","new_hosp"
"5033",5,0.00119008050905154,"20-64","sector_13","unvaccinated","new_hosp"
"5034",6,0.00145351118830623,"20-64","sector_13","unvaccinated","new_hosp"
"5035",7,0.00174389633055095,"20-64","sector_13","unvaccinated","new_hosp"
"5036",8,0.00206597941668894,"20-64","sector_13","unvaccinated","new_hosp"
"5037",9,0.00242441640633246,"20-64","sector_13","unvaccinated","new_hosp"
"5038",10,0.00282406447633767,"20-64","sector_13","unvaccinated","new_hosp"
"5039",0,0,"20-64","sector_14","unvaccinated","new_hosp"
"5040",1,0.000150989189240198,"20-64","sector_14","unvaccinated","new_hosp"
"5041",2,0.000281728459651295,"20-64","sector_14","unvaccinated","new_hosp"
"5042",3,0.000407161825816229,"20-64","sector_14","unvaccinated","new_hosp"
"5043",4,0.000536035483353084,"20-64","sector_14","unvaccinated","new_hosp"
"5044",5,0.000673841814775577,"20-64","sector_14","unvaccinated","new_hosp"
"5045",6,0.000824406364794978,"20-64","sector_14","unvaccinated","new_hosp"
"5046",7,0.000990752607231437,"20-64","sector_14","unvaccinated","new_hosp"
"5047",8,0.00117558164767215,"20-64","sector_14","unvaccinated","new_hosp"
"5048",9,0.00138154654776353,"20-64","sector_14","unvaccinated","new_hosp"
"5049",10,0.00161141743248107,"20-64","sector_14","unvaccinated","new_hosp"
"5050",0,0,"20-64","sector_15","unvaccinated","new_hosp"
"5051",1,0.00010730702912735,"20-64","sector_15","unvaccinated","new_hosp"
"5052",2,0.000200356063605347,"20-64","sector_15","unvaccinated","new_hosp"
"5053",3,0.00028978594936858,"20-64","sector_15","unvaccinated","new_hosp"
"5054",4,0.000381751887268098,"20-64","sector_15","unvaccinated","new_hosp"
"5055",5,0.000480051963522419,"20-64","sector_15","unvaccinated","new_hosp"
"5056",6,0.000587279085742804,"20-64","sector_15","unvaccinated","new_hosp"
"5057",7,0.000705450490422098,"20-64","sector_15","unvaccinated","new_hosp"
"5058",8,0.000836356717496379,"20-64","sector_15","unvaccinated","new_hosp"
"5059",9,0.000981759971792207,"20-64","sector_15","unvaccinated","new_hosp"
"5060",10,0.00114351194605381,"20-64","sector_15","unvaccinated","new_hosp"
"5061",0,0,"20-64","sector_16","unvaccinated","new_hosp"
"5062",1,0.000504754677133055,"20-64","sector_16","unvaccinated","new_hosp"
"5063",2,0.000941857007883227,"20-64","sector_16","unvaccinated","new_hosp"
"5064",3,0.00136052340946518,"20-64","sector_16","unvaccinated","new_hosp"
"5065",4,0.00178893303161864,"20-64","sector_16","unvaccinated","new_hosp"
"5066",5,0.00224435459820358,"20-64","sector_16","unvaccinated","new_hosp"
"5067",6,0.00273856488431105,"20-64","sector_16","unvaccinated","new_hosp"
"5068",7,0.00328076665200229,"20-64","sector_16","unvaccinated","new_hosp"
"5069",8,0.00387917947728897,"20-64","sector_16","unvaccinated","new_hosp"
"5070",9,0.00454192824516448,"20-64","sector_16","unvaccinated","new_hosp"
"5071",10,0.00527756254852952,"20-64","sector_16","unvaccinated","new_hosp"
"5072",0,0,"20-64","sector_17","unvaccinated","new_hosp"
"5073",1,0.000187921775445597,"20-64","sector_17","unvaccinated","new_hosp"
"5074",2,0.000351141669340727,"20-64","sector_17","unvaccinated","new_hosp"
"5075",3,0.000508447398715095,"20-64","sector_17","unvaccinated","new_hosp"
"5076",4,0.000670775174440137,"20-64","sector_17","unvaccinated","new_hosp"
"5077",5,0.000844969217702623,"20-64","sector_17","unvaccinated","new_hosp"
"5078",6,0.00103579931452714,"20-64","sector_17","unvaccinated","new_hosp"
"5079",7,0.00124705399113915,"20-64","sector_17","unvaccinated","new_hosp"
"5080",8,0.00148214281199766,"20-64","sector_17","unvaccinated","new_hosp"
"5081",9,0.00174443828072267,"20-64","sector_17","unvaccinated","new_hosp"
"5082",10,0.00203748026857602,"20-64","sector_17","unvaccinated","new_hosp"
"5083",0,0,"20-64","sector_18","unvaccinated","new_hosp"
"5084",1,0.000130705814811209,"20-64","sector_18","unvaccinated","new_hosp"
"5085",2,0.000244917086010535,"20-64","sector_18","unvaccinated","new_hosp"
"5086",3,0.000356043765891794,"20-64","sector_18","unvaccinated","new_hosp"
"5087",4,0.000471864900639725,"20-64","sector_18","unvaccinated","new_hosp"
"5088",5,0.000597238684463578,"20-64","sector_18","unvaccinated","new_hosp"
"5089",6,0.000735553041520462,"20-64","sector_18","unvaccinated","new_hosp"
"5090",7,0.000889509489557311,"20-64","sector_18","unvaccinated","new_hosp"
"5091",8,0.00106155390419952,"20-64","sector_18","unvaccinated","new_hosp"
"5092",9,0.00125412054928357,"20-64","sector_18","unvaccinated","new_hosp"
"5093",10,0.00146977789134605,"20-64","sector_18","unvaccinated","new_hosp"
"5094",0,0,"20-64","sector_19","unvaccinated","new_hosp"
"5095",1,0.000304262565959993,"20-64","sector_19","unvaccinated","new_hosp"
"5096",2,0.000569470654771713,"20-64","sector_19","unvaccinated","new_hosp"
"5097",3,0.000826401330354554,"20-64","sector_19","unvaccinated","new_hosp"
"5098",4,0.00109274813448039,"20-64","sector_19","unvaccinated","new_hosp"
"5099",5,0.00137936961175172,"20-64","sector_19","unvaccinated","new_hosp"
"5100",6,0.00169366229762597,"20-64","sector_19","unvaccinated","new_hosp"
"5101",7,0.00204139596811809,"20-64","sector_19","unvaccinated","new_hosp"
"5102",8,0.00242772575347139,"20-64","sector_19","unvaccinated","new_hosp"
"5103",9,0.00285776414857295,"20-64","sector_19","unvaccinated","new_hosp"
"5104",10,0.00333691897202623,"20-64","sector_19","unvaccinated","new_hosp"
"5105",0,0,"20-64","sector_20","unvaccinated","new_hosp"
"5106",1,0.000260792545630994,"20-64","sector_20","unvaccinated","new_hosp"
"5107",2,0.00048858908963705,"20-64","sector_20","unvaccinated","new_hosp"
"5108",3,0.000709634687900192,"20-64","sector_20","unvaccinated","new_hosp"
"5109",4,0.000938768834847997,"20-64","sector_20","unvaccinated","new_hosp"
"5110",5,0.00118499023520193,"20-64","sector_20","unvaccinated","new_hosp"
"5111",6,0.00145441167742337,"20-64","sector_20","unvaccinated","new_hosp"
"5112",7,0.00175183640968826,"20-64","sector_20","unvaccinated","new_hosp"
"5113",8,0.00208160802111407,"20-64","sector_20","unvaccinated","new_hosp"
"5114",9,0.0024480792955799,"20-64","sector_20","unvaccinated","new_hosp"
"5115",10,0.00285588316851301,"20-64","sector_20","unvaccinated","new_hosp"
"5116",0,0,"20-64","sector_21","unvaccinated","new_hosp"
"5117",1,0.00021738605754365,"20-64","sector_21","unvaccinated","new_hosp"
"5118",2,0.000404571573111058,"20-64","sector_21","unvaccinated","new_hosp"
"5119",3,0.000582558091520585,"20-64","sector_21","unvaccinated","new_hosp"
"5120",4,0.000763686896801847,"20-64","sector_21","unvaccinated","new_hosp"
"5121",5,0.000955729977444204,"20-64","sector_21","unvaccinated","new_hosp"
"5122",6,0.001164101464418,"20-64","sector_21","unvaccinated","new_hosp"
"5123",7,0.00139306625820899,"20-64","sector_21","unvaccinated","new_hosp"
"5124",8,0.00164641246568045,"20-64","sector_21","unvaccinated","new_hosp"
"5125",9,0.00192783692004958,"20-64","sector_21","unvaccinated","new_hosp"
"5126",10,0.00224117752136617,"20-64","sector_21","unvaccinated","new_hosp"
"5127",0,0,"20-64","sector_22","unvaccinated","new_hosp"
"5128",1,0.000496473422366137,"20-64","sector_22","unvaccinated","new_hosp"
"5129",2,0.000929292584073472,"20-64","sector_22","unvaccinated","new_hosp"
"5130",3,0.001348932258346,"20-64","sector_22","unvaccinated","new_hosp"
"5131",4,0.00178473201134865,"20-64","sector_22","unvaccinated","new_hosp"
"5132",5,0.00225503472923209,"20-64","sector_22","unvaccinated","new_hosp"
"5133",6,0.00277262320040496,"20-64","sector_22","unvaccinated","new_hosp"
"5134",7,0.00334766415735234,"20-64","sector_22","unvaccinated","new_hosp"
"5135",8,0.00398932993410497,"20-64","sector_22","unvaccinated","new_hosp"
"5136",9,0.00470671924797423,"20-64","sector_22","unvaccinated","new_hosp"
"5137",10,0.00550940829708075,"20-64","sector_22","unvaccinated","new_hosp"
"5138",0,0,"20-64","sector_23","unvaccinated","new_hosp"
"5139",1,0.000234698743696302,"20-64","sector_23","unvaccinated","new_hosp"
"5140",2,0.000439317358330865,"20-64","sector_23","unvaccinated","new_hosp"
"5141",3,0.000637616603154237,"20-64","sector_23","unvaccinated","new_hosp"
"5142",4,0.000843252923927615,"20-64","sector_23","unvaccinated","new_hosp"
"5143",5,0.0010646055563443,"20-64","sector_23","unvaccinated","new_hosp"
"5144",6,0.00130738182869518,"20-64","sector_23","unvaccinated","new_hosp"
"5145",7,0.00157603444889532,"20-64","sector_23","unvaccinated","new_hosp"
"5146",8,0.0018745429468142,"20-64","sector_23","unvaccinated","new_hosp"
"5147",9,0.00220685521304238,"20-64","sector_23","unvaccinated","new_hosp"
"5148",10,0.00257714831644661,"20-64","sector_23","unvaccinated","new_hosp"
"5149",0,0,"20-64","sector_24","unvaccinated","new_hosp"
"5150",1,0.000305649830405086,"20-64","sector_24","unvaccinated","new_hosp"
"5151",2,0.000572387638287363,"20-64","sector_24","unvaccinated","new_hosp"
"5152",3,0.00083087140804815,"20-64","sector_24","unvaccinated","new_hosp"
"5153",4,0.00109845662528511,"20-64","sector_24","unvaccinated","new_hosp"
"5154",5,0.00138567765355856,"20-64","sector_24","unvaccinated","new_hosp"
"5155",6,0.001699692075876,"20-64","sector_24","unvaccinated","new_hosp"
"5156",7,0.00204611997954355,"20-64","sector_24","unvaccinated","new_hosp"
"5157",8,0.00243003671017479,"20-64","sector_24","unvaccinated","new_hosp"
"5158",9,0.00285652121848445,"20-64","sector_24","unvaccinated","new_hosp"
"5159",10,0.003330973305404,"20-64","sector_24","unvaccinated","new_hosp"
"5160",0,0,"20-64","sector_25","unvaccinated","new_hosp"
"5161",1,0.00369471949909852,"20-64","sector_25","unvaccinated","new_hosp"
"5162",2,0.0068494903037454,"20-64","sector_25","unvaccinated","new_hosp"
"5163",3,0.00980954704128796,"20-64","sector_25","unvaccinated","new_hosp"
"5164",4,0.0127801582961114,"20-64","sector_25","unvaccinated","new_hosp"
"5165",5,0.0158918464914023,"20-64","sector_25","unvaccinated","new_hosp"
"5166",6,0.0192358817634157,"20-64","sector_25","unvaccinated","new_hosp"
"5167",7,0.0228838441500228,"20-64","sector_25","unvaccinated","new_hosp"
"5168",8,0.0268986165802171,"20-64","sector_25","unvaccinated","new_hosp"
"5169",9,0.0313407565282392,"20-64","sector_25","unvaccinated","new_hosp"
"5170",10,0.0362723748109662,"20-64","sector_25","unvaccinated","new_hosp"
"5171",0,0,"20-64","sector_26","unvaccinated","new_hosp"
"5172",1,0.00771806692775081,"20-64","sector_26","unvaccinated","new_hosp"
"5173",2,0.014623382756771,"20-64","sector_26","unvaccinated","new_hosp"
"5174",3,0.0215843859594735,"20-64","sector_26","unvaccinated","new_hosp"
"5175",4,0.0290986399476778,"20-64","sector_26","unvaccinated","new_hosp"
"5176",5,0.0374773651204295,"20-64","sector_26","unvaccinated","new_hosp"
"5177",6,0.0469423568987985,"20-64","sector_26","unvaccinated","new_hosp"
"5178",7,0.0576772544814065,"20-64","sector_26","unvaccinated","new_hosp"
"5179",8,0.0698550953103797,"20-64","sector_26","unvaccinated","new_hosp"
"5180",9,0.0836536241237455,"20-64","sector_26","unvaccinated","new_hosp"
"5181",10,0.0992643553549445,"20-64","sector_26","unvaccinated","new_hosp"
"5182",0,0,"20-64","sector_27","unvaccinated","new_hosp"
"5183",1,0.00125639722871244,"20-64","sector_27","unvaccinated","new_hosp"
"5184",2,0.00235974154506795,"20-64","sector_27","unvaccinated","new_hosp"
"5185",3,0.00344083094866201,"20-64","sector_27","unvaccinated","new_hosp"
"5186",4,0.00457427590792609,"20-64","sector_27","unvaccinated","new_hosp"
"5187",5,0.00580559670611948,"20-64","sector_27","unvaccinated","new_hosp"
"5188",6,0.00716577497795664,"20-64","sector_27","unvaccinated","new_hosp"
"5189",7,0.00867912166917432,"20-64","sector_27","unvaccinated","new_hosp"
"5190",8,0.0103675847158052,"20-64","sector_27","unvaccinated","new_hosp"
"5191",9,0.0122531650188425,"20-64","sector_27","unvaccinated","new_hosp"
"5192",10,0.0143593345743201,"20-64","sector_27","unvaccinated","new_hosp"
"5193",0,0,"20-64","sector_28","unvaccinated","new_hosp"
"5194",1,2.36784102311469e-05,"20-64","sector_28","unvaccinated","new_hosp"
"5195",2,4.40663625447814e-05,"20-64","sector_28","unvaccinated","new_hosp"
"5196",3,6.34248399066572e-05,"20-64","sector_28","unvaccinated","new_hosp"
"5197",4,8.30608566572181e-05,"20-64","sector_28","unvaccinated","new_hosp"
"5198",5,0.000103782394900013,"20-64","sector_28","unvaccinated","new_hosp"
"5199",6,0.000126143042195563,"20-64","sector_28","unvaccinated","new_hosp"
"5200",7,0.000150574569615942,"20-64","sector_28","unvaccinated","new_hosp"
"5201",8,0.00017745977447832,"20-64","sector_28","unvaccinated","new_hosp"
"5202",9,0.000207173526776552,"20-64","sector_28","unvaccinated","new_hosp"
"5203",10,0.000240106977144022,"20-64","sector_28","unvaccinated","new_hosp"
"5204",0,0,"20-64","sector_29","unvaccinated","new_hosp"
"5205",1,0.000125038638928995,"20-64","sector_29","unvaccinated","new_hosp"
"5206",2,0.000234018297728349,"20-64","sector_29","unvaccinated","new_hosp"
"5207",3,0.000339612577098514,"20-64","sector_29","unvaccinated","new_hosp"
"5208",4,0.00044917600378208,"20-64","sector_29","unvaccinated","new_hosp"
"5209",5,0.000567304619740833,"20-64","sector_29","unvaccinated","new_hosp"
"5210",6,0.00069720603111319,"20-64","sector_29","unvaccinated","new_hosp"
"5211",7,0.000841439182270319,"20-64","sector_29","unvaccinated","new_hosp"
"5212",8,0.00100232040711819,"20-64","sector_29","unvaccinated","new_hosp"
"5213",9,0.00118215309230339,"20-64","sector_29","unvaccinated","new_hosp"
"5214",10,0.00138336465039529,"20-64","sector_29","unvaccinated","new_hosp"
"5215",0,0,"20-64","sector_30","unvaccinated","new_hosp"
"5216",1,0.000652335192527914,"20-64","sector_30","unvaccinated","new_hosp"
"5217",2,0.00122832460529455,"20-64","sector_30","unvaccinated","new_hosp"
"5218",3,0.00179769151508659,"20-64","sector_30","unvaccinated","new_hosp"
"5219",4,0.00240058778338042,"20-64","sector_30","unvaccinated","new_hosp"
"5220",5,0.00306203687199311,"20-64","sector_30","unvaccinated","new_hosp"
"5221",6,0.0037996007248845,"20-64","sector_30","unvaccinated","new_hosp"
"5222",7,0.00462748360273207,"20-64","sector_30","unvaccinated","new_hosp"
"5223",8,0.00555876438865636,"20-64","sector_30","unvaccinated","new_hosp"
"5224",9,0.00660664925363694,"20-64","sector_30","unvaccinated","new_hosp"
"5225",10,0.00778521579513306,"20-64","sector_30","unvaccinated","new_hosp"
"5226",0,0,"20-64","sector_31","unvaccinated","new_hosp"
"5227",1,0.000435437112968831,"20-64","sector_31","unvaccinated","new_hosp"
"5228",2,0.000823046241018332,"20-64","sector_31","unvaccinated","new_hosp"
"5229",3,0.00121057046146525,"20-64","sector_31","unvaccinated","new_hosp"
"5230",4,0.0016249661235966,"20-64","sector_31","unvaccinated","new_hosp"
"5231",5,0.00208260252104284,"20-64","sector_31","unvaccinated","new_hosp"
"5232",6,0.00259468599659405,"20-64","sector_31","unvaccinated","new_hosp"
"5233",7,0.00317015961867445,"20-64","sector_31","unvaccinated","new_hosp"
"5234",8,0.00381727098552235,"20-64","sector_31","unvaccinated","new_hosp"
"5235",9,0.00454444083188414,"20-64","sector_31","unvaccinated","new_hosp"
"5236",10,0.00536076850387247,"20-64","sector_31","unvaccinated","new_hosp"
"5237",0,0,"20-64","sector_32","unvaccinated","new_hosp"
"5238",1,0.00352237057273628,"20-64","sector_32","unvaccinated","new_hosp"
"5239",2,0.00668870140340124,"20-64","sector_32","unvaccinated","new_hosp"
"5240",3,0.00989269317143076,"20-64","sector_32","unvaccinated","new_hosp"
"5241",4,0.0133513558831463,"20-64","sector_32","unvaccinated","new_hosp"
"5242",5,0.017194888149841,"20-64","sector_32","unvaccinated","new_hosp"
"5243",6,0.0215131963268166,"20-64","sector_32","unvaccinated","new_hosp"
"5244",7,0.0263799826387183,"20-64","sector_32","unvaccinated","new_hosp"
"5245",8,0.031865308408773,"20-64","sector_32","unvaccinated","new_hosp"
"5246",9,0.0380423012249677,"20-64","sector_32","unvaccinated","new_hosp"
"5247",10,0.0449909427208192,"20-64","sector_32","unvaccinated","new_hosp"
"5248",0,0,"20-64","sector_33","unvaccinated","new_hosp"
"5249",1,0.000565616100104902,"20-64","sector_33","unvaccinated","new_hosp"
"5250",2,0.00105968862747818,"20-64","sector_33","unvaccinated","new_hosp"
"5251",3,0.00154005476718153,"20-64","sector_33","unvaccinated","new_hosp"
"5252",4,0.00204021829692744,"20-64","sector_33","unvaccinated","new_hosp"
"5253",5,0.00258110388345477,"20-64","sector_33","unvaccinated","new_hosp"
"5254",6,0.00317733406948332,"20-64","sector_33","unvaccinated","new_hosp"
"5255",7,0.00384061109739256,"20-64","sector_33","unvaccinated","new_hosp"
"5256",8,0.00458156871960994,"20-64","sector_33","unvaccinated","new_hosp"
"5257",9,0.00541081724713447,"20-64","sector_33","unvaccinated","new_hosp"
"5258",10,0.00633956593505657,"20-64","sector_33","unvaccinated","new_hosp"
"5259",0,0,"20-64","sector_34","unvaccinated","new_hosp"
"5260",1,0.00034273741347556,"20-64","sector_34","unvaccinated","new_hosp"
"5261",2,0.000641523074436632,"20-64","sector_34","unvaccinated","new_hosp"
"5262",3,0.000931198064832408,"20-64","sector_34","unvaccinated","new_hosp"
"5263",4,0.00123201504525077,"20-64","sector_34","unvaccinated","new_hosp"
"5264",5,0.00155663601657386,"20-64","sector_34","unvaccinated","new_hosp"
"5265",6,0.00191388481228348,"20-64","sector_34","unvaccinated","new_hosp"
"5266",7,0.00231077921703519,"20-64","sector_34","unvaccinated","new_hosp"
"5267",8,0.00275365034438688,"20-64","sector_34","unvaccinated","new_hosp"
"5268",9,0.00324877824066114,"20-64","sector_34","unvaccinated","new_hosp"
"5269",10,0.00380277230846358,"20-64","sector_34","unvaccinated","new_hosp"
"5270",0,0,"20-64","sector_35","unvaccinated","new_hosp"
"5271",1,0.00131200209816041,"20-64","sector_35","unvaccinated","new_hosp"
"5272",2,0.0024496177752429,"20-64","sector_35","unvaccinated","new_hosp"
"5273",3,0.00354289787381314,"20-64","sector_35","unvaccinated","new_hosp"
"5274",4,0.00466708959309798,"20-64","sector_35","unvaccinated","new_hosp"
"5275",5,0.00586862725949479,"20-64","sector_35","unvaccinated","new_hosp"
"5276",6,0.00717921194743184,"20-64","sector_35","unvaccinated","new_hosp"
"5277",7,0.00862350601659905,"20-64","sector_35","unvaccinated","new_hosp"
"5278",8,0.0102233988912992,"20-64","sector_35","unvaccinated","new_hosp"
"5279",9,0.0120004319262117,"20-64","sector_35","unvaccinated","new_hosp"
"5280",10,0.0139772388138488,"20-64","sector_35","unvaccinated","new_hosp"
"5281",0,0,"20-64","sector_36","unvaccinated","new_hosp"
"5282",1,0.00169399138170541,"20-64","sector_36","unvaccinated","new_hosp"
"5283",2,0.00318203766996357,"20-64","sector_36","unvaccinated","new_hosp"
"5284",3,0.0046381752420132,"20-64","sector_36","unvaccinated","new_hosp"
"5285",4,0.00616012587408018,"20-64","sector_36","unvaccinated","new_hosp"
"5286",5,0.00780684745396101,"20-64","sector_36","unvaccinated","new_hosp"
"5287",6,0.00961837330401168,"20-64","sector_36","unvaccinated","new_hosp"
"5288",7,0.0116263323933573,"20-64","sector_36","unvaccinated","new_hosp"
"5289",8,0.0138595816395309,"20-64","sector_36","unvaccinated","new_hosp"
"5290",9,0.0163472900826738,"20-64","sector_36","unvaccinated","new_hosp"
"5291",10,0.0191207099494469,"20-64","sector_36","unvaccinated","new_hosp"
"5292",0,0,"20-64","sector_37","unvaccinated","new_hosp"
"5293",1,0.000861682110843101,"20-64","sector_37","unvaccinated","new_hosp"
"5294",2,0.00162237047665841,"20-64","sector_37","unvaccinated","new_hosp"
"5295",3,0.00237393664374513,"20-64","sector_37","unvaccinated","new_hosp"
"5296",4,0.00316927155224568,"20-64","sector_37","unvaccinated","new_hosp"
"5297",5,0.0040414243378766,"20-64","sector_37","unvaccinated","new_hosp"
"5298",6,0.00501372790846312,"20-64","sector_37","unvaccinated","new_hosp"
"5299",7,0.00610519768871736,"20-64","sector_37","unvaccinated","new_hosp"
"5300",8,0.00733345599413235,"20-64","sector_37","unvaccinated","new_hosp"
"5301",9,0.00871636682566496,"20-64","sector_37","unvaccinated","new_hosp"
"5302",10,0.010273004986735,"20-64","sector_37","unvaccinated","new_hosp"
"5303",0,0,"20-64","sector_38","unvaccinated","new_hosp"
"5304",1,0.00424118637029069,"20-64","sector_38","unvaccinated","new_hosp"
"5305",2,0.00796264657259996,"20-64","sector_38","unvaccinated","new_hosp"
"5306",3,0.0116067081560468,"20-64","sector_38","unvaccinated","new_hosp"
"5307",4,0.0154291229829167,"20-64","sector_38","unvaccinated","new_hosp"
"5308",5,0.0195893948207297,"20-64","sector_38","unvaccinated","new_hosp"
"5309",6,0.024198968838545,"20-64","sector_38","unvaccinated","new_hosp"
"5310",7,0.0293471730559718,"20-64","sector_38","unvaccinated","new_hosp"
"5311",8,0.0351154151094932,"20-64","sector_38","unvaccinated","new_hosp"
"5312",9,0.0415851930088931,"20-64","sector_38","unvaccinated","new_hosp"
"5313",10,0.0488428691094054,"20-64","sector_38","unvaccinated","new_hosp"
"5314",0,0,"20-64","sector_39","unvaccinated","new_hosp"
"5315",1,0.00441171923883676,"20-64","sector_39","unvaccinated","new_hosp"
"5316",2,0.00831174265718774,"20-64","sector_39","unvaccinated","new_hosp"
"5317",3,0.0121711604556845,"20-64","sector_39","unvaccinated","new_hosp"
"5318",4,0.0162571884402112,"20-64","sector_39","unvaccinated","new_hosp"
"5319",5,0.0207323277152552,"20-64","sector_39","unvaccinated","new_hosp"
"5320",6,0.0257073634279072,"20-64","sector_39","unvaccinated","new_hosp"
"5321",7,0.0312698621340864,"20-64","sector_39","unvaccinated","new_hosp"
"5322",8,0.037499677228248,"20-64","sector_39","unvaccinated","new_hosp"
"5323",9,0.0444775910967808,"20-64","sector_39","unvaccinated","new_hosp"
"5324",10,0.0522903639684135,"20-64","sector_39","unvaccinated","new_hosp"
"5325",0,0,"20-64","sector_40","unvaccinated","new_hosp"
"5326",1,0.00220865920675912,"20-64","sector_40","unvaccinated","new_hosp"
"5327",2,0.00415313949700034,"20-64","sector_40","unvaccinated","new_hosp"
"5328",3,0.00606221364773613,"20-64","sector_40","unvaccinated","new_hosp"
"5329",4,0.00806401991868684,"20-64","sector_40","unvaccinated","new_hosp"
"5330",5,0.0102357427877767,"20-64","sector_40","unvaccinated","new_hosp"
"5331",6,0.0126298087533547,"20-64","sector_40","unvaccinated","new_hosp"
"5332",7,0.0152877443822698,"20-64","sector_40","unvaccinated","new_hosp"
"5333",8,0.0182475756105511,"20-64","sector_40","unvaccinated","new_hosp"
"5334",9,0.0215478681528334,"20-64","sector_40","unvaccinated","new_hosp"
"5335",10,0.0252300423979022,"20-64","sector_40","unvaccinated","new_hosp"
"5336",0,0,"20-64","sector_41","unvaccinated","new_hosp"
"5337",1,0.00430722004092364,"20-64","sector_41","unvaccinated","new_hosp"
"5338",2,0.00820496964951863,"20-64","sector_41","unvaccinated","new_hosp"
"5339",3,0.0121995440533563,"20-64","sector_41","unvaccinated","new_hosp"
"5340",4,0.0165820534798066,"20-64","sector_41","unvaccinated","new_hosp"
"5341",5,0.0215383768453435,"20-64","sector_41","unvaccinated","new_hosp"
"5342",6,0.0272060751640014,"20-64","sector_41","unvaccinated","new_hosp"
"5343",7,0.0337040527149403,"20-64","sector_41","unvaccinated","new_hosp"
"5344",8,0.0411482933443278,"20-64","sector_41","unvaccinated","new_hosp"
"5345",9,0.0496605501778834,"20-64","sector_41","unvaccinated","new_hosp"
"5346",10,0.0593735336687083,"20-64","sector_41","unvaccinated","new_hosp"
"5347",0,0,"20-64","sector_42","unvaccinated","new_hosp"
"5348",1,0.00640226366077001,"20-64","sector_42","unvaccinated","new_hosp"
"5349",2,0.0121084269906138,"20-64","sector_42","unvaccinated","new_hosp"
"5350",3,0.0178282318912535,"20-64","sector_42","unvaccinated","new_hosp"
"5351",4,0.023968735631635,"20-64","sector_42","unvaccinated","new_hosp"
"5352",5,0.0307841015052658,"20-64","sector_42","unvaccinated","new_hosp"
"5353",6,0.0384545147744675,"20-64","sector_42","unvaccinated","new_hosp"
"5354",7,0.0471280701840299,"20-64","sector_42","unvaccinated","new_hosp"
"5355",8,0.0569433606423264,"20-64","sector_42","unvaccinated","new_hosp"
"5356",9,0.0680420604411198,"20-64","sector_42","unvaccinated","new_hosp"
"5357",10,0.0805763780822834,"20-64","sector_42","unvaccinated","new_hosp"
"5358",0,0,"20-64","sector_43","unvaccinated","new_hosp"
"5359",1,0.00145818235570876,"20-64","sector_43","unvaccinated","new_hosp"
"5360",2,0.00276472820171494,"20-64","sector_43","unvaccinated","new_hosp"
"5361",3,0.00408355002995927,"20-64","sector_43","unvaccinated","new_hosp"
"5362",4,0.00550689696043485,"20-64","sector_43","unvaccinated","new_hosp"
"5363",5,0.00709081283690636,"20-64","sector_43","unvaccinated","new_hosp"
"5364",6,0.00887390176775447,"20-64","sector_43","unvaccinated","new_hosp"
"5365",7,0.0108873055850163,"20-64","sector_43","unvaccinated","new_hosp"
"5366",8,0.013160067585863,"20-64","sector_43","unvaccinated","new_hosp"
"5367",9,0.0157220889088471,"20-64","sector_43","unvaccinated","new_hosp"
"5368",10,0.0186058443728348,"20-64","sector_43","unvaccinated","new_hosp"
"5369",0,0,"20-64","sector_44","unvaccinated","new_hosp"
"5370",1,0.00139519779677849,"20-64","sector_44","unvaccinated","new_hosp"
"5371",2,0.0026006857664471,"20-64","sector_44","unvaccinated","new_hosp"
"5372",3,0.00375138933123785,"20-64","sector_44","unvaccinated","new_hosp"
"5373",4,0.00492484310732229,"20-64","sector_44","unvaccinated","new_hosp"
"5374",5,0.0061687173038467,"20-64","sector_44","unvaccinated","new_hosp"
"5375",6,0.00751557506115721,"20-64","sector_44","unvaccinated","new_hosp"
"5376",7,0.00899083922220574,"20-64","sector_44","unvaccinated","new_hosp"
"5377",8,0.0106171488264323,"20-64","sector_44","unvaccinated","new_hosp"
"5378",9,0.012416800591732,"20-64","sector_44","unvaccinated","new_hosp"
"5379",10,0.0144131809517507,"20-64","sector_44","unvaccinated","new_hosp"
"5380",0,0,"20-64","sector_45","unvaccinated","new_hosp"
"5381",1,9.33472211118764e-05,"20-64","sector_45","unvaccinated","new_hosp"
"5382",2,0.000173384691380946,"20-64","sector_45","unvaccinated","new_hosp"
"5383",3,0.000248979751332166,"20-64","sector_45","unvaccinated","new_hosp"
"5384",4,0.000325372569013724,"20-64","sector_45","unvaccinated","new_hosp"
"5385",5,0.000405877882072011,"20-64","sector_45","unvaccinated","new_hosp"
"5386",6,0.000492808085680489,"20-64","sector_45","unvaccinated","new_hosp"
"5387",7,0.000587979880994086,"20-64","sector_45","unvaccinated","new_hosp"
"5388",8,0.000692997565724447,"20-64","sector_45","unvaccinated","new_hosp"
"5389",9,0.000809416321446351,"20-64","sector_45","unvaccinated","new_hosp"
"5390",10,0.000938841092961351,"20-64","sector_45","unvaccinated","new_hosp"
"5391",0,0,"0-4","sector_00","vaccinated","susceptible"
"5392",1,0,"0-4","sector_00","vaccinated","susceptible"
"5393",2,0,"0-4","sector_00","vaccinated","susceptible"
"5394",3,0,"0-4","sector_00","vaccinated","susceptible"
"5395",4,0,"0-4","sector_00","vaccinated","susceptible"
"5396",5,0,"0-4","sector_00","vaccinated","susceptible"
"5397",6,0,"0-4","sector_00","vaccinated","susceptible"
"5398",7,0,"0-4","sector_00","vaccinated","susceptible"
"5399",8,0,"0-4","sector_00","vaccinated","susceptible"
"5400",9,0,"0-4","sector_00","vaccinated","susceptible"
"5401",10,0,"0-4","sector_00","vaccinated","susceptible"
"5402",0,0,"5-19","sector_00","vaccinated","susceptible"
"5403",1,0,"5-19","sector_00","vaccinated","susceptible"
"5404",2,0,"5-19","sector_00","vaccinated","susceptible"
"5405",3,0,"5-19","sector_00","vaccinated","susceptible"
"5406",4,0,"5-19","sector_00","vaccinated","susceptible"
"5407",5,0,"5-19","sector_00","vaccinated","susceptible"
"5408",6,0,"5-19","sector_00","vaccinated","susceptible"
"5409",7,0,"5-19","sector_00","vaccinated","susceptible"
"5410",8,0,"5-19","sector_00","vaccinated","susceptible"
"5411",9,0,"5-19","sector_00","vaccinated","susceptible"
"5412",10,0,"5-19","sector_00","vaccinated","susceptible"
"5413",0,0,"20-64","sector_00","vaccinated","susceptible"
"5414",1,0,"20-64","sector_00","vaccinated","susceptible"
"5415",2,0,"20-64","sector_00","vaccinated","susceptible"
"5416",3,0,"20-64","sector_00","vaccinated","susceptible"
"5417",4,0,"20-64","sector_00","vaccinated","susceptible"
"5418",5,0,"20-64","sector_00","vaccinated","susceptible"
"5419",6,0,"20-64","sector_00","vaccinated","susceptible"
"5420",7,0,"20-64","sector_00","vaccinated","susceptible"
"5421",8,0,"20-64","sector_00","vaccinated","susceptible"
"5422",9,0,"20-64","sector_00","vaccinated","susceptible"
"5423",10,0,"20-64","sector_00","vaccinated","susceptible"
"5424",0,0,"65+","sector_00","vaccinated","susceptible"
"5425",1,0,"65+","sector_00","vaccinated","susceptible"
"5426",2,0,"65+","sector_00","vaccinated","susceptible"
"5427",3,0,"65+","sector_00","vaccinated","susceptible"
"5428",4,0,"65+","sector_00","vaccinated","susceptible"
"5429",5,0,"65+","sector_00","vaccinated","susceptible"
"5430",6,0,"65+","sector_00","vaccinated","susceptible"
"5431",7,0,"65+","sector_00","vaccinated","susceptible"
"5432",8,0,"65+","sector_00","vaccinated","susceptible"
"5433",9,0,"65+","sector_00","vaccinated","susceptible"
"5434",10,0,"65+","sector_00","vaccinated","susceptible"
"5435",0,0,"20-64","sector_01","vaccinated","susceptible"
"5436",1,0,"20-64","sector_01","vaccinated","susceptible"
"5437",2,0,"20-64","sector_01","vaccinated","susceptible"
"5438",3,0,"20-64","sector_01","vaccinated","susceptible"
"5439",4,0,"20-64","sector_01","vaccinated","susceptible"
"5440",5,0,"20-64","sector_01","vaccinated","susceptible"
"5441",6,0,"20-64","sector_01","vaccinated","susceptible"
"5442",7,0,"20-64","sector_01","vaccinated","susceptible"
"5443",8,0,"20-64","sector_01","vaccinated","susceptible"
"5444",9,0,"20-64","sector_01","vaccinated","susceptible"
"5445",10,0,"20-64","sector_01","vaccinated","susceptible"
"5446",0,0,"20-64","sector_02","vaccinated","susceptible"
"5447",1,0,"20-64","sector_02","vaccinated","susceptible"
"5448",2,0,"20-64","sector_02","vaccinated","susceptible"
"5449",3,0,"20-64","sector_02","vaccinated","susceptible"
"5450",4,0,"20-64","sector_02","vaccinated","susceptible"
"5451",5,0,"20-64","sector_02","vaccinated","susceptible"
"5452",6,0,"20-64","sector_02","vaccinated","susceptible"
"5453",7,0,"20-64","sector_02","vaccinated","susceptible"
"5454",8,0,"20-64","sector_02","vaccinated","susceptible"
"5455",9,0,"20-64","sector_02","vaccinated","susceptible"
"5456",10,0,"20-64","sector_02","vaccinated","susceptible"
"5457",0,0,"20-64","sector_03","vaccinated","susceptible"
"5458",1,0,"20-64","sector_03","vaccinated","susceptible"
"5459",2,0,"20-64","sector_03","vaccinated","susceptible"
"5460",3,0,"20-64","sector_03","vaccinated","susceptible"
"5461",4,0,"20-64","sector_03","vaccinated","susceptible"
"5462",5,0,"20-64","sector_03","vaccinated","susceptible"
"5463",6,0,"20-64","sector_03","vaccinated","susceptible"
"5464",7,0,"20-64","sector_03","vaccinated","susceptible"
"5465",8,0,"20-64","sector_03","vaccinated","susceptible"
"5466",9,0,"20-64","sector_03","vaccinated","susceptible"
"5467",10,0,"20-64","sector_03","vaccinated","susceptible"
"5468",0,0,"20-64","sector_04","vaccinated","susceptible"
"5469",1,0,"20-64","sector_04","vaccinated","susceptible"
"5470",2,0,"20-64","sector_04","vaccinated","susceptible"
"5471",3,0,"20-64","sector_04","vaccinated","susceptible"
"5472",4,0,"20-64","sector_04","vaccinated","susceptible"
"5473",5,0,"20-64","sector_04","vaccinated","susceptible"
"5474",6,0,"20-64","sector_04","vaccinated","susceptible"
"5475",7,0,"20-64","sector_04","vaccinated","susceptible"
"5476",8,0,"20-64","sector_04","vaccinated","susceptible"
"5477",9,0,"20-64","sector_04","vaccinated","susceptible"
"5478",10,0,"20-64","sector_04","vaccinated","susceptible"
"5479",0,0,"20-64","sector_05","vaccinated","susceptible"
"5480",1,0,"20-64","sector_05","vaccinated","susceptible"
"5481",2,0,"20-64","sector_05","vaccinated","susceptible"
"5482",3,0,"20-64","sector_05","vaccinated","susceptible"
"5483",4,0,"20-64","sector_05","vaccinated","susceptible"
"5484",5,0,"20-64","sector_05","vaccinated","susceptible"
"5485",6,0,"20-64","sector_05","vaccinated","susceptible"
"5486",7,0,"20-64","sector_05","vaccinated","susceptible"
"5487",8,0,"20-64","sector_05","vaccinated","susceptible"
"5488",9,0,"20-64","sector_05","vaccinated","susceptible"
"5489",10,0,"20-64","sector_05","vaccinated","susceptible"
"5490",0,0,"20-64","sector_06","vaccinated","susceptible"
"5491",1,0,"20-64","sector_06","vaccinated","susceptible"
"5492",2,0,"20-64","sector_06","vaccinated","susceptible"
"5493",3,0,"20-64","sector_06","vaccinated","susceptible"
"5494",4,0,"20-64","sector_06","vaccinated","susceptible"
"5495",5,0,"20-64","sector_06","vaccinated","susceptible"
"5496",6,0,"20-64","sector_06","vaccinated","susceptible"
"5497",7,0,"20-64","sector_06","vaccinated","susceptible"
"5498",8,0,"20-64","sector_06","vaccinated","susceptible"
"5499",9,0,"20-64","sector_06","vaccinated","susceptible"
"5500",10,0,"20-64","sector_06","vaccinated","susceptible"
"5501",0,0,"20-64","sector_07","vaccinated","susceptible"
"5502",1,0,"20-64","sector_07","vaccinated","susceptible"
"5503",2,0,"20-64","sector_07","vaccinated","susceptible"
"5504",3,0,"20-64","sector_07","vaccinated","susceptible"
"5505",4,0,"20-64","sector_07","vaccinated","susceptible"
"5506",5,0,"20-64","sector_07","vaccinated","susceptible"
"5507",6,0,"20-64","sector_07","vaccinated","susceptible"
"5508",7,0,"20-64","sector_07","vaccinated","susceptible"
"5509",8,0,"20-64","sector_07","vaccinated","susceptible"
"5510",9,0,"20-64","sector_07","vaccinated","susceptible"
"5511",10,0,"20-64","sector_07","vaccinated","susceptible"
"5512",0,0,"20-64","sector_08","vaccinated","susceptible"
"5513",1,0,"20-64","sector_08","vaccinated","susceptible"
"5514",2,0,"20-64","sector_08","vaccinated","susceptible"
"5515",3,0,"20-64","sector_08","vaccinated","susceptible"
"5516",4,0,"20-64","sector_08","vaccinated","susceptible"
"5517",5,0,"20-64","sector_08","vaccinated","susceptible"
"5518",6,0,"20-64","sector_08","vaccinated","susceptible"
"5519",7,0,"20-64","sector_08","vaccinated","susceptible"
"5520",8,0,"20-64","sector_08","vaccinated","susceptible"
"5521",9,0,"20-64","sector_08","vaccinated","susceptible"
"5522",10,0,"20-64","sector_08","vaccinated","susceptible"
"5523",0,0,"20-64","sector_09","vaccinated","susceptible"
"5524",1,0,"20-64","sector_09","vaccinated","susceptible"
"5525",2,0,"20-64","sector_09","vaccinated","susceptible"
"5526",3,0,"20-64","sector_09","vaccinated","susceptible"
"5527",4,0,"20-64","sector_09","vaccinated","susceptible"
"5528",5,0,"20-64","sector_09","vaccinated","susceptible"
"5529",6,0,"20-64","sector_09","vaccinated","susceptible"
"5530",7,0,"20-64","sector_09","vaccinated","susceptible"
"5531",8,0,"20-64","sector_09","vaccinated","susceptible"
"5532",9,0,"20-64","sector_09","vaccinated","susceptible"
"5533",10,0,"20-64","sector_09","vaccinated","susceptible"
"5534",0,0,"20-64","sector_10","vaccinated","susceptible"
"5535",1,0,"20-64","sector_10","vaccinated","susceptible"
"5536",2,0,"20-64","sector_10","vaccinated","susceptible"
"5537",3,0,"20-64","sector_10","vaccinated","susceptible"
"5538",4,0,"20-64","sector_10","vaccinated","susceptible"
"5539",5,0,"20-64","sector_10","vaccinated","susceptible"
"5540",6,0,"20-64","sector_10","vaccinated","susceptible"
"5541",7,0,"20-64","sector_10","vaccinated","susceptible"
"5542",8,0,"20-64","sector_10","vaccinated","susceptible"
"5543",9,0,"20-64","sector_10","vaccinated","susceptible"
"5544",10,0,"20-64","sector_10","vaccinated","susceptible"
"5545",0,0,"20-64","sector_11","vaccinated","susceptible"
"5546",1,0,"20-64","sector_11","vaccinated","susceptible"
"5547",2,0,"20-64","sector_11","vaccinated","susceptible"
"5548",3,0,"20-64","sector_11","vaccinated","susceptible"
"5549",4,0,"20-64","sector_11","vaccinated","susceptible"
"5550",5,0,"20-64","sector_11","vaccinated","susceptible"
"5551",6,0,"20-64","sector_11","vaccinated","susceptible"
"5552",7,0,"20-64","sector_11","vaccinated","susceptible"
"5553",8,0,"20-64","sector_11","vaccinated","susceptible"
"5554",9,0,"20-64","sector_11","vaccinated","susceptible"
"5555",10,0,"20-64","sector_11","vaccinated","susceptible"
"5556",0,0,"20-64","sector_12","vaccinated","susceptible"
"5557",1,0,"20-64","sector_12","vaccinated","susceptible"
"5558",2,0,"20-64","sector_12","vaccinated","susceptible"
"5559",3,0,"20-64","sector_12","vaccinated","susceptible"
"5560",4,0,"20-64","sector_12","vaccinated","susceptible"
"5561",5,0,"20-64","sector_12","vaccinated","susceptible"
"5562",6,0,"20-64","sector_12","vaccinated","susceptible"
"5563",7,0,"20-64","sector_12","vaccinated","susceptible"
"5564",8,0,"20-64","sector_12","vaccinated","susceptible"
"5565",9,0,"20-64","sector_12","vaccinated","susceptible"
"5566",10,0,"20-64","sector_12","vaccinated","susceptible"
"5567",0,0,"20-64","sector_13","vaccinated","susceptible"
"5568",1,0,"20-64","sector_13","vaccinated","susceptible"
"5569",2,0,"20-64","sector_13","vaccinated","susceptible"
"5570",3,0,"20-64","sector_13","vaccinated","susceptible"
"5571",4,0,"20-64","sector_13","vaccinated","susceptible"
"5572",5,0,"20-64","sector_13","vaccinated","susceptible"
"5573",6,0,"20-64","sector_13","vaccinated","susceptible"
"5574",7,0,"20-64","sector_13","vaccinated","susceptible"
"5575",8,0,"20-64","sector_13","vaccinated","susceptible"
"5576",9,0,"20-64","sector_13","vaccinated","susceptible"
"5577",10,0,"20-64","sector_13","vaccinated","susceptible"
"5578",0,0,"20-64","sector_14","vaccinated","susceptible"
"5579",1,0,"20-64","sector_14","vaccinated","susceptible"
"5580",2,0,"20-64","sector_14","vaccinated","susceptible"
"5581",3,0,"20-64","sector_14","vaccinated","susceptible"
"5582",4,0,"20-64","sector_14","vaccinated","susceptible"
"5583",5,0,"20-64","sector_14","vaccinated","susceptible"
"5584",6,0,"20-64","sector_14","vaccinated","susceptible"
"5585",7,0,"20-64","sector_14","vaccinated","susceptible"
"5586",8,0,"20-64","sector_14","vaccinated","susceptible"
"5587",9,0,"20-64","sector_14","vaccinated","susceptible"
"5588",10,0,"20-64","sector_14","vaccinated","susceptible"
"5589",0,0,"20-64","sector_15","vaccinated","susceptible"
"5590",1,0,"20-64","sector_15","vaccinated","susceptible"
"5591",2,0,"20-64","sector_15","vaccinated","susceptible"
"5592",3,0,"20-64","sector_15","vaccinated","susceptible"
"5593",4,0,"20-64","sector_15","vaccinated","susceptible"
"5594",5,0,"20-64","sector_15","vaccinated","susceptible"
"5595",6,0,"20-64","sector_15","vaccinated","susceptible"
"5596",7,0,"20-64","sector_15","vaccinated","susceptible"
"5597",8,0,"20-64","sector_15","vaccinated","susceptible"
"5598",9,0,"20-64","sector_15","vaccinated","susceptible"
"5599",10,0,"20-64","sector_15","vaccinated","susceptible"
"5600",0,0,"20-64","sector_16","vaccinated","susceptible"
"5601",1,0,"20-64","sector_16","vaccinated","susceptible"
"5602",2,0,"20-64","sector_16","vaccinated","susceptible"
"5603",3,0,"20-64","sector_16","vaccinated","susceptible"
"5604",4,0,"20-64","sector_16","vaccinated","susceptible"
"5605",5,0,"20-64","sector_16","vaccinated","susceptible"
"5606",6,0,"20-64","sector_16","vaccinated","susceptible"
"5607",7,0,"20-64","sector_16","vaccinated","susceptible"
"5608",8,0,"20-64","sector_16","vaccinated","susceptible"
"5609",9,0,"20-64","sector_16","vaccinated","susceptible"
"5610",10,0,"20-64","sector_16","vaccinated","susceptible"
"5611",0,0,"20-64","sector_17","vaccinated","susceptible"
"5612",1,0,"20-64","sector_17","vaccinated","susceptible"
"5613",2,0,"20-64","sector_17","vaccinated","susceptible"
"5614",3,0,"20-64","sector_17","vaccinated","susceptible"
"5615",4,0,"20-64","sector_17","vaccinated","susceptible"
"5616",5,0,"20-64","sector_17","vaccinated","susceptible"
"5617",6,0,"20-64","sector_17","vaccinated","susceptible"
"5618",7,0,"20-64","sector_17","vaccinated","susceptible"
"5619",8,0,"20-64","sector_17","vaccinated","susceptible"
"5620",9,0,"20-64","sector_17","vaccinated","susceptible"
"5621",10,0,"20-64","sector_17","vaccinated","susceptible"
"5622",0,0,"20-64","sector_18","vaccinated","susceptible"
"5623",1,0,"20-64","sector_18","vaccinated","susceptible"
"5624",2,0,"20-64","sector_18","vaccinated","susceptible"
"5625",3,0,"20-64","sector_18","vaccinated","susceptible"
"5626",4,0,"20-64","sector_18","vaccinated","susceptible"
"5627",5,0,"20-64","sector_18","vaccinated","susceptible"
"5628",6,0,"20-64","sector_18","vaccinated","susceptible"
"5629",7,0,"20-64","sector_18","vaccinated","susceptible"
"5630",8,0,"20-64","sector_18","vaccinated","susceptible"
"5631",9,0,"20-64","sector_18","vaccinated","susceptible"
"5632",10,0,"20-64","sector_18","vaccinated","susceptible"
"5633",0,0,"20-64","sector_19","vaccinated","susceptible"
"5634",1,0,"20-64","sector_19","vaccinated","susceptible"
"5635",2,0,"20-64","sector_19","vaccinated","susceptible"
"5636",3,0,"20-64","sector_19","vaccinated","susceptible"
"5637",4,0,"20-64","sector_19","vaccinated","susceptible"
"5638",5,0,"20-64","sector_19","vaccinated","susceptible"
"5639",6,0,"20-64","sector_19","vaccinated","susceptible"
"5640",7,0,"20-64","sector_19","vaccinated","susceptible"
"5641",8,0,"20-64","sector_19","vaccinated","susceptible"
"5642",9,0,"20-64","sector_19","vaccinated","susceptible"
"5643",10,0,"20-64","sector_19","vaccinated","susceptible"
"5644",0,0,"20-64","sector_20","vaccinated","susceptible"
"5645",1,0,"20-64","sector_20","vaccinated","susceptible"
"5646",2,0,"20-64","sector_20","vaccinated","susceptible"
"5647",3,0,"20-64","sector_20","vaccinated","susceptible"
"5648",4,0,"20-64","sector_20","vaccinated","susceptible"
"5649",5,0,"20-64","sector_20","vaccinated","susceptible"
"5650",6,0,"20-64","sector_20","vaccinated","susceptible"
"5651",7,0,"20-64","sector_20","vaccinated","susceptible"
"5652",8,0,"20-64","sector_20","vaccinated","susceptible"
"5653",9,0,"20-64","sector_20","vaccinated","susceptible"
"5654",10,0,"20-64","sector_20","vaccinated","susceptible"
"5655",0,0,"20-64","sector_21","vaccinated","susceptible"
"5656",1,0,"20-64","sector_21","vaccinated","susceptible"
"5657",2,0,"20-64","sector_21","vaccinated","susceptible"
"5658",3,0,"20-64","sector_21","vaccinated","susceptible"
"5659",4,0,"20-64","sector_21","vaccinated","susceptible"
"5660",5,0,"20-64","sector_21","vaccinated","susceptible"
"5661",6,0,"20-64","sector_21","vaccinated","susceptible"
"5662",7,0,"20-64","sector_21","vaccinated","susceptible"
"5663",8,0,"20-64","sector_21","vaccinated","susceptible"
"5664",9,0,"20-64","sector_21","vaccinated","susceptible"
"5665",10,0,"20-64","sector_21","vaccinated","susceptible"
"5666",0,0,"20-64","sector_22","vaccinated","susceptible"
"5667",1,0,"20-64","sector_22","vaccinated","susceptible"
"5668",2,0,"20-64","sector_22","vaccinated","susceptible"
"5669",3,0,"20-64","sector_22","vaccinated","susceptible"
"5670",4,0,"20-64","sector_22","vaccinated","susceptible"
"5671",5,0,"20-64","sector_22","vaccinated","susceptible"
"5672",6,0,"20-64","sector_22","vaccinated","susceptible"
"5673",7,0,"20-64","sector_22","vaccinated","susceptible"
"5674",8,0,"20-64","sector_22","vaccinated","susceptible"
"5675",9,0,"20-64","sector_22","vaccinated","susceptible"
"5676",10,0,"20-64","sector_22","vaccinated","susceptible"
"5677",0,0,"20-64","sector_23","vaccinated","susceptible"
"5678",1,0,"20-64","sector_23","vaccinated","susceptible"
"5679",2,0,"20-64","sector_23","vaccinated","susceptible"
"5680",3,0,"20-64","sector_23","vaccinated","susceptible"
"5681",4,0,"20-64","sector_23","vaccinated","susceptible"
"5682",5,0,"20-64","sector_23","vaccinated","susceptible"
"5683",6,0,"20-64","sector_23","vaccinated","susceptible"
"5684",7,0,"20-64","sector_23","vaccinated","susceptible"
"5685",8,0,"20-64","sector_23","vaccinated","susceptible"
"5686",9,0,"20-64","sector_23","vaccinated","susceptible"
"5687",10,0,"20-64","sector_23","vaccinated","susceptible"
"5688",0,0,"20-64","sector_24","vaccinated","susceptible"
"5689",1,0,"20-64","sector_24","vaccinated","susceptible"
"5690",2,0,"20-64","sector_24","vaccinated","susceptible"
"5691",3,0,"20-64","sector_24","vaccinated","susceptible"
"5692",4,0,"20-64","sector_24","vaccinated","susceptible"
"5693",5,0,"20-64","sector_24","vaccinated","susceptible"
"5694",6,0,"20-64","sector_24","vaccinated","susceptible"
"5695",7,0,"20-64","sector_24","vaccinated","susceptible"
"5696",8,0,"20-64","sector_24","vaccinated","susceptible"
"5697",9,0,"20-64","sector_24","vaccinated","susceptible"
"5698",10,0,"20-64","sector_24","vaccinated","susceptible"
"5699",0,0,"20-64","sector_25","vaccinated","susceptible"
"5700",1,0,"20-64","sector_25","vaccinated","susceptible"
"5701",2,0,"20-64","sector_25","vaccinated","susceptible"
"5702",3,0,"20-64","sector_25","vaccinated","susceptible"
"5703",4,0,"20-64","sector_25","vaccinated","susceptible"
"5704",5,0,"20-64","sector_25","vaccinated","susceptible"
"5705",6,0,"20-64","sector_25","vaccinated","susceptible"
"5706",7,0,"20-64","sector_25","vaccinated","susceptible"
"5707",8,0,"20-64","sector_25","vaccinated","susceptible"
"5708",9,0,"20-64","sector_25","vaccinated","susceptible"
"5709",10,0,"20-64","sector_25","vaccinated","susceptible"
"5710",0,0,"20-64","sector_26","vaccinated","susceptible"
"5711",1,0,"20-64","sector_26","vaccinated","susceptible"
"5712",2,0,"20-64","sector_26","vaccinated","susceptible"
"5713",3,0,"20-64","sector_26","vaccinated","susceptible"
"5714",4,0,"20-64","sector_26","vaccinated","susceptible"
"5715",5,0,"20-64","sector_26","vaccinated","susceptible"
"5716",6,0,"20-64","sector_26","vaccinated","susceptible"
"5717",7,0,"20-64","sector_26","vaccinated","susceptible"
"5718",8,0,"20-64","sector_26","vaccinated","susceptible"
"5719",9,0,"20-64","sector_26","vaccinated","susceptible"
"5720",10,0,"20-64","sector_26","vaccinated","susceptible"
"5721",0,0,"20-64","sector_27","vaccinated","susceptible"
"5722",1,0,"20-64","sector_27","vaccinated","susceptible"
"5723",2,0,"20-64","sector_27","vaccinated","susceptible"
"5724",3,0,"20-64","sector_27","vaccinated","susceptible"
"5725",4,0,"20-64","sector_27","vaccinated","susceptible"
"5726",5,0,"20-64","sector_27","vaccinated","susceptible"
"5727",6,0,"20-64","sector_27","vaccinated","susceptible"
"5728",7,0,"20-64","sector_27","vaccinated","susceptible"
"5729",8,0,"20-64","sector_27","vaccinated","susceptible"
"5730",9,0,"20-64","sector_27","vaccinated","susceptible"
"5731",10,0,"20-64","sector_27","vaccinated","susceptible"
"5732",0,0,"20-64","sector_28","vaccinated","susceptible"
"5733",1,0,"20-64","sector_28","vaccinated","susceptible"
"5734",2,0,"20-64","sector_28","vaccinated","susceptible"
"5735",3,0,"20-64","sector_28","vaccinated","susceptible"
"5736",4,0,"20-64","sector_28","vaccinated","susceptible"
"5737",5,0,"20-64","sector_28","vaccinated","susceptible"
"5738",6,0,"20-64","sector_28","vaccinated","susceptible"
"5739",7,0,"20-64","sector_28","vaccinated","susceptible"
"5740",8,0,"20-64","sector_28","vaccinated","susceptible"
"5741",9,0,"20-64","sector_28","vaccinated","susceptible"
"5742",10,0,"20-64","sector_28","vaccinated","susceptible"
"5743",0,0,"20-64","sector_29","vaccinated","susceptible"
"5744",1,0,"20-64","sector_29","vaccinated","susceptible"
"5745",2,0,"20-64","sector_29","vaccinated","susceptible"
"5746",3,0,"20-64","sector_29","vaccinated","susceptible"
"5747",4,0,"20-64","sector_29","vaccinated","susceptible"
"5748",5,0,"20-64","sector_29","vaccinated","susceptible"
"5749",6,0,"20-64","sector_29","vaccinated","susceptible"
"5750",7,0,"20-64","sector_29","vaccinated","susceptible"
"5751",8,0,"20-64","sector_29","vaccinated","susceptible"
"5752",9,0,"20-64","sector_29","vaccinated","susceptible"
"5753",10,0,"20-64","sector_29","vaccinated","susceptible"
"5754",0,0,"20-64","sector_30","vaccinated","susceptible"
"5755",1,0,"20-64","sector_30","vaccinated","susceptible"
"5756",2,0,"20-64","sector_30","vaccinated","susceptible"
"5757",3,0,"20-64","sector_30","vaccinated","susceptible"
"5758",4,0,"20-64","sector_30","vaccinated","susceptible"
"5759",5,0,"20-64","sector_30","vaccinated","susceptible"
"5760",6,0,"20-64","sector_30","vaccinated","susceptible"
"5761",7,0,"20-64","sector_30","vaccinated","susceptible"
"5762",8,0,"20-64","sector_30","vaccinated","susceptible"
"5763",9,0,"20-64","sector_30","vaccinated","susceptible"
"5764",10,0,"20-64","sector_30","vaccinated","susceptible"
"5765",0,0,"20-64","sector_31","vaccinated","susceptible"
"5766",1,0,"20-64","sector_31","vaccinated","susceptible"
"5767",2,0,"20-64","sector_31","vaccinated","susceptible"
"5768",3,0,"20-64","sector_31","vaccinated","susceptible"
"5769",4,0,"20-64","sector_31","vaccinated","susceptible"
"5770",5,0,"20-64","sector_31","vaccinated","susceptible"
"5771",6,0,"20-64","sector_31","vaccinated","susceptible"
"5772",7,0,"20-64","sector_31","vaccinated","susceptible"
"5773",8,0,"20-64","sector_31","vaccinated","susceptible"
"5774",9,0,"20-64","sector_31","vaccinated","susceptible"
"5775",10,0,"20-64","sector_31","vaccinated","susceptible"
"5776",0,0,"20-64","sector_32","vaccinated","susceptible"
"5777",1,0,"20-64","sector_32","vaccinated","susceptible"
"5778",2,0,"20-64","sector_32","vaccinated","susceptible"
"5779",3,0,"20-64","sector_32","vaccinated","susceptible"
"5780",4,0,"20-64","sector_32","vaccinated","susceptible"
"5781",5,0,"20-64","sector_32","vaccinated","susceptible"
"5782",6,0,"20-64","sector_32","vaccinated","susceptible"
"5783",7,0,"20-64","sector_32","vaccinated","susceptible"
"5784",8,0,"20-64","sector_32","vaccinated","susceptible"
"5785",9,0,"20-64","sector_32","vaccinated","susceptible"
"5786",10,0,"20-64","sector_32","vaccinated","susceptible"
"5787",0,0,"20-64","sector_33","vaccinated","susceptible"
"5788",1,0,"20-64","sector_33","vaccinated","susceptible"
"5789",2,0,"20-64","sector_33","vaccinated","susceptible"
"5790",3,0,"20-64","sector_33","vaccinated","susceptible"
"5791",4,0,"20-64","sector_33","vaccinated","susceptible"
"5792",5,0,"20-64","sector_33","vaccinated","susceptible"
"5793",6,0,"20-64","sector_33","vaccinated","susceptible"
"5794",7,0,"20-64","sector_33","vaccinated","susceptible"
"5795",8,0,"20-64","sector_33","vaccinated","susceptible"
"5796",9,0,"20-64","sector_33","vaccinated","susceptible"
"5797",10,0,"20-64","sector_33","vaccinated","susceptible"
"5798",0,0,"20-64","sector_34","vaccinated","susceptible"
"5799",1,0,"20-64","sector_34","vaccinated","susceptible"
"5800",2,0,"20-64","sector_34","vaccinated","susceptible"
"5801",3,0,"20-64","sector_34","vaccinated","susceptible"
"5802",4,0,"20-64","sector_34","vaccinated","susceptible"
"5803",5,0,"20-64","sector_34","vaccinated","susceptible"
"5804",6,0,"20-64","sector_34","vaccinated","susceptible"
"5805",7,0,"20-64","sector_34","vaccinated","susceptible"
"5806",8,0,"20-64","sector_34","vaccinated","susceptible"
"5807",9,0,"20-64","sector_34","vaccinated","susceptible"
"5808",10,0,"20-64","sector_34","vaccinated","susceptible"
"5809",0,0,"20-64","sector_35","vaccinated","susceptible"
"5810",1,0,"20-64","sector_35","vaccinated","susceptible"
"5811",2,0,"20-64","sector_35","vaccinated","susceptible"
"5812",3,0,"20-64","sector_35","vaccinated","susceptible"
"5813",4,0,"20-64","sector_35","vaccinated","susceptible"
"5814",5,0,"20-64","sector_35","vaccinated","susceptible"
"5815",6,0,"20-64","sector_35","vaccinated","susceptible"
"5816",7,0,"20-64","sector_35","vaccinated","susceptible"
"5817",8,0,"20-64","sector_35","vaccinated","susceptible"
"5818",9,0,"20-64","sector_35","vaccinated","susceptible"
"5819",10,0,"20-64","sector_35","vaccinated","susceptible"
"5820",0,0,"20-64","sector_36","vaccinated","susceptible"
"5821",1,0,"20-64","sector_36","vaccinated","susceptible"
"5822",2,0,"20-64","sector_36","vaccinated","susceptible"
"5823",3,0,"20-64","sector_36","vaccinated","susceptible"
"5824",4,0,"20-64","sector_36","vaccinated","susceptible"
"5825",5,0,"20-64","sector_36","vaccinated","susceptible"
"5826",6,0,"20-64","sector_36","vaccinated","susceptible"
"5827",7,0,"20-64","sector_36","vaccinated","susceptible"
"5828",8,0,"20-64","sector_36","vaccinated","susceptible"
"5829",9,0,"20-64","sector_36","vaccinated","susceptible"
"5830",10,0,"20-64","sector_36","vaccinated","susceptible"
"5831",0,0,"20-64","sector_37","vaccinated","susceptible"
"5832",1,0,"20-64","sector_37","vaccinated","susceptible"
"5833",2,0,"20-64","sector_37","vaccinated","susceptible"
"5834",3,0,"20-64","sector_37","vaccinated","susceptible"
"5835",4,0,"20-64","sector_37","vaccinated","susceptible"
"5836",5,0,"20-64","sector_37","vaccinated","susceptible"
"5837",6,0,"20-64","sector_37","vaccinated","susceptible"
"5838",7,0,"20-64","sector_37","vaccinated","susceptible"
"5839",8,0,"20-64","sector_37","vaccinated","susceptible"
"5840",9,0,"20-64","sector_37","vaccinated","susceptible"
"5841",10,0,"20-64","sector_37","vaccinated","susceptible"
"5842",0,0,"20-64","sector_38","vaccinated","susceptible"
"5843",1,0,"20-64","sector_38","vaccinated","susceptible"
"5844",2,0,"20-64","sector_38","vaccinated","susceptible"
"5845",3,0,"20-64","sector_38","vaccinated","susceptible"
"5846",4,0,"20-64","sector_38","vaccinated","susceptible"
"5847",5,0,"20-64","sector_38","vaccinated","susceptible"
"5848",6,0,"20-64","sector_38","vaccinated","susceptible"
"5849",7,0,"20-64","sector_38","vaccinated","susceptible"
"5850",8,0,"20-64","sector_38","vaccinated","susceptible"
"5851",9,0,"20-64","sector_38","vaccinated","susceptible"
"5852",10,0,"20-64","sector_38","vaccinated","susceptible"
"5853",0,0,"20-64","sector_39","vaccinated","susceptible"
"5854",1,0,"20-64","sector_39","vaccinated","susceptible"
"5855",2,0,"20-64","sector_39","vaccinated","susceptible"
"5856",3,0,"20-64","sector_39","vaccinated","susceptible"
"5857",4,0,"20-64","sector_39","vaccinated","susceptible"
"5858",5,0,"20-64","sector_39","vaccinated","susceptible"
"5859",6,0,"20-64","sector_39","vaccinated","susceptible"
"5860",7,0,"20-64","sector_39","vaccinated","susceptible"
"5861",8,0,"20-64","sector_39","vaccinated","susceptible"
"5862",9,0,"20-64","sector_39","vaccinated","susceptible"
"5863",10,0,"20-64","sector_39","vaccinated","susceptible"
"5864",0,0,"20-64","sector_40","vaccinated","susceptible"
"5865",1,0,"20-64","sector_40","vaccinated","susceptible"
"5866",2,0,"20-64","sector_40","vaccinated","susceptible"
"5867",3,0,"20-64","sector_40","vaccinated","susceptible"
"5868",4,0,"20-64","sector_40","vaccinated","susceptible"
"5869",5,0,"20-64","sector_40","vaccinated","susceptible"
"5870",6,0,"20-64","sector_40","vaccinated","susceptible"
"5871",7,0,"20-64","sector_40","vaccinated","susceptible"
"5872",8,0,"20-64","sector_40","vaccinated","susceptible"
"5873",9,0,"20-64","sector_40","vaccinated","susceptible"
"5874",10,0,"20-64","sector_40","vaccinated","susceptible"
"5875",0,0,"20-64","sector_41","vaccinated","susceptible"
"5876",1,0,"20-64","sector_41","vaccinated","susceptible"
"5877",2,0,"20-64","sector_41","vaccinated","susceptible"
"5878",3,0,"20-64","sector_41","vaccinated","susceptible"
"5879",4,0,"20-64","sector_41","vaccinated","susceptible"
"5880",5,0,"20-64","sector_41","vaccinated","susceptible"
"5881",6,0,"20-64","sector_41","vaccinated","susceptible"
"5882",7,0,"20-64","sector_41","vaccinated","susceptible"
"5883",8,0,"20-64","sector_41","vaccinated","susceptible"
"5884",9,0,"20-64","sector_41","vaccinated","susceptible"
"5885",10,0,"20-64","sector_41","vaccinated","susceptible"
"5886",0,0,"20-64","sector_42","vaccinated","susceptible"
"5887",1,0,"20-64","sector_42","vaccinated","susceptible"
"5888",2,0,"20-64","sector_42","vaccinated","susceptible"
"5889",3,0,"20-64","sector_42","vaccinated","susceptible"
"5890",4,0,"20-64","sector_42","vaccinated","susceptible"
"5891",5,0,"20-64","sector_42","vaccinated","susceptible"
"5892",6,0,"20-64","sector_42","vaccinated","susceptible"
"5893",7,0,"20-64","sector_42","vaccinated","susceptible"
"5894",8,0,"20-64","sector_42","vaccinated","susceptible"
"5895",9,0,"20-64","sector_42","vaccinated","susceptible"
"5896",10,0,"20-64","sector_42","vaccinated","susceptible"
"5897",0,0,"20-64","sector_43","vaccinated","susceptible"
"5898",1,0,"20-64","sector_43","vaccinated","susceptible"
"5899",2,0,"20-64","sector_43","vaccinated","susceptible"
"5900",3,0,"20-64","sector_43","vaccinated","susceptible"
"5901",4,0,"20-64","sector_43","vaccinated","susceptible"
"5902",5,0,"20-64","sector_43","vaccinated","susceptible"
"5903",6,0,"20-64","sector_43","vaccinated","susceptible"
"5904",7,0,"20-64","sector_43","vaccinated","susceptible"
"5905",8,0,"20-64","sector_43","vaccinated","susceptible"
"5906",9,0,"20-64","sector_43","vaccinated","susceptible"
"5907",10,0,"20-64","sector_43","vaccinated","susceptible"
"5908",0,0,"20-64","sector_44","vaccinated","susceptible"
"5909",1,0,"20-64","sector_44","vaccinated","susceptible"
"5910",2,0,"20-64","sector_44","vaccinated","susceptible"
"5911",3,0,"20-64","sector_44","vaccinated","susceptible"
"5912",4,0,"20-64","sector_44","vaccinated","susceptible"
"5913",5,0,"20-64","sector_44","vaccinated","susceptible"
"5914",6,0,"20-64","sector_44","vaccinated","susceptible"
"5915",7,0,"20-64","sector_44","vaccinated","susceptible"
"5916",8,0,"20-64","sector_44","vaccinated","susceptible"
"5917",9,0,"20-64","sector_44","vaccinated","susceptible"
"5918",10,0,"20-64","sector_44","vaccinated","susceptible"
"5919",0,0,"20-64","sector_45","vaccinated","susceptible"
"5920",1,0,"20-64","sector_45","vaccinated","susceptible"
"5921",2,0,"20-64","sector_45","vaccinated","susceptible"
"5922",3,0,"20-64","sector_45","vaccinated","susceptible"
"5923",4,0,"20-64","sector_45","vaccinated","susceptible"
"5924",5,0,"20-64","sector_45","vaccinated","susceptible"
"5925",6,0,"20-64","sector_45","vaccinated","susceptible"
"5926",7,0,"20-64","sector_45","vaccinated","susceptible"
"5927",8,0,"20-64","sector_45","vaccinated","susceptible"
"5928",9,0,"20-64","sector_45","vaccinated","susceptible"
"5929",10,0,"20-64","sector_45","vaccinated","susceptible"
"5930",0,0,"0-4","sector_00","vaccinated","exposed"
"5931",1,0,"0-4","sector_00","vaccinated","exposed"
"5932",2,0,"0-4","sector_00","vaccinated","exposed"
"5933",3,0,"0-4","sector_00","vaccinated","exposed"
"5934",4,0,"0-4","sector_00","vaccinated","exposed"
"5935",5,0,"0-4","sector_00","vaccinated","exposed"
"5936",6,0,"0-4","sector_00","vaccinated","exposed"
"5937",7,0,"0-4","sector_00","vaccinated","exposed"
"5938",8,0,"0-4","sector_00","vaccinated","exposed"
"5939",9,0,"0-4","sector_00","vaccinated","exposed"
"5940",10,0,"0-4","sector_00","vaccinated","exposed"
"5941",0,0,"5-19","sector_00","vaccinated","exposed"
"5942",1,0,"5-19","sector_00","vaccinated","exposed"
"5943",2,0,"5-19","sector_00","vaccinated","exposed"
"5944",3,0,"5-19","sector_00","vaccinated","exposed"
"5945",4,0,"5-19","sector_00","vaccinated","exposed"
"5946",5,0,"5-19","sector_00","vaccinated","exposed"
"5947",6,0,"5-19","sector_00","vaccinated","exposed"
"5948",7,0,"5-19","sector_00","vaccinated","exposed"
"5949",8,0,"5-19","sector_00","vaccinated","exposed"
"5950",9,0,"5-19","sector_00","vaccinated","exposed"
"5951",10,0,"5-19","sector_00","vaccinated","exposed"
"5952",0,0,"20-64","sector_00","vaccinated","exposed"
"5953",1,0,"20-64","sector_00","vaccinated","exposed"
"5954",2,0,"20-64","sector_00","vaccinated","exposed"
"5955",3,0,"20-64","sector_00","vaccinated","exposed"
"5956",4,0,"20-64","sector_00","vaccinated","exposed"
"5957",5,0,"20-64","sector_00","vaccinated","exposed"
"5958",6,0,"20-64","sector_00","vaccinated","exposed"
"5959",7,0,"20-64","sector_00","vaccinated","exposed"
"5960",8,0,"20-64","sector_00","vaccinated","exposed"
"5961",9,0,"20-64","sector_00","vaccinated","exposed"
"5962",10,0,"20-64","sector_00","vaccinated","exposed"
"5963",0,0,"65+","sector_00","vaccinated","exposed"
"5964",1,0,"65+","sector_00","vaccinated","exposed"
"5965",2,0,"65+","sector_00","vaccinated","exposed"
"5966",3,0,"65+","sector_00","vaccinated","exposed"
"5967",4,0,"65+","sector_00","vaccinated","exposed"
"5968",5,0,"65+","sector_00","vaccinated","exposed"
"5969",6,0,"65+","sector_00","vaccinated","exposed"
"5970",7,0,"65+","sector_00","vaccinated","exposed"
"5971",8,0,"65+","sector_00","vaccinated","exposed"
"5972",9,0,"65+","sector_00","vaccinated","exposed"
"5973",10,0,"65+","sector_00","vaccinated","exposed"
"5974",0,0,"20-64","sector_01","vaccinated","exposed"
"5975",1,0,"20-64","sector_01","vaccinated","exposed"
"5976",2,0,"20-64","sector_01","vaccinated","exposed"
"5977",3,0,"20-64","sector_01","vaccinated","exposed"
"5978",4,0,"20-64","sector_01","vaccinated","exposed"
"5979",5,0,"20-64","sector_01","vaccinated","exposed"
"5980",6,0,"20-64","sector_01","vaccinated","exposed"
"5981",7,0,"20-64","sector_01","vaccinated","exposed"
"5982",8,0,"20-64","sector_01","vaccinated","exposed"
"5983",9,0,"20-64","sector_01","vaccinated","exposed"
"5984",10,0,"20-64","sector_01","vaccinated","exposed"
"5985",0,0,"20-64","sector_02","vaccinated","exposed"
"5986",1,0,"20-64","sector_02","vaccinated","exposed"
"5987",2,0,"20-64","sector_02","vaccinated","exposed"
"5988",3,0,"20-64","sector_02","vaccinated","exposed"
"5989",4,0,"20-64","sector_02","vaccinated","exposed"
"5990",5,0,"20-64","sector_02","vaccinated","exposed"
"5991",6,0,"20-64","sector_02","vaccinated","exposed"
"5992",7,0,"20-64","sector_02","vaccinated","exposed"
"5993",8,0,"20-64","sector_02","vaccinated","exposed"
"5994",9,0,"20-64","sector_02","vaccinated","exposed"
"5995",10,0,"20-64","sector_02","vaccinated","exposed"
"5996",0,0,"20-64","sector_03","vaccinated","exposed"
"5997",1,0,"20-64","sector_03","vaccinated","exposed"
"5998",2,0,"20-64","sector_03","vaccinated","exposed"
"5999",3,0,"20-64","sector_03","vaccinated","exposed"
"6000",4,0,"20-64","sector_03","vaccinated","exposed"
"6001",5,0,"20-64","sector_03","vaccinated","exposed"
"6002",6,0,"20-64","sector_03","vaccinated","exposed"
"6003",7,0,"20-64","sector_03","vaccinated","exposed"
"6004",8,0,"20-64","sector_03","vaccinated","exposed"
"6005",9,0,"20-64","sector_03","vaccinated","exposed"
"6006",10,0,"20-64","sector_03","vaccinated","exposed"
"6007",0,0,"20-64","sector_04","vaccinated","exposed"
"6008",1,0,"20-64","sector_04","vaccinated","exposed"
"6009",2,0,"20-64","sector_04","vaccinated","exposed"
"6010",3,0,"20-64","sector_04","vaccinated","exposed"
"6011",4,0,"20-64","sector_04","vaccinated","exposed"
"6012",5,0,"20-64","sector_04","vaccinated","exposed"
"6013",6,0,"20-64","sector_04","vaccinated","exposed"
"6014",7,0,"20-64","sector_04","vaccinated","exposed"
"6015",8,0,"20-64","sector_04","vaccinated","exposed"
"6016",9,0,"20-64","sector_04","vaccinated","exposed"
"6017",10,0,"20-64","sector_04","vaccinated","exposed"
"6018",0,0,"20-64","sector_05","vaccinated","exposed"
"6019",1,0,"20-64","sector_05","vaccinated","exposed"
"6020",2,0,"20-64","sector_05","vaccinated","exposed"
"6021",3,0,"20-64","sector_05","vaccinated","exposed"
"6022",4,0,"20-64","sector_05","vaccinated","exposed"
"6023",5,0,"20-64","sector_05","vaccinated","exposed"
"6024",6,0,"20-64","sector_05","vaccinated","exposed"
"6025",7,0,"20-64","sector_05","vaccinated","exposed"
"6026",8,0,"20-64","sector_05","vaccinated","exposed"
"6027",9,0,"20-64","sector_05","vaccinated","exposed"
"6028",10,0,"20-64","sector_05","vaccinated","exposed"
"6029",0,0,"20-64","sector_06","vaccinated","exposed"
"6030",1,0,"20-64","sector_06","vaccinated","exposed"
"6031",2,0,"20-64","sector_06","vaccinated","exposed"
"6032",3,0,"20-64","sector_06","vaccinated","exposed"
"6033",4,0,"20-64","sector_06","vaccinated","exposed"
"6034",5,0,"20-64","sector_06","vaccinated","exposed"
"6035",6,0,"20-64","sector_06","vaccinated","exposed"
"6036",7,0,"20-64","sector_06","vaccinated","exposed"
"6037",8,0,"20-64","sector_06","vaccinated","exposed"
"6038",9,0,"20-64","sector_06","vaccinated","exposed"
"6039",10,0,"20-64","sector_06","vaccinated","exposed"
"6040",0,0,"20-64","sector_07","vaccinated","exposed"
"6041",1,0,"20-64","sector_07","vaccinated","exposed"
"6042",2,0,"20-64","sector_07","vaccinated","exposed"
"6043",3,0,"20-64","sector_07","vaccinated","exposed"
"6044",4,0,"20-64","sector_07","vaccinated","exposed"
"6045",5,0,"20-64","sector_07","vaccinated","exposed"
"6046",6,0,"20-64","sector_07","vaccinated","exposed"
"6047",7,0,"20-64","sector_07","vaccinated","exposed"
"6048",8,0,"20-64","sector_07","vaccinated","exposed"
"6049",9,0,"20-64","sector_07","vaccinated","exposed"
"6050",10,0,"20-64","sector_07","vaccinated","exposed"
"6051",0,0,"20-64","sector_08","vaccinated","exposed"
"6052",1,0,"20-64","sector_08","vaccinated","exposed"
"6053",2,0,"20-64","sector_08","vaccinated","exposed"
"6054",3,0,"20-64","sector_08","vaccinated","exposed"
"6055",4,0,"20-64","sector_08","vaccinated","exposed"
"6056",5,0,"20-64","sector_08","vaccinated","exposed"
"6057",6,0,"20-64","sector_08","vaccinated","exposed"
"6058",7,0,"20-64","sector_08","vaccinated","exposed"
"6059",8,0,"20-64","sector_08","vaccinated","exposed"
"6060",9,0,"20-64","sector_08","vaccinated","exposed"
"6061",10,0,"20-64","sector_08","vaccinated","exposed"
"6062",0,0,"20-64","sector_09","vaccinated","exposed"
"6063",1,0,"20-64","sector_09","vaccinated","exposed"
"6064",2,0,"20-64","sector_09","vaccinated","exposed"
"6065",3,0,"20-64","sector_09","vaccinated","exposed"
"6066",4,0,"20-64","sector_09","vaccinated","exposed"
"6067",5,0,"20-64","sector_09","vaccinated","exposed"
"6068",6,0,"20-64","sector_09","vaccinated","exposed"
"6069",7,0,"20-64","sector_09","vaccinated","exposed"
"6070",8,0,"20-64","sector_09","vaccinated","exposed"
"6071",9,0,"20-64","sector_09","vaccinated","exposed"
"6072",10,0,"20-64","sector_09","vaccinated","exposed"
"6073",0,0,"20-64","sector_10","vaccinated","exposed"
"6074",1,0,"20-64","sector_10","vaccinated","exposed"
"6075",2,0,"20-64","sector_10","vaccinated","exposed"
"6076",3,0,"20-64","sector_10","vaccinated","exposed"
"6077",4,0,"20-64","sector_10","vaccinated","exposed"
"6078",5,0,"20-64","sector_10","vaccinated","exposed"
"6079",6,0,"20-64","sector_10","vaccinated","exposed"
"6080",7,0,"20-64","sector_10","vaccinated","exposed"
"6081",8,0,"20-64","sector_10","vaccinated","exposed"
"6082",9,0,"20-64","sector_10","vaccinated","exposed"
"6083",10,0,"20-64","sector_10","vaccinated","exposed"
"6084",0,0,"20-64","sector_11","vaccinated","exposed"
"6085",1,0,"20-64","sector_11","vaccinated","exposed"
"6086",2,0,"20-64","sector_11","vaccinated","exposed"
"6087",3,0,"20-64","sector_11","vaccinated","exposed"
"6088",4,0,"20-64","sector_11","vaccinated","exposed"
"6089",5,0,"20-64","sector_11","vaccinated","exposed"
"6090",6,0,"20-64","sector_11","vaccinated","exposed"
"6091",7,0,"20-64","sector_11","vaccinated","exposed"
"6092",8,0,"20-64","sector_11","vaccinated","exposed"
"6093",9,0,"20-64","sector_11","vaccinated","exposed"
"6094",10,0,"20-64","sector_11","vaccinated","exposed"
"6095",0,0,"20-64","sector_12","vaccinated","exposed"
"6096",1,0,"20-64","sector_12","vaccinated","exposed"
"6097",2,0,"20-64","sector_12","vaccinated","exposed"
"6098",3,0,"20-64","sector_12","vaccinated","exposed"
"6099",4,0,"20-64","sector_12","vaccinated","exposed"
"6100",5,0,"20-64","sector_12","vaccinated","exposed"
"6101",6,0,"20-64","sector_12","vaccinated","exposed"
"6102",7,0,"20-64","sector_12","vaccinated","exposed"
"6103",8,0,"20-64","sector_12","vaccinated","exposed"
"6104",9,0,"20-64","sector_12","vaccinated","exposed"
"6105",10,0,"20-64","sector_12","vaccinated","exposed"
"6106",0,0,"20-64","sector_13","vaccinated","exposed"
"6107",1,0,"20-64","sector_13","vaccinated","exposed"
"6108",2,0,"20-64","sector_13","vaccinated","exposed"
"6109",3,0,"20-64","sector_13","vaccinated","exposed"
"6110",4,0,"20-64","sector_13","vaccinated","exposed"
"6111",5,0,"20-64","sector_13","vaccinated","exposed"
"6112",6,0,"20-64","sector_13","vaccinated","exposed"
"6113",7,0,"20-64","sector_13","vaccinated","exposed"
"6114",8,0,"20-64","sector_13","vaccinated","exposed"
"6115",9,0,"20-64","sector_13","vaccinated","exposed"
"6116",10,0,"20-64","sector_13","vaccinated","exposed"
"6117",0,0,"20-64","sector_14","vaccinated","exposed"
"6118",1,0,"20-64","sector_14","vaccinated","exposed"
"6119",2,0,"20-64","sector_14","vaccinated","exposed"
"6120",3,0,"20-64","sector_14","vaccinated","exposed"
"6121",4,0,"20-64","sector_14","vaccinated","exposed"
"6122",5,0,"20-64","sector_14","vaccinated","exposed"
"6123",6,0,"20-64","sector_14","vaccinated","exposed"
"6124",7,0,"20-64","sector_14","vaccinated","exposed"
"6125",8,0,"20-64","sector_14","vaccinated","exposed"
"6126",9,0,"20-64","sector_14","vaccinated","exposed"
"6127",10,0,"20-64","sector_14","vaccinated","exposed"
"6128",0,0,"20-64","sector_15","vaccinated","exposed"
"6129",1,0,"20-64","sector_15","vaccinated","exposed"
"6130",2,0,"20-64","sector_15","vaccinated","exposed"
"6131",3,0,"20-64","sector_15","vaccinated","exposed"
"6132",4,0,"20-64","sector_15","vaccinated","exposed"
"6133",5,0,"20-64","sector_15","vaccinated","exposed"
"6134",6,0,"20-64","sector_15","vaccinated","exposed"
"6135",7,0,"20-64","sector_15","vaccinated","exposed"
"6136",8,0,"20-64","sector_15","vaccinated","exposed"
"6137",9,0,"20-64","sector_15","vaccinated","exposed"
"6138",10,0,"20-64","sector_15","vaccinated","exposed"
"6139",0,0,"20-64","sector_16","vaccinated","exposed"
"6140",1,0,"20-64","sector_16","vaccinated","exposed"
"6141",2,0,"20-64","sector_16","vaccinated","exposed"
"6142",3,0,"20-64","sector_16","vaccinated","exposed"
"6143",4,0,"20-64","sector_16","vaccinated","exposed"
"6144",5,0,"20-64","sector_16","vaccinated","exposed"
"6145",6,0,"20-64","sector_16","vaccinated","exposed"
"6146",7,0,"20-64","sector_16","vaccinated","exposed"
"6147",8,0,"20-64","sector_16","vaccinated","exposed"
"6148",9,0,"20-64","sector_16","vaccinated","exposed"
"6149",10,0,"20-64","sector_16","vaccinated","exposed"
"6150",0,0,"20-64","sector_17","vaccinated","exposed"
"6151",1,0,"20-64","sector_17","vaccinated","exposed"
"6152",2,0,"20-64","sector_17","vaccinated","exposed"
"6153",3,0,"20-64","sector_17","vaccinated","exposed"
"6154",4,0,"20-64","sector_17","vaccinated","exposed"
"6155",5,0,"20-64","sector_17","vaccinated","exposed"
"6156",6,0,"20-64","sector_17","vaccinated","exposed"
"6157",7,0,"20-64","sector_17","vaccinated","exposed"
"6158",8,0,"20-64","sector_17","vaccinated","exposed"
"6159",9,0,"20-64","sector_17","vaccinated","exposed"
"6160",10,0,"20-64","sector_17","vaccinated","exposed"
"6161",0,0,"20-64","sector_18","vaccinated","exposed"
"6162",1,0,"20-64","sector_18","vaccinated","exposed"
"6163",2,0,"20-64","sector_18","vaccinated","exposed"
"6164",3,0,"20-64","sector_18","vaccinated","exposed"
"6165",4,0,"20-64","sector_18","vaccinated","exposed"
"6166",5,0,"20-64","sector_18","vaccinated","exposed"
"6167",6,0,"20-64","sector_18","vaccinated","exposed"
"6168",7,0,"20-64","sector_18","vaccinated","exposed"
"6169",8,0,"20-64","sector_18","vaccinated","exposed"
"6170",9,0,"20-64","sector_18","vaccinated","exposed"
"6171",10,0,"20-64","sector_18","vaccinated","exposed"
"6172",0,0,"20-64","sector_19","vaccinated","exposed"
"6173",1,0,"20-64","sector_19","vaccinated","exposed"
"6174",2,0,"20-64","sector_19","vaccinated","exposed"
"6175",3,0,"20-64","sector_19","vaccinated","exposed"
"6176",4,0,"20-64","sector_19","vaccinated","exposed"
"6177",5,0,"20-64","sector_19","vaccinated","exposed"
"6178",6,0,"20-64","sector_19","vaccinated","exposed"
"6179",7,0,"20-64","sector_19","vaccinated","exposed"
"6180",8,0,"20-64","sector_19","vaccinated","exposed"
"6181",9,0,"20-64","sector_19","vaccinated","exposed"
"6182",10,0,"20-64","sector_19","vaccinated","exposed"
"6183",0,0,"20-64","sector_20","vaccinated","exposed"
"6184",1,0,"20-64","sector_20","vaccinated","exposed"
"6185",2,0,"20-64","sector_20","vaccinated","exposed"
"6186",3,0,"20-64","sector_20","vaccinated","exposed"
"6187",4,0,"20-64","sector_20","vaccinated","exposed"
"6188",5,0,"20-64","sector_20","vaccinated","exposed"
"6189",6,0,"20-64","sector_20","vaccinated","exposed"
"6190",7,0,"20-64","sector_20","vaccinated","exposed"
"6191",8,0,"20-64","sector_20","vaccinated","exposed"
"6192",9,0,"20-64","sector_20","vaccinated","exposed"
"6193",10,0,"20-64","sector_20","vaccinated","exposed"
"6194",0,0,"20-64","sector_21","vaccinated","exposed"
"6195",1,0,"20-64","sector_21","vaccinated","exposed"
"6196",2,0,"20-64","sector_21","vaccinated","exposed"
"6197",3,0,"20-64","sector_21","vaccinated","exposed"
"6198",4,0,"20-64","sector_21","vaccinated","exposed"
"6199",5,0,"20-64","sector_21","vaccinated","exposed"
"6200",6,0,"20-64","sector_21","vaccinated","exposed"
"6201",7,0,"20-64","sector_21","vaccinated","exposed"
"6202",8,0,"20-64","sector_21","vaccinated","exposed"
"6203",9,0,"20-64","sector_21","vaccinated","exposed"
"6204",10,0,"20-64","sector_21","vaccinated","exposed"
"6205",0,0,"20-64","sector_22","vaccinated","exposed"
"6206",1,0,"20-64","sector_22","vaccinated","exposed"
"6207",2,0,"20-64","sector_22","vaccinated","exposed"
"6208",3,0,"20-64","sector_22","vaccinated","exposed"
"6209",4,0,"20-64","sector_22","vaccinated","exposed"
"6210",5,0,"20-64","sector_22","vaccinated","exposed"
"6211",6,0,"20-64","sector_22","vaccinated","exposed"
"6212",7,0,"20-64","sector_22","vaccinated","exposed"
"6213",8,0,"20-64","sector_22","vaccinated","exposed"
"6214",9,0,"20-64","sector_22","vaccinated","exposed"
"6215",10,0,"20-64","sector_22","vaccinated","exposed"
"6216",0,0,"20-64","sector_23","vaccinated","exposed"
"6217",1,0,"20-64","sector_23","vaccinated","exposed"
"6218",2,0,"20-64","sector_23","vaccinated","exposed"
"6219",3,0,"20-64","sector_23","vaccinated","exposed"
"6220",4,0,"20-64","sector_23","vaccinated","exposed"
"6221",5,0,"20-64","sector_23","vaccinated","exposed"
"6222",6,0,"20-64","sector_23","vaccinated","exposed"
"6223",7,0,"20-64","sector_23","vaccinated","exposed"
"6224",8,0,"20-64","sector_23","vaccinated","exposed"
"6225",9,0,"20-64","sector_23","vaccinated","exposed"
"6226",10,0,"20-64","sector_23","vaccinated","exposed"
"6227",0,0,"20-64","sector_24","vaccinated","exposed"
"6228",1,0,"20-64","sector_24","vaccinated","exposed"
"6229",2,0,"20-64","sector_24","vaccinated","exposed"
"6230",3,0,"20-64","sector_24","vaccinated","exposed"
"6231",4,0,"20-64","sector_24","vaccinated","exposed"
"6232",5,0,"20-64","sector_24","vaccinated","exposed"
"6233",6,0,"20-64","sector_24","vaccinated","exposed"
"6234",7,0,"20-64","sector_24","vaccinated","exposed"
"6235",8,0,"20-64","sector_24","vaccinated","exposed"
"6236",9,0,"20-64","sector_24","vaccinated","exposed"
"6237",10,0,"20-64","sector_24","vaccinated","exposed"
"6238",0,0,"20-64","sector_25","vaccinated","exposed"
"6239",1,0,"20-64","sector_25","vaccinated","exposed"
"6240",2,0,"20-64","sector_25","vaccinated","exposed"
"6241",3,0,"20-64","sector_25","vaccinated","exposed"
"6242",4,0,"20-64","sector_25","vaccinated","exposed"
"6243",5,0,"20-64","sector_25","vaccinated","exposed"
"6244",6,0,"20-64","sector_25","vaccinated","exposed"
"6245",7,0,"20-64","sector_25","vaccinated","exposed"
"6246",8,0,"20-64","sector_25","vaccinated","exposed"
"6247",9,0,"20-64","sector_25","vaccinated","exposed"
"6248",10,0,"20-64","sector_25","vaccinated","exposed"
"6249",0,0,"20-64","sector_26","vaccinated","exposed"
"6250",1,0,"20-64","sector_26","vaccinated","exposed"
"6251",2,0,"20-64","sector_26","vaccinated","exposed"
"6252",3,0,"20-64","sector_26","vaccinated","exposed"
"6253",4,0,"20-64","sector_26","vaccinated","exposed"
"6254",5,0,"20-64","sector_26","vaccinated","exposed"
"6255",6,0,"20-64","sector_26","vaccinated","exposed"
"6256",7,0,"20-64","sector_26","vaccinated","exposed"
"6257",8,0,"20-64","sector_26","vaccinated","exposed"
"6258",9,0,"20-64","sector_26","vaccinated","exposed"
"6259",10,0,"20-64","sector_26","vaccinated","exposed"
"6260",0,0,"20-64","sector_27","vaccinated","exposed"
"6261",1,0,"20-64","sector_27","vaccinated","exposed"
"6262",2,0,"20-64","sector_27","vaccinated","exposed"
"6263",3,0,"20-64","sector_27","vaccinated","exposed"
"6264",4,0,"20-64","sector_27","vaccinated","exposed"
"6265",5,0,"20-64","sector_27","vaccinated","exposed"
"6266",6,0,"20-64","sector_27","vaccinated","exposed"
"6267",7,0,"20-64","sector_27","vaccinated","exposed"
"6268",8,0,"20-64","sector_27","vaccinated","exposed"
"6269",9,0,"20-64","sector_27","vaccinated","exposed"
"6270",10,0,"20-64","sector_27","vaccinated","exposed"
"6271",0,0,"20-64","sector_28","vaccinated","exposed"
"6272",1,0,"20-64","sector_28","vaccinated","exposed"
"6273",2,0,"20-64","sector_28","vaccinated","exposed"
"6274",3,0,"20-64","sector_28","vaccinated","exposed"
"6275",4,0,"20-64","sector_28","vaccinated","exposed"
"6276",5,0,"20-64","sector_28","vaccinated","exposed"
"6277",6,0,"20-64","sector_28","vaccinated","exposed"
"6278",7,0,"20-64","sector_28","vaccinated","exposed"
"6279",8,0,"20-64","sector_28","vaccinated","exposed"
"6280",9,0,"20-64","sector_28","vaccinated","exposed"
"6281",10,0,"20-64","sector_28","vaccinated","exposed"
"6282",0,0,"20-64","sector_29","vaccinated","exposed"
"6283",1,0,"20-64","sector_29","vaccinated","exposed"
"6284",2,0,"20-64","sector_29","vaccinated","exposed"
"6285",3,0,"20-64","sector_29","vaccinated","exposed"
"6286",4,0,"20-64","sector_29","vaccinated","exposed"
"6287",5,0,"20-64","sector_29","vaccinated","exposed"
"6288",6,0,"20-64","sector_29","vaccinated","exposed"
"6289",7,0,"20-64","sector_29","vaccinated","exposed"
"6290",8,0,"20-64","sector_29","vaccinated","exposed"
"6291",9,0,"20-64","sector_29","vaccinated","exposed"
"6292",10,0,"20-64","sector_29","vaccinated","exposed"
"6293",0,0,"20-64","sector_30","vaccinated","exposed"
"6294",1,0,"20-64","sector_30","vaccinated","exposed"
"6295",2,0,"20-64","sector_30","vaccinated","exposed"
"6296",3,0,"20-64","sector_30","vaccinated","exposed"
"6297",4,0,"20-64","sector_30","vaccinated","exposed"
"6298",5,0,"20-64","sector_30","vaccinated","exposed"
"6299",6,0,"20-64","sector_30","vaccinated","exposed"
"6300",7,0,"20-64","sector_30","vaccinated","exposed"
"6301",8,0,"20-64","sector_30","vaccinated","exposed"
"6302",9,0,"20-64","sector_30","vaccinated","exposed"
"6303",10,0,"20-64","sector_30","vaccinated","exposed"
"6304",0,0,"20-64","sector_31","vaccinated","exposed"
"6305",1,0,"20-64","sector_31","vaccinated","exposed"
"6306",2,0,"20-64","sector_31","vaccinated","exposed"
"6307",3,0,"20-64","sector_31","vaccinated","exposed"
"6308",4,0,"20-64","sector_31","vaccinated","exposed"
"6309",5,0,"20-64","sector_31","vaccinated","exposed"
"6310",6,0,"20-64","sector_31","vaccinated","exposed"
"6311",7,0,"20-64","sector_31","vaccinated","exposed"
"6312",8,0,"20-64","sector_31","vaccinated","exposed"
"6313",9,0,"20-64","sector_31","vaccinated","exposed"
"6314",10,0,"20-64","sector_31","vaccinated","exposed"
"6315",0,0,"20-64","sector_32","vaccinated","exposed"
"6316",1,0,"20-64","sector_32","vaccinated","exposed"
"6317",2,0,"20-64","sector_32","vaccinated","exposed"
"6318",3,0,"20-64","sector_32","vaccinated","exposed"
"6319",4,0,"20-64","sector_32","vaccinated","exposed"
"6320",5,0,"20-64","sector_32","vaccinated","exposed"
"6321",6,0,"20-64","sector_32","vaccinated","exposed"
"6322",7,0,"20-64","sector_32","vaccinated","exposed"
"6323",8,0,"20-64","sector_32","vaccinated","exposed"
"6324",9,0,"20-64","sector_32","vaccinated","exposed"
"6325",10,0,"20-64","sector_32","vaccinated","exposed"
"6326",0,0,"20-64","sector_33","vaccinated","exposed"
"6327",1,0,"20-64","sector_33","vaccinated","exposed"
"6328",2,0,"20-64","sector_33","vaccinated","exposed"
"6329",3,0,"20-64","sector_33","vaccinated","exposed"
"6330",4,0,"20-64","sector_33","vaccinated","exposed"
"6331",5,0,"20-64","sector_33","vaccinated","exposed"
"6332",6,0,"20-64","sector_33","vaccinated","exposed"
"6333",7,0,"20-64","sector_33","vaccinated","exposed"
"6334",8,0,"20-64","sector_33","vaccinated","exposed"
"6335",9,0,"20-64","sector_33","vaccinated","exposed"
"6336",10,0,"20-64","sector_33","vaccinated","exposed"
"6337",0,0,"20-64","sector_34","vaccinated","exposed"
"6338",1,0,"20-64","sector_34","vaccinated","exposed"
"6339",2,0,"20-64","sector_34","vaccinated","exposed"
"6340",3,0,"20-64","sector_34","vaccinated","exposed"
"6341",4,0,"20-64","sector_34","vaccinated","exposed"
"6342",5,0,"20-64","sector_34","vaccinated","exposed"
"6343",6,0,"20-64","sector_34","vaccinated","exposed"
"6344",7,0,"20-64","sector_34","vaccinated","exposed"
"6345",8,0,"20-64","sector_34","vaccinated","exposed"
"6346",9,0,"20-64","sector_34","vaccinated","exposed"
"6347",10,0,"20-64","sector_34","vaccinated","exposed"
"6348",0,0,"20-64","sector_35","vaccinated","exposed"
"6349",1,0,"20-64","sector_35","vaccinated","exposed"
"6350",2,0,"20-64","sector_35","vaccinated","exposed"
"6351",3,0,"20-64","sector_35","vaccinated","exposed"
"6352",4,0,"20-64","sector_35","vaccinated","exposed"
"6353",5,0,"20-64","sector_35","vaccinated","exposed"
"6354",6,0,"20-64","sector_35","vaccinated","exposed"
"6355",7,0,"20-64","sector_35","vaccinated","exposed"
"6356",8,0,"20-64","sector_35","vaccinated","exposed"
"6357",9,0,"20-64","sector_35","vaccinated","exposed"
"6358",10,0,"20-64","sector_35","vaccinated","exposed"
"6359",0,0,"20-64","sector_36","vaccinated","exposed"
"6360",1,0,"20-64","sector_36","vaccinated","exposed"
"6361",2,0,"20-64","sector_36","vaccinated","exposed"
"6362",3,0,"20-64","sector_36","vaccinated","exposed"
"6363",4,0,"20-64","sector_36","vaccinated","exposed"
"6364",5,0,"20-64","sector_36","vaccinated","exposed"
"6365",6,0,"20-64","sector_36","vaccinated","exposed"
"6366",7,0,"20-64","sector_36","vaccinated","exposed"
"6367",8,0,"20-64","sector_36","vaccinated","exposed"
"6368",9,0,"20-64","sector_36","vaccinated","exposed"
"6369",10,0,"20-64","sector_36","vaccinated","exposed"
"6370",0,0,"20-64","sector_37","vaccinated","exposed"
"6371",1,0,"20-64","sector_37","vaccinated","exposed"
"6372",2,0,"20-64","sector_37","vaccinated","exposed"
"6373",3,0,"20-64","sector_37","vaccinated","exposed"
"6374",4,0,"20-64","sector_37","vaccinated","exposed"
"6375",5,0,"20-64","sector_37","vaccinated","exposed"
"6376",6,0,"20-64","sector_37","vaccinated","exposed"
"6377",7,0,"20-64","sector_37","vaccinated","exposed"
"6378",8,0,"20-64","sector_37","vaccinated","exposed"
"6379",9,0,"20-64","sector_37","vaccinated","exposed"
"6380",10,0,"20-64","sector_37","vaccinated","exposed"
"6381",0,0,"20-64","sector_38","vaccinated","exposed"
"6382",1,0,"20-64","sector_38","vaccinated","exposed"
"6383",2,0,"20-64","sector_38","vaccinated","exposed"
"6384",3,0,"20-64","sector_38","vaccinated","exposed"
"6385",4,0,"20-64","sector_38","vaccinated","exposed"
"6386",5,0,"20-64","sector_38","vaccinated","exposed"
"6387",6,0,"20-64","sector_38","vaccinated","exposed"
"6388",7,0,"20-64","sector_38","vaccinated","exposed"
"6389",8,0,"20-64","sector_38","vaccinated","exposed"
"6390",9,0,"20-64","sector_38","vaccinated","exposed"
"6391",10,0,"20-64","sector_38","vaccinated","exposed"
"6392",0,0,"20-64","sector_39","vaccinated","exposed"
"6393",1,0,"20-64","sector_39","vaccinated","exposed"
"6394",2,0,"20-64","sector_39","vaccinated","exposed"
"6395",3,0,"20-64","sector_39","vaccinated","exposed"
"6396",4,0,"20-64","sector_39","vaccinated","exposed"
"6397",5,0,"20-64","sector_39","vaccinated","exposed"
"6398",6,0,"20-64","sector_39","vaccinated","exposed"
"6399",7,0,"20-64","sector_39","vaccinated","exposed"
"6400",8,0,"20-64","sector_39","vaccinated","exposed"
"6401",9,0,"20-64","sector_39","vaccinated","exposed"
"6402",10,0,"20-64","sector_39","vaccinated","exposed"
"6403",0,0,"20-64","sector_40","vaccinated","exposed"
"6404",1,0,"20-64","sector_40","vaccinated","exposed"
"6405",2,0,"20-64","sector_40","vaccinated","exposed"
"6406",3,0,"20-64","sector_40","vaccinated","exposed"
"6407",4,0,"20-64","sector_40","vaccinated","exposed"
"6408",5,0,"20-64","sector_40","vaccinated","exposed"
"6409",6,0,"20-64","sector_40","vaccinated","exposed"
"6410",7,0,"20-64","sector_40","vaccinated","exposed"
"6411",8,0,"20-64","sector_40","vaccinated","exposed"
"6412",9,0,"20-64","sector_40","vaccinated","exposed"
"6413",10,0,"20-64","sector_40","vaccinated","exposed"
"6414",0,0,"20-64","sector_41","vaccinated","exposed"
"6415",1,0,"20-64","sector_41","vaccinated","exposed"
"6416",2,0,"20-64","sector_41","vaccinated","exposed"
"6417",3,0,"20-64","sector_41","vaccinated","exposed"
"6418",4,0,"20-64","sector_41","vaccinated","exposed"
"6419",5,0,"20-64","sector_41","vaccinated","exposed"
"6420",6,0,"20-64","sector_41","vaccinated","exposed"
"6421",7,0,"20-64","sector_41","vaccinated","exposed"
"6422",8,0,"20-64","sector_41","vaccinated","exposed"
"6423",9,0,"20-64","sector_41","vaccinated","exposed"
"6424",10,0,"20-64","sector_41","vaccinated","exposed"
"6425",0,0,"20-64","sector_42","vaccinated","exposed"
"6426",1,0,"20-64","sector_42","vaccinated","exposed"
"6427",2,0,"20-64","sector_42","vaccinated","exposed"
"6428",3,0,"20-64","sector_42","vaccinated","exposed"
"6429",4,0,"20-64","sector_42","vaccinated","exposed"
"6430",5,0,"20-64","sector_42","vaccinated","exposed"
"6431",6,0,"20-64","sector_42","vaccinated","exposed"
"6432",7,0,"20-64","sector_42","vaccinated","exposed"
"6433",8,0,"20-64","sector_42","vaccinated","exposed"
"6434",9,0,"20-64","sector_42","vaccinated","exposed"
"6435",10,0,"20-64","sector_42","vaccinated","exposed"
"6436",0,0,"20-64","sector_43","vaccinated","exposed"
"6437",1,0,"20-64","sector_43","vaccinated","exposed"
"6438",2,0,"20-64","sector_43","vaccinated","exposed"
"6439",3,0,"20-64","sector_43","vaccinated","exposed"
"6440",4,0,"20-64","sector_43","vaccinated","exposed"
"6441",5,0,"20-64","sector_43","vaccinated","exposed"
"6442",6,0,"20-64","sector_43","vaccinated","exposed"
"6443",7,0,"20-64","sector_43","vaccinated","exposed"
"6444",8,0,"20-64","sector_43","vaccinated","exposed"
"6445",9,0,"20-64","sector_43","vaccinated","exposed"
"6446",10,0,"20-64","sector_43","vaccinated","exposed"
"6447",0,0,"20-64","sector_44","vaccinated","exposed"
"6448",1,0,"20-64","sector_44","vaccinated","exposed"
"6449",2,0,"20-64","sector_44","vaccinated","exposed"
"6450",3,0,"20-64","sector_44","vaccinated","exposed"
"6451",4,0,"20-64","sector_44","vaccinated","exposed"
"6452",5,0,"20-64","sector_44","vaccinated","exposed"
"6453",6,0,"20-64","sector_44","vaccinated","exposed"
"6454",7,0,"20-64","sector_44","vaccinated","exposed"
"6455",8,0,"20-64","sector_44","vaccinated","exposed"
"6456",9,0,"20-64","sector_44","vaccinated","exposed"
"6457",10,0,"20-64","sector_44","vaccinated","exposed"
"6458",0,0,"20-64","sector_45","vaccinated","exposed"
"6459",1,0,"20-64","sector_45","vaccinated","exposed"
"6460",2,0,"20-64","sector_45","vaccinated","exposed"
"6461",3,0,"20-64","sector_45","vaccinated","exposed"
"6462",4,0,"20-64","sector_45","vaccinated","exposed"
"6463",5,0,"20-64","sector_45","vaccinated","exposed"
"6464",6,0,"20-64","sector_45","vaccinated","exposed"
"6465",7,0,"20-64","sector_45","vaccinated","exposed"
"6466",8,0,"20-64","sector_45","vaccinated","exposed"
"6467",9,0,"20-64","sector_45","vaccinated","exposed"
"6468",10,0,"20-64","sector_45","vaccinated","exposed"
"6469",0,0,"0-4","sector_00","vaccinated","infect_symp"
"6470",1,0,"0-4","sector_00","vaccinated","infect_symp"
"6471",2,0,"0-4","sector_00","vaccinated","infect_symp"
"6472",3,0,"0-4","sector_00","vaccinated","infect_symp"
"6473",4,0,"0-4","sector_00","vaccinated","infect_symp"
"6474",5,0,"0-4","sector_00","vaccinated","infect_symp"
"6475",6,0,"0-4","sector_00","vaccinated","infect_symp"
"6476",7,0,"0-4","sector_00","vaccinated","infect_symp"
"6477",8,0,"0-4","sector_00","vaccinated","infect_symp"
"6478",9,0,"0-4","sector_00","vaccinated","infect_symp"
"6479",10,0,"0-4","sector_00","vaccinated","infect_symp"
"6480",0,0,"5-19","sector_00","vaccinated","infect_symp"
"6481",1,0,"5-19","sector_00","vaccinated","infect_symp"
"6482",2,0,"5-19","sector_00","vaccinated","infect_symp"
"6483",3,0,"5-19","sector_00","vaccinated","infect_symp"
"6484",4,0,"5-19","sector_00","vaccinated","infect_symp"
"6485",5,0,"5-19","sector_00","vaccinated","infect_symp"
"6486",6,0,"5-19","sector_00","vaccinated","infect_symp"
"6487",7,0,"5-19","sector_00","vaccinated","infect_symp"
"6488",8,0,"5-19","sector_00","vaccinated","infect_symp"
"6489",9,0,"5-19","sector_00","vaccinated","infect_symp"
"6490",10,0,"5-19","sector_00","vaccinated","infect_symp"
"6491",0,0,"20-64","sector_00","vaccinated","infect_symp"
"6492",1,0,"20-64","sector_00","vaccinated","infect_symp"
"6493",2,0,"20-64","sector_00","vaccinated","infect_symp"
"6494",3,0,"20-64","sector_00","vaccinated","infect_symp"
"6495",4,0,"20-64","sector_00","vaccinated","infect_symp"
"6496",5,0,"20-64","sector_00","vaccinated","infect_symp"
"6497",6,0,"20-64","sector_00","vaccinated","infect_symp"
"6498",7,0,"20-64","sector_00","vaccinated","infect_symp"
"6499",8,0,"20-64","sector_00","vaccinated","infect_symp"
"6500",9,0,"20-64","sector_00","vaccinated","infect_symp"
"6501",10,0,"20-64","sector_00","vaccinated","infect_symp"
"6502",0,0,"65+","sector_00","vaccinated","infect_symp"
"6503",1,0,"65+","sector_00","vaccinated","infect_symp"
"6504",2,0,"65+","sector_00","vaccinated","infect_symp"
"6505",3,0,"65+","sector_00","vaccinated","infect_symp"
"6506",4,0,"65+","sector_00","vaccinated","infect_symp"
"6507",5,0,"65+","sector_00","vaccinated","infect_symp"
"6508",6,0,"65+","sector_00","vaccinated","infect_symp"
"6509",7,0,"65+","sector_00","vaccinated","infect_symp"
"6510",8,0,"65+","sector_00","vaccinated","infect_symp"
"6511",9,0,"65+","sector_00","vaccinated","infect_symp"
"6512",10,0,"65+","sector_00","vaccinated","infect_symp"
"6513",0,0,"20-64","sector_01","vaccinated","infect_symp"
"6514",1,0,"20-64","sector_01","vaccinated","infect_symp"
"6515",2,0,"20-64","sector_01","vaccinated","infect_symp"
"6516",3,0,"20-64","sector_01","vaccinated","infect_symp"
"6517",4,0,"20-64","sector_01","vaccinated","infect_symp"
"6518",5,0,"20-64","sector_01","vaccinated","infect_symp"
"6519",6,0,"20-64","sector_01","vaccinated","infect_symp"
"6520",7,0,"20-64","sector_01","vaccinated","infect_symp"
"6521",8,0,"20-64","sector_01","vaccinated","infect_symp"
"6522",9,0,"20-64","sector_01","vaccinated","infect_symp"
"6523",10,0,"20-64","sector_01","vaccinated","infect_symp"
"6524",0,0,"20-64","sector_02","vaccinated","infect_symp"
"6525",1,0,"20-64","sector_02","vaccinated","infect_symp"
"6526",2,0,"20-64","sector_02","vaccinated","infect_symp"
"6527",3,0,"20-64","sector_02","vaccinated","infect_symp"
"6528",4,0,"20-64","sector_02","vaccinated","infect_symp"
"6529",5,0,"20-64","sector_02","vaccinated","infect_symp"
"6530",6,0,"20-64","sector_02","vaccinated","infect_symp"
"6531",7,0,"20-64","sector_02","vaccinated","infect_symp"
"6532",8,0,"20-64","sector_02","vaccinated","infect_symp"
"6533",9,0,"20-64","sector_02","vaccinated","infect_symp"
"6534",10,0,"20-64","sector_02","vaccinated","infect_symp"
"6535",0,0,"20-64","sector_03","vaccinated","infect_symp"
"6536",1,0,"20-64","sector_03","vaccinated","infect_symp"
"6537",2,0,"20-64","sector_03","vaccinated","infect_symp"
"6538",3,0,"20-64","sector_03","vaccinated","infect_symp"
"6539",4,0,"20-64","sector_03","vaccinated","infect_symp"
"6540",5,0,"20-64","sector_03","vaccinated","infect_symp"
"6541",6,0,"20-64","sector_03","vaccinated","infect_symp"
"6542",7,0,"20-64","sector_03","vaccinated","infect_symp"
"6543",8,0,"20-64","sector_03","vaccinated","infect_symp"
"6544",9,0,"20-64","sector_03","vaccinated","infect_symp"
"6545",10,0,"20-64","sector_03","vaccinated","infect_symp"
"6546",0,0,"20-64","sector_04","vaccinated","infect_symp"
"6547",1,0,"20-64","sector_04","vaccinated","infect_symp"
"6548",2,0,"20-64","sector_04","vaccinated","infect_symp"
"6549",3,0,"20-64","sector_04","vaccinated","infect_symp"
"6550",4,0,"20-64","sector_04","vaccinated","infect_symp"
"6551",5,0,"20-64","sector_04","vaccinated","infect_symp"
"6552",6,0,"20-64","sector_04","vaccinated","infect_symp"
"6553",7,0,"20-64","sector_04","vaccinated","infect_symp"
"6554",8,0,"20-64","sector_04","vaccinated","infect_symp"
"6555",9,0,"20-64","sector_04","vaccinated","infect_symp"
"6556",10,0,"20-64","sector_04","vaccinated","infect_symp"
"6557",0,0,"20-64","sector_05","vaccinated","infect_symp"
"6558",1,0,"20-64","sector_05","vaccinated","infect_symp"
"6559",2,0,"20-64","sector_05","vaccinated","infect_symp"
"6560",3,0,"20-64","sector_05","vaccinated","infect_symp"
"6561",4,0,"20-64","sector_05","vaccinated","infect_symp"
"6562",5,0,"20-64","sector_05","vaccinated","infect_symp"
"6563",6,0,"20-64","sector_05","vaccinated","infect_symp"
"6564",7,0,"20-64","sector_05","vaccinated","infect_symp"
"6565",8,0,"20-64","sector_05","vaccinated","infect_symp"
"6566",9,0,"20-64","sector_05","vaccinated","infect_symp"
"6567",10,0,"20-64","sector_05","vaccinated","infect_symp"
"6568",0,0,"20-64","sector_06","vaccinated","infect_symp"
"6569",1,0,"20-64","sector_06","vaccinated","infect_symp"
"6570",2,0,"20-64","sector_06","vaccinated","infect_symp"
"6571",3,0,"20-64","sector_06","vaccinated","infect_symp"
"6572",4,0,"20-64","sector_06","vaccinated","infect_symp"
"6573",5,0,"20-64","sector_06","vaccinated","infect_symp"
"6574",6,0,"20-64","sector_06","vaccinated","infect_symp"
"6575",7,0,"20-64","sector_06","vaccinated","infect_symp"
"6576",8,0,"20-64","sector_06","vaccinated","infect_symp"
"6577",9,0,"20-64","sector_06","vaccinated","infect_symp"
"6578",10,0,"20-64","sector_06","vaccinated","infect_symp"
"6579",0,0,"20-64","sector_07","vaccinated","infect_symp"
"6580",1,0,"20-64","sector_07","vaccinated","infect_symp"
"6581",2,0,"20-64","sector_07","vaccinated","infect_symp"
"6582",3,0,"20-64","sector_07","vaccinated","infect_symp"
"6583",4,0,"20-64","sector_07","vaccinated","infect_symp"
"6584",5,0,"20-64","sector_07","vaccinated","infect_symp"
"6585",6,0,"20-64","sector_07","vaccinated","infect_symp"
"6586",7,0,"20-64","sector_07","vaccinated","infect_symp"
"6587",8,0,"20-64","sector_07","vaccinated","infect_symp"
"6588",9,0,"20-64","sector_07","vaccinated","infect_symp"
"6589",10,0,"20-64","sector_07","vaccinated","infect_symp"
"6590",0,0,"20-64","sector_08","vaccinated","infect_symp"
"6591",1,0,"20-64","sector_08","vaccinated","infect_symp"
"6592",2,0,"20-64","sector_08","vaccinated","infect_symp"
"6593",3,0,"20-64","sector_08","vaccinated","infect_symp"
"6594",4,0,"20-64","sector_08","vaccinated","infect_symp"
"6595",5,0,"20-64","sector_08","vaccinated","infect_symp"
"6596",6,0,"20-64","sector_08","vaccinated","infect_symp"
"6597",7,0,"20-64","sector_08","vaccinated","infect_symp"
"6598",8,0,"20-64","sector_08","vaccinated","infect_symp"
"6599",9,0,"20-64","sector_08","vaccinated","infect_symp"
"6600",10,0,"20-64","sector_08","vaccinated","infect_symp"
"6601",0,0,"20-64","sector_09","vaccinated","infect_symp"
"6602",1,0,"20-64","sector_09","vaccinated","infect_symp"
"6603",2,0,"20-64","sector_09","vaccinated","infect_symp"
"6604",3,0,"20-64","sector_09","vaccinated","infect_symp"
"6605",4,0,"20-64","sector_09","vaccinated","infect_symp"
"6606",5,0,"20-64","sector_09","vaccinated","infect_symp"
"6607",6,0,"20-64","sector_09","vaccinated","infect_symp"
"6608",7,0,"20-64","sector_09","vaccinated","infect_symp"
"6609",8,0,"20-64","sector_09","vaccinated","infect_symp"
"6610",9,0,"20-64","sector_09","vaccinated","infect_symp"
"6611",10,0,"20-64","sector_09","vaccinated","infect_symp"
"6612",0,0,"20-64","sector_10","vaccinated","infect_symp"
"6613",1,0,"20-64","sector_10","vaccinated","infect_symp"
"6614",2,0,"20-64","sector_10","vaccinated","infect_symp"
"6615",3,0,"20-64","sector_10","vaccinated","infect_symp"
"6616",4,0,"20-64","sector_10","vaccinated","infect_symp"
"6617",5,0,"20-64","sector_10","vaccinated","infect_symp"
"6618",6,0,"20-64","sector_10","vaccinated","infect_symp"
"6619",7,0,"20-64","sector_10","vaccinated","infect_symp"
"6620",8,0,"20-64","sector_10","vaccinated","infect_symp"
"6621",9,0,"20-64","sector_10","vaccinated","infect_symp"
"6622",10,0,"20-64","sector_10","vaccinated","infect_symp"
"6623",0,0,"20-64","sector_11","vaccinated","infect_symp"
"6624",1,0,"20-64","sector_11","vaccinated","infect_symp"
"6625",2,0,"20-64","sector_11","vaccinated","infect_symp"
"6626",3,0,"20-64","sector_11","vaccinated","infect_symp"
"6627",4,0,"20-64","sector_11","vaccinated","infect_symp"
"6628",5,0,"20-64","sector_11","vaccinated","infect_symp"
"6629",6,0,"20-64","sector_11","vaccinated","infect_symp"
"6630",7,0,"20-64","sector_11","vaccinated","infect_symp"
"6631",8,0,"20-64","sector_11","vaccinated","infect_symp"
"6632",9,0,"20-64","sector_11","vaccinated","infect_symp"
"6633",10,0,"20-64","sector_11","vaccinated","infect_symp"
"6634",0,0,"20-64","sector_12","vaccinated","infect_symp"
"6635",1,0,"20-64","sector_12","vaccinated","infect_symp"
"6636",2,0,"20-64","sector_12","vaccinated","infect_symp"
"6637",3,0,"20-64","sector_12","vaccinated","infect_symp"
"6638",4,0,"20-64","sector_12","vaccinated","infect_symp"
"6639",5,0,"20-64","sector_12","vaccinated","infect_symp"
"6640",6,0,"20-64","sector_12","vaccinated","infect_symp"
"6641",7,0,"20-64","sector_12","vaccinated","infect_symp"
"6642",8,0,"20-64","sector_12","vaccinated","infect_symp"
"6643",9,0,"20-64","sector_12","vaccinated","infect_symp"
"6644",10,0,"20-64","sector_12","vaccinated","infect_symp"
"6645",0,0,"20-64","sector_13","vaccinated","infect_symp"
"6646",1,0,"20-64","sector_13","vaccinated","infect_symp"
"6647",2,0,"20-64","sector_13","vaccinated","infect_symp"
"6648",3,0,"20-64","sector_13","vaccinated","infect_symp"
"6649",4,0,"20-64","sector_13","vaccinated","infect_symp"
"6650",5,0,"20-64","sector_13","vaccinated","infect_symp"
"6651",6,0,"20-64","sector_13","vaccinated","infect_symp"
"6652",7,0,"20-64","sector_13","vaccinated","infect_symp"
"6653",8,0,"20-64","sector_13","vaccinated","infect_symp"
"6654",9,0,"20-64","sector_13","vaccinated","infect_symp"
"6655",10,0,"20-64","sector_13","vaccinated","infect_symp"
"6656",0,0,"20-64","sector_14","vaccinated","infect_symp"
"6657",1,0,"20-64","sector_14","vaccinated","infect_symp"
"6658",2,0,"20-64","sector_14","vaccinated","infect_symp"
"6659",3,0,"20-64","sector_14","vaccinated","infect_symp"
"6660",4,0,"20-64","sector_14","vaccinated","infect_symp"
"6661",5,0,"20-64","sector_14","vaccinated","infect_symp"
"6662",6,0,"20-64","sector_14","vaccinated","infect_symp"
"6663",7,0,"20-64","sector_14","vaccinated","infect_symp"
"6664",8,0,"20-64","sector_14","vaccinated","infect_symp"
"6665",9,0,"20-64","sector_14","vaccinated","infect_symp"
"6666",10,0,"20-64","sector_14","vaccinated","infect_symp"
"6667",0,0,"20-64","sector_15","vaccinated","infect_symp"
"6668",1,0,"20-64","sector_15","vaccinated","infect_symp"
"6669",2,0,"20-64","sector_15","vaccinated","infect_symp"
"6670",3,0,"20-64","sector_15","vaccinated","infect_symp"
"6671",4,0,"20-64","sector_15","vaccinated","infect_symp"
"6672",5,0,"20-64","sector_15","vaccinated","infect_symp"
"6673",6,0,"20-64","sector_15","vaccinated","infect_symp"
"6674",7,0,"20-64","sector_15","vaccinated","infect_symp"
"6675",8,0,"20-64","sector_15","vaccinated","infect_symp"
"6676",9,0,"20-64","sector_15","vaccinated","infect_symp"
"6677",10,0,"20-64","sector_15","vaccinated","infect_symp"
"6678",0,0,"20-64","sector_16","vaccinated","infect_symp"
"6679",1,0,"20-64","sector_16","vaccinated","infect_symp"
"6680",2,0,"20-64","sector_16","vaccinated","infect_symp"
"6681",3,0,"20-64","sector_16","vaccinated","infect_symp"
"6682",4,0,"20-64","sector_16","vaccinated","infect_symp"
"6683",5,0,"20-64","sector_16","vaccinated","infect_symp"
"6684",6,0,"20-64","sector_16","vaccinated","infect_symp"
"6685",7,0,"20-64","sector_16","vaccinated","infect_symp"
"6686",8,0,"20-64","sector_16","vaccinated","infect_symp"
"6687",9,0,"20-64","sector_16","vaccinated","infect_symp"
"6688",10,0,"20-64","sector_16","vaccinated","infect_symp"
"6689",0,0,"20-64","sector_17","vaccinated","infect_symp"
"6690",1,0,"20-64","sector_17","vaccinated","infect_symp"
"6691",2,0,"20-64","sector_17","vaccinated","infect_symp"
"6692",3,0,"20-64","sector_17","vaccinated","infect_symp"
"6693",4,0,"20-64","sector_17","vaccinated","infect_symp"
"6694",5,0,"20-64","sector_17","vaccinated","infect_symp"
"6695",6,0,"20-64","sector_17","vaccinated","infect_symp"
"6696",7,0,"20-64","sector_17","vaccinated","infect_symp"
"6697",8,0,"20-64","sector_17","vaccinated","infect_symp"
"6698",9,0,"20-64","sector_17","vaccinated","infect_symp"
"6699",10,0,"20-64","sector_17","vaccinated","infect_symp"
"6700",0,0,"20-64","sector_18","vaccinated","infect_symp"
"6701",1,0,"20-64","sector_18","vaccinated","infect_symp"
"6702",2,0,"20-64","sector_18","vaccinated","infect_symp"
"6703",3,0,"20-64","sector_18","vaccinated","infect_symp"
"6704",4,0,"20-64","sector_18","vaccinated","infect_symp"
"6705",5,0,"20-64","sector_18","vaccinated","infect_symp"
"6706",6,0,"20-64","sector_18","vaccinated","infect_symp"
"6707",7,0,"20-64","sector_18","vaccinated","infect_symp"
"6708",8,0,"20-64","sector_18","vaccinated","infect_symp"
"6709",9,0,"20-64","sector_18","vaccinated","infect_symp"
"6710",10,0,"20-64","sector_18","vaccinated","infect_symp"
"6711",0,0,"20-64","sector_19","vaccinated","infect_symp"
"6712",1,0,"20-64","sector_19","vaccinated","infect_symp"
"6713",2,0,"20-64","sector_19","vaccinated","infect_symp"
"6714",3,0,"20-64","sector_19","vaccinated","infect_symp"
"6715",4,0,"20-64","sector_19","vaccinated","infect_symp"
"6716",5,0,"20-64","sector_19","vaccinated","infect_symp"
"6717",6,0,"20-64","sector_19","vaccinated","infect_symp"
"6718",7,0,"20-64","sector_19","vaccinated","infect_symp"
"6719",8,0,"20-64","sector_19","vaccinated","infect_symp"
"6720",9,0,"20-64","sector_19","vaccinated","infect_symp"
"6721",10,0,"20-64","sector_19","vaccinated","infect_symp"
"6722",0,0,"20-64","sector_20","vaccinated","infect_symp"
"6723",1,0,"20-64","sector_20","vaccinated","infect_symp"
"6724",2,0,"20-64","sector_20","vaccinated","infect_symp"
"6725",3,0,"20-64","sector_20","vaccinated","infect_symp"
"6726",4,0,"20-64","sector_20","vaccinated","infect_symp"
"6727",5,0,"20-64","sector_20","vaccinated","infect_symp"
"6728",6,0,"20-64","sector_20","vaccinated","infect_symp"
"6729",7,0,"20-64","sector_20","vaccinated","infect_symp"
"6730",8,0,"20-64","sector_20","vaccinated","infect_symp"
"6731",9,0,"20-64","sector_20","vaccinated","infect_symp"
"6732",10,0,"20-64","sector_20","vaccinated","infect_symp"
"6733",0,0,"20-64","sector_21","vaccinated","infect_symp"
"6734",1,0,"20-64","sector_21","vaccinated","infect_symp"
"6735",2,0,"20-64","sector_21","vaccinated","infect_symp"
"6736",3,0,"20-64","sector_21","vaccinated","infect_symp"
"6737",4,0,"20-64","sector_21","vaccinated","infect_symp"
"6738",5,0,"20-64","sector_21","vaccinated","infect_symp"
"6739",6,0,"20-64","sector_21","vaccinated","infect_symp"
"6740",7,0,"20-64","sector_21","vaccinated","infect_symp"
"6741",8,0,"20-64","sector_21","vaccinated","infect_symp"
"6742",9,0,"20-64","sector_21","vaccinated","infect_symp"
"6743",10,0,"20-64","sector_21","vaccinated","infect_symp"
"6744",0,0,"20-64","sector_22","vaccinated","infect_symp"
"6745",1,0,"20-64","sector_22","vaccinated","infect_symp"
"6746",2,0,"20-64","sector_22","vaccinated","infect_symp"
"6747",3,0,"20-64","sector_22","vaccinated","infect_symp"
"6748",4,0,"20-64","sector_22","vaccinated","infect_symp"
"6749",5,0,"20-64","sector_22","vaccinated","infect_symp"
"6750",6,0,"20-64","sector_22","vaccinated","infect_symp"
"6751",7,0,"20-64","sector_22","vaccinated","infect_symp"
"6752",8,0,"20-64","sector_22","vaccinated","infect_symp"
"6753",9,0,"20-64","sector_22","vaccinated","infect_symp"
"6754",10,0,"20-64","sector_22","vaccinated","infect_symp"
"6755",0,0,"20-64","sector_23","vaccinated","infect_symp"
"6756",1,0,"20-64","sector_23","vaccinated","infect_symp"
"6757",2,0,"20-64","sector_23","vaccinated","infect_symp"
"6758",3,0,"20-64","sector_23","vaccinated","infect_symp"
"6759",4,0,"20-64","sector_23","vaccinated","infect_symp"
"6760",5,0,"20-64","sector_23","vaccinated","infect_symp"
"6761",6,0,"20-64","sector_23","vaccinated","infect_symp"
"6762",7,0,"20-64","sector_23","vaccinated","infect_symp"
"6763",8,0,"20-64","sector_23","vaccinated","infect_symp"
"6764",9,0,"20-64","sector_23","vaccinated","infect_symp"
"6765",10,0,"20-64","sector_23","vaccinated","infect_symp"
"6766",0,0,"20-64","sector_24","vaccinated","infect_symp"
"6767",1,0,"20-64","sector_24","vaccinated","infect_symp"
"6768",2,0,"20-64","sector_24","vaccinated","infect_symp"
"6769",3,0,"20-64","sector_24","vaccinated","infect_symp"
"6770",4,0,"20-64","sector_24","vaccinated","infect_symp"
"6771",5,0,"20-64","sector_24","vaccinated","infect_symp"
"6772",6,0,"20-64","sector_24","vaccinated","infect_symp"
"6773",7,0,"20-64","sector_24","vaccinated","infect_symp"
"6774",8,0,"20-64","sector_24","vaccinated","infect_symp"
"6775",9,0,"20-64","sector_24","vaccinated","infect_symp"
"6776",10,0,"20-64","sector_24","vaccinated","infect_symp"
"6777",0,0,"20-64","sector_25","vaccinated","infect_symp"
"6778",1,0,"20-64","sector_25","vaccinated","infect_symp"
"6779",2,0,"20-64","sector_25","vaccinated","infect_symp"
"6780",3,0,"20-64","sector_25","vaccinated","infect_symp"
"6781",4,0,"20-64","sector_25","vaccinated","infect_symp"
"6782",5,0,"20-64","sector_25","vaccinated","infect_symp"
"6783",6,0,"20-64","sector_25","vaccinated","infect_symp"
"6784",7,0,"20-64","sector_25","vaccinated","infect_symp"
"6785",8,0,"20-64","sector_25","vaccinated","infect_symp"
"6786",9,0,"20-64","sector_25","vaccinated","infect_symp"
"6787",10,0,"20-64","sector_25","vaccinated","infect_symp"
"6788",0,0,"20-64","sector_26","vaccinated","infect_symp"
"6789",1,0,"20-64","sector_26","vaccinated","infect_symp"
"6790",2,0,"20-64","sector_26","vaccinated","infect_symp"
"6791",3,0,"20-64","sector_26","vaccinated","infect_symp"
"6792",4,0,"20-64","sector_26","vaccinated","infect_symp"
"6793",5,0,"20-64","sector_26","vaccinated","infect_symp"
"6794",6,0,"20-64","sector_26","vaccinated","infect_symp"
"6795",7,0,"20-64","sector_26","vaccinated","infect_symp"
"6796",8,0,"20-64","sector_26","vaccinated","infect_symp"
"6797",9,0,"20-64","sector_26","vaccinated","infect_symp"
"6798",10,0,"20-64","sector_26","vaccinated","infect_symp"
"6799",0,0,"20-64","sector_27","vaccinated","infect_symp"
"6800",1,0,"20-64","sector_27","vaccinated","infect_symp"
"6801",2,0,"20-64","sector_27","vaccinated","infect_symp"
"6802",3,0,"20-64","sector_27","vaccinated","infect_symp"
"6803",4,0,"20-64","sector_27","vaccinated","infect_symp"
"6804",5,0,"20-64","sector_27","vaccinated","infect_symp"
"6805",6,0,"20-64","sector_27","vaccinated","infect_symp"
"6806",7,0,"20-64","sector_27","vaccinated","infect_symp"
"6807",8,0,"20-64","sector_27","vaccinated","infect_symp"
"6808",9,0,"20-64","sector_27","vaccinated","infect_symp"
"6809",10,0,"20-64","sector_27","vaccinated","infect_symp"
"6810",0,0,"20-64","sector_28","vaccinated","infect_symp"
"6811",1,0,"20-64","sector_28","vaccinated","infect_symp"
"6812",2,0,"20-64","sector_28","vaccinated","infect_symp"
"6813",3,0,"20-64","sector_28","vaccinated","infect_symp"
"6814",4,0,"20-64","sector_28","vaccinated","infect_symp"
"6815",5,0,"20-64","sector_28","vaccinated","infect_symp"
"6816",6,0,"20-64","sector_28","vaccinated","infect_symp"
"6817",7,0,"20-64","sector_28","vaccinated","infect_symp"
"6818",8,0,"20-64","sector_28","vaccinated","infect_symp"
"6819",9,0,"20-64","sector_28","vaccinated","infect_symp"
"6820",10,0,"20-64","sector_28","vaccinated","infect_symp"
"6821",0,0,"20-64","sector_29","vaccinated","infect_symp"
"6822",1,0,"20-64","sector_29","vaccinated","infect_symp"
"6823",2,0,"20-64","sector_29","vaccinated","infect_symp"
"6824",3,0,"20-64","sector_29","vaccinated","infect_symp"
"6825",4,0,"20-64","sector_29","vaccinated","infect_symp"
"6826",5,0,"20-64","sector_29","vaccinated","infect_symp"
"6827",6,0,"20-64","sector_29","vaccinated","infect_symp"
"6828",7,0,"20-64","sector_29","vaccinated","infect_symp"
"6829",8,0,"20-64","sector_29","vaccinated","infect_symp"
"6830",9,0,"20-64","sector_29","vaccinated","infect_symp"
"6831",10,0,"20-64","sector_29","vaccinated","infect_symp"
"6832",0,0,"20-64","sector_30","vaccinated","infect_symp"
"6833",1,0,"20-64","sector_30","vaccinated","infect_symp"
"6834",2,0,"20-64","sector_30","vaccinated","infect_symp"
"6835",3,0,"20-64","sector_30","vaccinated","infect_symp"
"6836",4,0,"20-64","sector_30","vaccinated","infect_symp"
"6837",5,0,"20-64","sector_30","vaccinated","infect_symp"
"6838",6,0,"20-64","sector_30","vaccinated","infect_symp"
"6839",7,0,"20-64","sector_30","vaccinated","infect_symp"
"6840",8,0,"20-64","sector_30","vaccinated","infect_symp"
"6841",9,0,"20-64","sector_30","vaccinated","infect_symp"
"6842",10,0,"20-64","sector_30","vaccinated","infect_symp"
"6843",0,0,"20-64","sector_31","vaccinated","infect_symp"
"6844",1,0,"20-64","sector_31","vaccinated","infect_symp"
"6845",2,0,"20-64","sector_31","vaccinated","infect_symp"
"6846",3,0,"20-64","sector_31","vaccinated","infect_symp"
"6847",4,0,"20-64","sector_31","vaccinated","infect_symp"
"6848",5,0,"20-64","sector_31","vaccinated","infect_symp"
"6849",6,0,"20-64","sector_31","vaccinated","infect_symp"
"6850",7,0,"20-64","sector_31","vaccinated","infect_symp"
"6851",8,0,"20-64","sector_31","vaccinated","infect_symp"
"6852",9,0,"20-64","sector_31","vaccinated","infect_symp"
"6853",10,0,"20-64","sector_31","vaccinated","infect_symp"
"6854",0,0,"20-64","sector_32","vaccinated","infect_symp"
"6855",1,0,"20-64","sector_32","vaccinated","infect_symp"
"6856",2,0,"20-64","sector_32","vaccinated","infect_symp"
"6857",3,0,"20-64","sector_32","vaccinated","infect_symp"
"6858",4,0,"20-64","sector_32","vaccinated","infect_symp"
"6859",5,0,"20-64","sector_32","vaccinated","infect_symp"
"6860",6,0,"20-64","sector_32","vaccinated","infect_symp"
"6861",7,0,"20-64","sector_32","vaccinated","infect_symp"
"6862",8,0,"20-64","sector_32","vaccinated","infect_symp"
"6863",9,0,"20-64","sector_32","vaccinated","infect_symp"
"6864",10,0,"20-64","sector_32","vaccinated","infect_symp"
"6865",0,0,"20-64","sector_33","vaccinated","infect_symp"
"6866",1,0,"20-64","sector_33","vaccinated","infect_symp"
"6867",2,0,"20-64","sector_33","vaccinated","infect_symp"
"6868",3,0,"20-64","sector_33","vaccinated","infect_symp"
"6869",4,0,"20-64","sector_33","vaccinated","infect_symp"
"6870",5,0,"20-64","sector_33","vaccinated","infect_symp"
"6871",6,0,"20-64","sector_33","vaccinated","infect_symp"
"6872",7,0,"20-64","sector_33","vaccinated","infect_symp"
"6873",8,0,"20-64","sector_33","vaccinated","infect_symp"
"6874",9,0,"20-64","sector_33","vaccinated","infect_symp"
"6875",10,0,"20-64","sector_33","vaccinated","infect_symp"
"6876",0,0,"20-64","sector_34","vaccinated","infect_symp"
"6877",1,0,"20-64","sector_34","vaccinated","infect_symp"
"6878",2,0,"20-64","sector_34","vaccinated","infect_symp"
"6879",3,0,"20-64","sector_34","vaccinated","infect_symp"
"6880",4,0,"20-64","sector_34","vaccinated","infect_symp"
"6881",5,0,"20-64","sector_34","vaccinated","infect_symp"
"6882",6,0,"20-64","sector_34","vaccinated","infect_symp"
"6883",7,0,"20-64","sector_34","vaccinated","infect_symp"
"6884",8,0,"20-64","sector_34","vaccinated","infect_symp"
"6885",9,0,"20-64","sector_34","vaccinated","infect_symp"
"6886",10,0,"20-64","sector_34","vaccinated","infect_symp"
"6887",0,0,"20-64","sector_35","vaccinated","infect_symp"
"6888",1,0,"20-64","sector_35","vaccinated","infect_symp"
"6889",2,0,"20-64","sector_35","vaccinated","infect_symp"
"6890",3,0,"20-64","sector_35","vaccinated","infect_symp"
"6891",4,0,"20-64","sector_35","vaccinated","infect_symp"
"6892",5,0,"20-64","sector_35","vaccinated","infect_symp"
"6893",6,0,"20-64","sector_35","vaccinated","infect_symp"
"6894",7,0,"20-64","sector_35","vaccinated","infect_symp"
"6895",8,0,"20-64","sector_35","vaccinated","infect_symp"
"6896",9,0,"20-64","sector_35","vaccinated","infect_symp"
"6897",10,0,"20-64","sector_35","vaccinated","infect_symp"
"6898",0,0,"20-64","sector_36","vaccinated","infect_symp"
"6899",1,0,"20-64","sector_36","vaccinated","infect_symp"
"6900",2,0,"20-64","sector_36","vaccinated","infect_symp"
"6901",3,0,"20-64","sector_36","vaccinated","infect_symp"
"6902",4,0,"20-64","sector_36","vaccinated","infect_symp"
"6903",5,0,"20-64","sector_36","vaccinated","infect_symp"
"6904",6,0,"20-64","sector_36","vaccinated","infect_symp"
"6905",7,0,"20-64","sector_36","vaccinated","infect_symp"
"6906",8,0,"20-64","sector_36","vaccinated","infect_symp"
"6907",9,0,"20-64","sector_36","vaccinated","infect_symp"
"6908",10,0,"20-64","sector_36","vaccinated","infect_symp"
"6909",0,0,"20-64","sector_37","vaccinated","infect_symp"
"6910",1,0,"20-64","sector_37","vaccinated","infect_symp"
"6911",2,0,"20-64","sector_37","vaccinated","infect_symp"
"6912",3,0,"20-64","sector_37","vaccinated","infect_symp"
"6913",4,0,"20-64","sector_37","vaccinated","infect_symp"
"6914",5,0,"20-64","sector_37","vaccinated","infect_symp"
"6915",6,0,"20-64","sector_37","vaccinated","infect_symp"
"6916",7,0,"20-64","sector_37","vaccinated","infect_symp"
"6917",8,0,"20-64","sector_37","vaccinated","infect_symp"
"6918",9,0,"20-64","sector_37","vaccinated","infect_symp"
"6919",10,0,"20-64","sector_37","vaccinated","infect_symp"
"6920",0,0,"20-64","sector_38","vaccinated","infect_symp"
"6921",1,0,"20-64","sector_38","vaccinated","infect_symp"
"6922",2,0,"20-64","sector_38","vaccinated","infect_symp"
"6923",3,0,"20-64","sector_38","vaccinated","infect_symp"
"6924",4,0,"20-64","sector_38","vaccinated","infect_symp"
"6925",5,0,"20-64","sector_38","vaccinated","infect_symp"
"6926",6,0,"20-64","sector_38","vaccinated","infect_symp"
"6927",7,0,"20-64","sector_38","vaccinated","infect_symp"
"6928",8,0,"20-64","sector_38","vaccinated","infect_symp"
"6929",9,0,"20-64","sector_38","vaccinated","infect_symp"
"6930",10,0,"20-64","sector_38","vaccinated","infect_symp"
"6931",0,0,"20-64","sector_39","vaccinated","infect_symp"
"6932",1,0,"20-64","sector_39","vaccinated","infect_symp"
"6933",2,0,"20-64","sector_39","vaccinated","infect_symp"
"6934",3,0,"20-64","sector_39","vaccinated","infect_symp"
"6935",4,0,"20-64","sector_39","vaccinated","infect_symp"
"6936",5,0,"20-64","sector_39","vaccinated","infect_symp"
"6937",6,0,"20-64","sector_39","vaccinated","infect_symp"
"6938",7,0,"20-64","sector_39","vaccinated","infect_symp"
"6939",8,0,"20-64","sector_39","vaccinated","infect_symp"
"6940",9,0,"20-64","sector_39","vaccinated","infect_symp"
"6941",10,0,"20-64","sector_39","vaccinated","infect_symp"
"6942",0,0,"20-64","sector_40","vaccinated","infect_symp"
"6943",1,0,"20-64","sector_40","vaccinated","infect_symp"
"6944",2,0,"20-64","sector_40","vaccinated","infect_symp"
"6945",3,0,"20-64","sector_40","vaccinated","infect_symp"
"6946",4,0,"20-64","sector_40","vaccinated","infect_symp"
"6947",5,0,"20-64","sector_40","vaccinated","infect_symp"
"6948",6,0,"20-64","sector_40","vaccinated","infect_symp"
"6949",7,0,"20-64","sector_40","vaccinated","infect_symp"
"6950",8,0,"20-64","sector_40","vaccinated","infect_symp"
"6951",9,0,"20-64","sector_40","vaccinated","infect_symp"
"6952",10,0,"20-64","sector_40","vaccinated","infect_symp"
"6953",0,0,"20-64","sector_41","vaccinated","infect_symp"
"6954",1,0,"20-64","sector_41","vaccinated","infect_symp"
"6955",2,0,"20-64","sector_41","vaccinated","infect_symp"
"6956",3,0,"20-64","sector_41","vaccinated","infect_symp"
"6957",4,0,"20-64","sector_41","vaccinated","infect_symp"
"6958",5,0,"20-64","sector_41","vaccinated","infect_symp"
"6959",6,0,"20-64","sector_41","vaccinated","infect_symp"
"6960",7,0,"20-64","sector_41","vaccinated","infect_symp"
"6961",8,0,"20-64","sector_41","vaccinated","infect_symp"
"6962",9,0,"20-64","sector_41","vaccinated","infect_symp"
"6963",10,0,"20-64","sector_41","vaccinated","infect_symp"
"6964",0,0,"20-64","sector_42","vaccinated","infect_symp"
"6965",1,0,"20-64","sector_42","vaccinated","infect_symp"
"6966",2,0,"20-64","sector_42","vaccinated","infect_symp"
"6967",3,0,"20-64","sector_42","vaccinated","infect_symp"
"6968",4,0,"20-64","sector_42","vaccinated","infect_symp"
"6969",5,0,"20-64","sector_42","vaccinated","infect_symp"
"6970",6,0,"20-64","sector_42","vaccinated","infect_symp"
"6971",7,0,"20-64","sector_42","vaccinated","infect_symp"
"6972",8,0,"20-64","sector_42","vaccinated","infect_symp"
"6973",9,0,"20-64","sector_42","vaccinated","infect_symp"
"6974",10,0,"20-64","sector_42","vaccinated","infect_symp"
"6975",0,0,"20-64","sector_43","vaccinated","infect_symp"
"6976",1,0,"20-64","sector_43","vaccinated","infect_symp"
"6977",2,0,"20-64","sector_43","vaccinated","infect_symp"
"6978",3,0,"20-64","sector_43","vaccinated","infect_symp"
"6979",4,0,"20-64","sector_43","vaccinated","infect_symp"
"6980",5,0,"20-64","sector_43","vaccinated","infect_symp"
"6981",6,0,"20-64","sector_43","vaccinated","infect_symp"
"6982",7,0,"20-64","sector_43","vaccinated","infect_symp"
"6983",8,0,"20-64","sector_43","vaccinated","infect_symp"
"6984",9,0,"20-64","sector_43","vaccinated","infect_symp"
"6985",10,0,"20-64","sector_43","vaccinated","infect_symp"
"6986",0,0,"20-64","sector_44","vaccinated","infect_symp"
"6987",1,0,"20-64","sector_44","vaccinated","infect_symp"
"6988",2,0,"20-64","sector_44","vaccinated","infect_symp"
"6989",3,0,"20-64","sector_44","vaccinated","infect_symp"
"6990",4,0,"20-64","sector_44","vaccinated","infect_symp"
"6991",5,0,"20-64","sector_44","vaccinated","infect_symp"
"6992",6,0,"20-64","sector_44","vaccinated","infect_symp"
"6993",7,0,"20-64","sector_44","vaccinated","infect_symp"
"6994",8,0,"20-64","sector_44","vaccinated","infect_symp"
"6995",9,0,"20-64","sector_44","vaccinated","infect_symp"
"6996",10,0,"20-64","sector_44","vaccinated","infect_symp"
"6997",0,0,"20-64","sector_45","vaccinated","infect_symp"
"6998",1,0,"20-64","sector_45","vaccinated","infect_symp"
"6999",2,0,"20-64","sector_45","vaccinated","infect_symp"
"7000",3,0,"20-64","sector_45","vaccinated","infect_symp"
"7001",4,0,"20-64","sector_45","vaccinated","infect_symp"
"7002",5,0,"20-64","sector_45","vaccinated","infect_symp"
"7003",6,0,"20-64","sector_45","vaccinated","infect_symp"
"7004",7,0,"20-64","sector_45","vaccinated","infect_symp"
"7005",8,0,"20-64","sector_45","vaccinated","infect_symp"
"7006",9,0,"20-64","sector_45","vaccinated","infect_symp"
"7007",10,0,"20-64","sector_45","vaccinated","infect_symp"
"7008",0,0,"0-4","sector_00","vaccinated","infect_asymp"
"7009",1,0,"0-4","sector_00","vaccinated","infect_asymp"
"7010",2,0,"0-4","sector_00","vaccinated","infect_asymp"
"7011",3,0,"0-4","sector_00","vaccinated","infect_asymp"
"7012",4,0,"0-4","sector_00","vaccinated","infect_asymp"
"7013",5,0,"0-4","sector_00","vaccinated","infect_asymp"
"7014",6,0,"0-4","sector_00","vaccinated","infect_asymp"
"7015",7,0,"0-4","sector_00","vaccinated","infect_asymp"
"7016",8,0,"0-4","sector_00","vaccinated","infect_asymp"
"7017",9,0,"0-4","sector_00","vaccinated","infect_asymp"
"7018",10,0,"0-4","sector_00","vaccinated","infect_asymp"
"7019",0,0,"5-19","sector_00","vaccinated","infect_asymp"
"7020",1,0,"5-19","sector_00","vaccinated","infect_asymp"
"7021",2,0,"5-19","sector_00","vaccinated","infect_asymp"
"7022",3,0,"5-19","sector_00","vaccinated","infect_asymp"
"7023",4,0,"5-19","sector_00","vaccinated","infect_asymp"
"7024",5,0,"5-19","sector_00","vaccinated","infect_asymp"
"7025",6,0,"5-19","sector_00","vaccinated","infect_asymp"
"7026",7,0,"5-19","sector_00","vaccinated","infect_asymp"
"7027",8,0,"5-19","sector_00","vaccinated","infect_asymp"
"7028",9,0,"5-19","sector_00","vaccinated","infect_asymp"
"7029",10,0,"5-19","sector_00","vaccinated","infect_asymp"
"7030",0,0,"20-64","sector_00","vaccinated","infect_asymp"
"7031",1,0,"20-64","sector_00","vaccinated","infect_asymp"
"7032",2,0,"20-64","sector_00","vaccinated","infect_asymp"
"7033",3,0,"20-64","sector_00","vaccinated","infect_asymp"
"7034",4,0,"20-64","sector_00","vaccinated","infect_asymp"
"7035",5,0,"20-64","sector_00","vaccinated","infect_asymp"
"7036",6,0,"20-64","sector_00","vaccinated","infect_asymp"
"7037",7,0,"20-64","sector_00","vaccinated","infect_asymp"
"7038",8,0,"20-64","sector_00","vaccinated","infect_asymp"
"7039",9,0,"20-64","sector_00","vaccinated","infect_asymp"
"7040",10,0,"20-64","sector_00","vaccinated","infect_asymp"
"7041",0,0,"65+","sector_00","vaccinated","infect_asymp"
"7042",1,0,"65+","sector_00","vaccinated","infect_asymp"
"7043",2,0,"65+","sector_00","vaccinated","infect_asymp"
"7044",3,0,"65+","sector_00","vaccinated","infect_asymp"
"7045",4,0,"65+","sector_00","vaccinated","infect_asymp"
"7046",5,0,"65+","sector_00","vaccinated","infect_asymp"
"7047",6,0,"65+","sector_00","vaccinated","infect_asymp"
"7048",7,0,"65+","sector_00","vaccinated","infect_asymp"
"7049",8,0,"65+","sector_00","vaccinated","infect_asymp"
"7050",9,0,"65+","sector_00","vaccinated","infect_asymp"
"7051",10,0,"65+","sector_00","vaccinated","infect_asymp"
"7052",0,0,"20-64","sector_01","vaccinated","infect_asymp"
"7053",1,0,"20-64","sector_01","vaccinated","infect_asymp"
"7054",2,0,"20-64","sector_01","vaccinated","infect_asymp"
"7055",3,0,"20-64","sector_01","vaccinated","infect_asymp"
"7056",4,0,"20-64","sector_01","vaccinated","infect_asymp"
"7057",5,0,"20-64","sector_01","vaccinated","infect_asymp"
"7058",6,0,"20-64","sector_01","vaccinated","infect_asymp"
"7059",7,0,"20-64","sector_01","vaccinated","infect_asymp"
"7060",8,0,"20-64","sector_01","vaccinated","infect_asymp"
"7061",9,0,"20-64","sector_01","vaccinated","infect_asymp"
"7062",10,0,"20-64","sector_01","vaccinated","infect_asymp"
"7063",0,0,"20-64","sector_02","vaccinated","infect_asymp"
"7064",1,0,"20-64","sector_02","vaccinated","infect_asymp"
"7065",2,0,"20-64","sector_02","vaccinated","infect_asymp"
"7066",3,0,"20-64","sector_02","vaccinated","infect_asymp"
"7067",4,0,"20-64","sector_02","vaccinated","infect_asymp"
"7068",5,0,"20-64","sector_02","vaccinated","infect_asymp"
"7069",6,0,"20-64","sector_02","vaccinated","infect_asymp"
"7070",7,0,"20-64","sector_02","vaccinated","infect_asymp"
"7071",8,0,"20-64","sector_02","vaccinated","infect_asymp"
"7072",9,0,"20-64","sector_02","vaccinated","infect_asymp"
"7073",10,0,"20-64","sector_02","vaccinated","infect_asymp"
"7074",0,0,"20-64","sector_03","vaccinated","infect_asymp"
"7075",1,0,"20-64","sector_03","vaccinated","infect_asymp"
"7076",2,0,"20-64","sector_03","vaccinated","infect_asymp"
"7077",3,0,"20-64","sector_03","vaccinated","infect_asymp"
"7078",4,0,"20-64","sector_03","vaccinated","infect_asymp"
"7079",5,0,"20-64","sector_03","vaccinated","infect_asymp"
"7080",6,0,"20-64","sector_03","vaccinated","infect_asymp"
"7081",7,0,"20-64","sector_03","vaccinated","infect_asymp"
"7082",8,0,"20-64","sector_03","vaccinated","infect_asymp"
"7083",9,0,"20-64","sector_03","vaccinated","infect_asymp"
"7084",10,0,"20-64","sector_03","vaccinated","infect_asymp"
"7085",0,0,"20-64","sector_04","vaccinated","infect_asymp"
"7086",1,0,"20-64","sector_04","vaccinated","infect_asymp"
"7087",2,0,"20-64","sector_04","vaccinated","infect_asymp"
"7088",3,0,"20-64","sector_04","vaccinated","infect_asymp"
"7089",4,0,"20-64","sector_04","vaccinated","infect_asymp"
"7090",5,0,"20-64","sector_04","vaccinated","infect_asymp"
"7091",6,0,"20-64","sector_04","vaccinated","infect_asymp"
"7092",7,0,"20-64","sector_04","vaccinated","infect_asymp"
"7093",8,0,"20-64","sector_04","vaccinated","infect_asymp"
"7094",9,0,"20-64","sector_04","vaccinated","infect_asymp"
"7095",10,0,"20-64","sector_04","vaccinated","infect_asymp"
"7096",0,0,"20-64","sector_05","vaccinated","infect_asymp"
"7097",1,0,"20-64","sector_05","vaccinated","infect_asymp"
"7098",2,0,"20-64","sector_05","vaccinated","infect_asymp"
"7099",3,0,"20-64","sector_05","vaccinated","infect_asymp"
"7100",4,0,"20-64","sector_05","vaccinated","infect_asymp"
"7101",5,0,"20-64","sector_05","vaccinated","infect_asymp"
"7102",6,0,"20-64","sector_05","vaccinated","infect_asymp"
"7103",7,0,"20-64","sector_05","vaccinated","infect_asymp"
"7104",8,0,"20-64","sector_05","vaccinated","infect_asymp"
"7105",9,0,"20-64","sector_05","vaccinated","infect_asymp"
"7106",10,0,"20-64","sector_05","vaccinated","infect_asymp"
"7107",0,0,"20-64","sector_06","vaccinated","infect_asymp"
"7108",1,0,"20-64","sector_06","vaccinated","infect_asymp"
"7109",2,0,"20-64","sector_06","vaccinated","infect_asymp"
"7110",3,0,"20-64","sector_06","vaccinated","infect_asymp"
"7111",4,0,"20-64","sector_06","vaccinated","infect_asymp"
"7112",5,0,"20-64","sector_06","vaccinated","infect_asymp"
"7113",6,0,"20-64","sector_06","vaccinated","infect_asymp"
"7114",7,0,"20-64","sector_06","vaccinated","infect_asymp"
"7115",8,0,"20-64","sector_06","vaccinated","infect_asymp"
"7116",9,0,"20-64","sector_06","vaccinated","infect_asymp"
"7117",10,0,"20-64","sector_06","vaccinated","infect_asymp"
"7118",0,0,"20-64","sector_07","vaccinated","infect_asymp"
"7119",1,0,"20-64","sector_07","vaccinated","infect_asymp"
"7120",2,0,"20-64","sector_07","vaccinated","infect_asymp"
"7121",3,0,"20-64","sector_07","vaccinated","infect_asymp"
"7122",4,0,"20-64","sector_07","vaccinated","infect_asymp"
"7123",5,0,"20-64","sector_07","vaccinated","infect_asymp"
"7124",6,0,"20-64","sector_07","vaccinated","infect_asymp"
"7125",7,0,"20-64","sector_07","vaccinated","infect_asymp"
"7126",8,0,"20-64","sector_07","vaccinated","infect_asymp"
"7127",9,0,"20-64","sector_07","vaccinated","infect_asymp"
"7128",10,0,"20-64","sector_07","vaccinated","infect_asymp"
"7129",0,0,"20-64","sector_08","vaccinated","infect_asymp"
"7130",1,0,"20-64","sector_08","vaccinated","infect_asymp"
"7131",2,0,"20-64","sector_08","vaccinated","infect_asymp"
"7132",3,0,"20-64","sector_08","vaccinated","infect_asymp"
"7133",4,0,"20-64","sector_08","vaccinated","infect_asymp"
"7134",5,0,"20-64","sector_08","vaccinated","infect_asymp"
"7135",6,0,"20-64","sector_08","vaccinated","infect_asymp"
"7136",7,0,"20-64","sector_08","vaccinated","infect_asymp"
"7137",8,0,"20-64","sector_08","vaccinated","infect_asymp"
"7138",9,0,"20-64","sector_08","vaccinated","infect_asymp"
"7139",10,0,"20-64","sector_08","vaccinated","infect_asymp"
"7140",0,0,"20-64","sector_09","vaccinated","infect_asymp"
"7141",1,0,"20-64","sector_09","vaccinated","infect_asymp"
"7142",2,0,"20-64","sector_09","vaccinated","infect_asymp"
"7143",3,0,"20-64","sector_09","vaccinated","infect_asymp"
"7144",4,0,"20-64","sector_09","vaccinated","infect_asymp"
"7145",5,0,"20-64","sector_09","vaccinated","infect_asymp"
"7146",6,0,"20-64","sector_09","vaccinated","infect_asymp"
"7147",7,0,"20-64","sector_09","vaccinated","infect_asymp"
"7148",8,0,"20-64","sector_09","vaccinated","infect_asymp"
"7149",9,0,"20-64","sector_09","vaccinated","infect_asymp"
"7150",10,0,"20-64","sector_09","vaccinated","infect_asymp"
"7151",0,0,"20-64","sector_10","vaccinated","infect_asymp"
"7152",1,0,"20-64","sector_10","vaccinated","infect_asymp"
"7153",2,0,"20-64","sector_10","vaccinated","infect_asymp"
"7154",3,0,"20-64","sector_10","vaccinated","infect_asymp"
"7155",4,0,"20-64","sector_10","vaccinated","infect_asymp"
"7156",5,0,"20-64","sector_10","vaccinated","infect_asymp"
"7157",6,0,"20-64","sector_10","vaccinated","infect_asymp"
"7158",7,0,"20-64","sector_10","vaccinated","infect_asymp"
"7159",8,0,"20-64","sector_10","vaccinated","infect_asymp"
"7160",9,0,"20-64","sector_10","vaccinated","infect_asymp"
"7161",10,0,"20-64","sector_10","vaccinated","infect_asymp"
"7162",0,0,"20-64","sector_11","vaccinated","infect_asymp"
"7163",1,0,"20-64","sector_11","vaccinated","infect_asymp"
"7164",2,0,"20-64","sector_11","vaccinated","infect_asymp"
"7165",3,0,"20-64","sector_11","vaccinated","infect_asymp"
"7166",4,0,"20-64","sector_11","vaccinated","infect_asymp"
"7167",5,0,"20-64","sector_11","vaccinated","infect_asymp"
"7168",6,0,"20-64","sector_11","vaccinated","infect_asymp"
"7169",7,0,"20-64","sector_11","vaccinated","infect_asymp"
"7170",8,0,"20-64","sector_11","vaccinated","infect_asymp"
"7171",9,0,"20-64","sector_11","vaccinated","infect_asymp"
"7172",10,0,"20-64","sector_11","vaccinated","infect_asymp"
"7173",0,0,"20-64","sector_12","vaccinated","infect_asymp"
"7174",1,0,"20-64","sector_12","vaccinated","infect_asymp"
"7175",2,0,"20-64","sector_12","vaccinated","infect_asymp"
"7176",3,0,"20-64","sector_12","vaccinated","infect_asymp"
"7177",4,0,"20-64","sector_12","vaccinated","infect_asymp"
"7178",5,0,"20-64","sector_12","vaccinated","infect_asymp"
"7179",6,0,"20-64","sector_12","vaccinated","infect_asymp"
"7180",7,0,"20-64","sector_12","vaccinated","infect_asymp"
"7181",8,0,"20-64","sector_12","vaccinated","infect_asymp"
"7182",9,0,"20-64","sector_12","vaccinated","infect_asymp"
"7183",10,0,"20-64","sector_12","vaccinated","infect_asymp"
"7184",0,0,"20-64","sector_13","vaccinated","infect_asymp"
"7185",1,0,"20-64","sector_13","vaccinated","infect_asymp"
"7186",2,0,"20-64","sector_13","vaccinated","infect_asymp"
"7187",3,0,"20-64","sector_13","vaccinated","infect_asymp"
"7188",4,0,"20-64","sector_13","vaccinated","infect_asymp"
"7189",5,0,"20-64","sector_13","vaccinated","infect_asymp"
"7190",6,0,"20-64","sector_13","vaccinated","infect_asymp"
"7191",7,0,"20-64","sector_13","vaccinated","infect_asymp"
"7192",8,0,"20-64","sector_13","vaccinated","infect_asymp"
"7193",9,0,"20-64","sector_13","vaccinated","infect_asymp"
"7194",10,0,"20-64","sector_13","vaccinated","infect_asymp"
"7195",0,0,"20-64","sector_14","vaccinated","infect_asymp"
"7196",1,0,"20-64","sector_14","vaccinated","infect_asymp"
"7197",2,0,"20-64","sector_14","vaccinated","infect_asymp"
"7198",3,0,"20-64","sector_14","vaccinated","infect_asymp"
"7199",4,0,"20-64","sector_14","vaccinated","infect_asymp"
"7200",5,0,"20-64","sector_14","vaccinated","infect_asymp"
"7201",6,0,"20-64","sector_14","vaccinated","infect_asymp"
"7202",7,0,"20-64","sector_14","vaccinated","infect_asymp"
"7203",8,0,"20-64","sector_14","vaccinated","infect_asymp"
"7204",9,0,"20-64","sector_14","vaccinated","infect_asymp"
"7205",10,0,"20-64","sector_14","vaccinated","infect_asymp"
"7206",0,0,"20-64","sector_15","vaccinated","infect_asymp"
"7207",1,0,"20-64","sector_15","vaccinated","infect_asymp"
"7208",2,0,"20-64","sector_15","vaccinated","infect_asymp"
"7209",3,0,"20-64","sector_15","vaccinated","infect_asymp"
"7210",4,0,"20-64","sector_15","vaccinated","infect_asymp"
"7211",5,0,"20-64","sector_15","vaccinated","infect_asymp"
"7212",6,0,"20-64","sector_15","vaccinated","infect_asymp"
"7213",7,0,"20-64","sector_15","vaccinated","infect_asymp"
"7214",8,0,"20-64","sector_15","vaccinated","infect_asymp"
"7215",9,0,"20-64","sector_15","vaccinated","infect_asymp"
"7216",10,0,"20-64","sector_15","vaccinated","infect_asymp"
"7217",0,0,"20-64","sector_16","vaccinated","infect_asymp"
"7218",1,0,"20-64","sector_16","vaccinated","infect_asymp"
"7219",2,0,"20-64","sector_16","vaccinated","infect_asymp"
"7220",3,0,"20-64","sector_16","vaccinated","infect_asymp"
"7221",4,0,"20-64","sector_16","vaccinated","infect_asymp"
"7222",5,0,"20-64","sector_16","vaccinated","infect_asymp"
"7223",6,0,"20-64","sector_16","vaccinated","infect_asymp"
"7224",7,0,"20-64","sector_16","vaccinated","infect_asymp"
"7225",8,0,"20-64","sector_16","vaccinated","infect_asymp"
"7226",9,0,"20-64","sector_16","vaccinated","infect_asymp"
"7227",10,0,"20-64","sector_16","vaccinated","infect_asymp"
"7228",0,0,"20-64","sector_17","vaccinated","infect_asymp"
"7229",1,0,"20-64","sector_17","vaccinated","infect_asymp"
"7230",2,0,"20-64","sector_17","vaccinated","infect_asymp"
"7231",3,0,"20-64","sector_17","vaccinated","infect_asymp"
"7232",4,0,"20-64","sector_17","vaccinated","infect_asymp"
"7233",5,0,"20-64","sector_17","vaccinated","infect_asymp"
"7234",6,0,"20-64","sector_17","vaccinated","infect_asymp"
"7235",7,0,"20-64","sector_17","vaccinated","infect_asymp"
"7236",8,0,"20-64","sector_17","vaccinated","infect_asymp"
"7237",9,0,"20-64","sector_17","vaccinated","infect_asymp"
"7238",10,0,"20-64","sector_17","vaccinated","infect_asymp"
"7239",0,0,"20-64","sector_18","vaccinated","infect_asymp"
"7240",1,0,"20-64","sector_18","vaccinated","infect_asymp"
"7241",2,0,"20-64","sector_18","vaccinated","infect_asymp"
"7242",3,0,"20-64","sector_18","vaccinated","infect_asymp"
"7243",4,0,"20-64","sector_18","vaccinated","infect_asymp"
"7244",5,0,"20-64","sector_18","vaccinated","infect_asymp"
"7245",6,0,"20-64","sector_18","vaccinated","infect_asymp"
"7246",7,0,"20-64","sector_18","vaccinated","infect_asymp"
"7247",8,0,"20-64","sector_18","vaccinated","infect_asymp"
"7248",9,0,"20-64","sector_18","vaccinated","infect_asymp"
"7249",10,0,"20-64","sector_18","vaccinated","infect_asymp"
"7250",0,0,"20-64","sector_19","vaccinated","infect_asymp"
"7251",1,0,"20-64","sector_19","vaccinated","infect_asymp"
"7252",2,0,"20-64","sector_19","vaccinated","infect_asymp"
"7253",3,0,"20-64","sector_19","vaccinated","infect_asymp"
"7254",4,0,"20-64","sector_19","vaccinated","infect_asymp"
"7255",5,0,"20-64","sector_19","vaccinated","infect_asymp"
"7256",6,0,"20-64","sector_19","vaccinated","infect_asymp"
"7257",7,0,"20-64","sector_19","vaccinated","infect_asymp"
"7258",8,0,"20-64","sector_19","vaccinated","infect_asymp"
"7259",9,0,"20-64","sector_19","vaccinated","infect_asymp"
"7260",10,0,"20-64","sector_19","vaccinated","infect_asymp"
"7261",0,0,"20-64","sector_20","vaccinated","infect_asymp"
"7262",1,0,"20-64","sector_20","vaccinated","infect_asymp"
"7263",2,0,"20-64","sector_20","vaccinated","infect_asymp"
"7264",3,0,"20-64","sector_20","vaccinated","infect_asymp"
"7265",4,0,"20-64","sector_20","vaccinated","infect_asymp"
"7266",5,0,"20-64","sector_20","vaccinated","infect_asymp"
"7267",6,0,"20-64","sector_20","vaccinated","infect_asymp"
"7268",7,0,"20-64","sector_20","vaccinated","infect_asymp"
"7269",8,0,"20-64","sector_20","vaccinated","infect_asymp"
"7270",9,0,"20-64","sector_20","vaccinated","infect_asymp"
"7271",10,0,"20-64","sector_20","vaccinated","infect_asymp"
"7272",0,0,"20-64","sector_21","vaccinated","infect_asymp"
"7273",1,0,"20-64","sector_21","vaccinated","infect_asymp"
"7274",2,0,"20-64","sector_21","vaccinated","infect_asymp"
"7275",3,0,"20-64","sector_21","vaccinated","infect_asymp"
"7276",4,0,"20-64","sector_21","vaccinated","infect_asymp"
"7277",5,0,"20-64","sector_21","vaccinated","infect_asymp"
"7278",6,0,"20-64","sector_21","vaccinated","infect_asymp"
"7279",7,0,"20-64","sector_21","vaccinated","infect_asymp"
"7280",8,0,"20-64","sector_21","vaccinated","infect_asymp"
"7281",9,0,"20-64","sector_21","vaccinated","infect_asymp"
"7282",10,0,"20-64","sector_21","vaccinated","infect_asymp"
"7283",0,0,"20-64","sector_22","vaccinated","infect_asymp"
"7284",1,0,"20-64","sector_22","vaccinated","infect_asymp"
"7285",2,0,"20-64","sector_22","vaccinated","infect_asymp"
"7286",3,0,"20-64","sector_22","vaccinated","infect_asymp"
"7287",4,0,"20-64","sector_22","vaccinated","infect_asymp"
"7288",5,0,"20-64","sector_22","vaccinated","infect_asymp"
"7289",6,0,"20-64","sector_22","vaccinated","infect_asymp"
"7290",7,0,"20-64","sector_22","vaccinated","infect_asymp"
"7291",8,0,"20-64","sector_22","vaccinated","infect_asymp"
"7292",9,0,"20-64","sector_22","vaccinated","infect_asymp"
"7293",10,0,"20-64","sector_22","vaccinated","infect_asymp"
"7294",0,0,"20-64","sector_23","vaccinated","infect_asymp"
"7295",1,0,"20-64","sector_23","vaccinated","infect_asymp"
"7296",2,0,"20-64","sector_23","vaccinated","infect_asymp"
"7297",3,0,"20-64","sector_23","vaccinated","infect_asymp"
"7298",4,0,"20-64","sector_23","vaccinated","infect_asymp"
"7299",5,0,"20-64","sector_23","vaccinated","infect_asymp"
"7300",6,0,"20-64","sector_23","vaccinated","infect_asymp"
"7301",7,0,"20-64","sector_23","vaccinated","infect_asymp"
"7302",8,0,"20-64","sector_23","vaccinated","infect_asymp"
"7303",9,0,"20-64","sector_23","vaccinated","infect_asymp"
"7304",10,0,"20-64","sector_23","vaccinated","infect_asymp"
"7305",0,0,"20-64","sector_24","vaccinated","infect_asymp"
"7306",1,0,"20-64","sector_24","vaccinated","infect_asymp"
"7307",2,0,"20-64","sector_24","vaccinated","infect_asymp"
"7308",3,0,"20-64","sector_24","vaccinated","infect_asymp"
"7309",4,0,"20-64","sector_24","vaccinated","infect_asymp"
"7310",5,0,"20-64","sector_24","vaccinated","infect_asymp"
"7311",6,0,"20-64","sector_24","vaccinated","infect_asymp"
"7312",7,0,"20-64","sector_24","vaccinated","infect_asymp"
"7313",8,0,"20-64","sector_24","vaccinated","infect_asymp"
"7314",9,0,"20-64","sector_24","vaccinated","infect_asymp"
"7315",10,0,"20-64","sector_24","vaccinated","infect_asymp"
"7316",0,0,"20-64","sector_25","vaccinated","infect_asymp"
"7317",1,0,"20-64","sector_25","vaccinated","infect_asymp"
"7318",2,0,"20-64","sector_25","vaccinated","infect_asymp"
"7319",3,0,"20-64","sector_25","vaccinated","infect_asymp"
"7320",4,0,"20-64","sector_25","vaccinated","infect_asymp"
"7321",5,0,"20-64","sector_25","vaccinated","infect_asymp"
"7322",6,0,"20-64","sector_25","vaccinated","infect_asymp"
"7323",7,0,"20-64","sector_25","vaccinated","infect_asymp"
"7324",8,0,"20-64","sector_25","vaccinated","infect_asymp"
"7325",9,0,"20-64","sector_25","vaccinated","infect_asymp"
"7326",10,0,"20-64","sector_25","vaccinated","infect_asymp"
"7327",0,0,"20-64","sector_26","vaccinated","infect_asymp"
"7328",1,0,"20-64","sector_26","vaccinated","infect_asymp"
"7329",2,0,"20-64","sector_26","vaccinated","infect_asymp"
"7330",3,0,"20-64","sector_26","vaccinated","infect_asymp"
"7331",4,0,"20-64","sector_26","vaccinated","infect_asymp"
"7332",5,0,"20-64","sector_26","vaccinated","infect_asymp"
"7333",6,0,"20-64","sector_26","vaccinated","infect_asymp"
"7334",7,0,"20-64","sector_26","vaccinated","infect_asymp"
"7335",8,0,"20-64","sector_26","vaccinated","infect_asymp"
"7336",9,0,"20-64","sector_26","vaccinated","infect_asymp"
"7337",10,0,"20-64","sector_26","vaccinated","infect_asymp"
"7338",0,0,"20-64","sector_27","vaccinated","infect_asymp"
"7339",1,0,"20-64","sector_27","vaccinated","infect_asymp"
"7340",2,0,"20-64","sector_27","vaccinated","infect_asymp"
"7341",3,0,"20-64","sector_27","vaccinated","infect_asymp"
"7342",4,0,"20-64","sector_27","vaccinated","infect_asymp"
"7343",5,0,"20-64","sector_27","vaccinated","infect_asymp"
"7344",6,0,"20-64","sector_27","vaccinated","infect_asymp"
"7345",7,0,"20-64","sector_27","vaccinated","infect_asymp"
"7346",8,0,"20-64","sector_27","vaccinated","infect_asymp"
"7347",9,0,"20-64","sector_27","vaccinated","infect_asymp"
"7348",10,0,"20-64","sector_27","vaccinated","infect_asymp"
"7349",0,0,"20-64","sector_28","vaccinated","infect_asymp"
"7350",1,0,"20-64","sector_28","vaccinated","infect_asymp"
"7351",2,0,"20-64","sector_28","vaccinated","infect_asymp"
"7352",3,0,"20-64","sector_28","vaccinated","infect_asymp"
"7353",4,0,"20-64","sector_28","vaccinated","infect_asymp"
"7354",5,0,"20-64","sector_28","vaccinated","infect_asymp"
"7355",6,0,"20-64","sector_28","vaccinated","infect_asymp"
"7356",7,0,"20-64","sector_28","vaccinated","infect_asymp"
"7357",8,0,"20-64","sector_28","vaccinated","infect_asymp"
"7358",9,0,"20-64","sector_28","vaccinated","infect_asymp"
"7359",10,0,"20-64","sector_28","vaccinated","infect_asymp"
"7360",0,0,"20-64","sector_29","vaccinated","infect_asymp"
"7361",1,0,"20-64","sector_29","vaccinated","infect_asymp"
"7362",2,0,"20-64","sector_29","vaccinated","infect_asymp"
"7363",3,0,"20-64","sector_29","vaccinated","infect_asymp"
"7364",4,0,"20-64","sector_29","vaccinated","infect_asymp"
"7365",5,0,"20-64","sector_29","vaccinated","infect_asymp"
"7366",6,0,"20-64","sector_29","vaccinated","infect_asymp"
"7367",7,0,"20-64","sector_29","vaccinated","infect_asymp"
"7368",8,0,"20-64","sector_29","vaccinated","infect_asymp"
"7369",9,0,"20-64","sector_29","vaccinated","infect_asymp"
"7370",10,0,"20-64","sector_29","vaccinated","infect_asymp"
"7371",0,0,"20-64","sector_30","vaccinated","infect_asymp"
"7372",1,0,"20-64","sector_30","vaccinated","infect_asymp"
"7373",2,0,"20-64","sector_30","vaccinated","infect_asymp"
"7374",3,0,"20-64","sector_30","vaccinated","infect_asymp"
"7375",4,0,"20-64","sector_30","vaccinated","infect_asymp"
"7376",5,0,"20-64","sector_30","vaccinated","infect_asymp"
"7377",6,0,"20-64","sector_30","vaccinated","infect_asymp"
"7378",7,0,"20-64","sector_30","vaccinated","infect_asymp"
"7379",8,0,"20-64","sector_30","vaccinated","infect_asymp"
"7380",9,0,"20-64","sector_30","vaccinated","infect_asymp"
"7381",10,0,"20-64","sector_30","vaccinated","infect_asymp"
"7382",0,0,"20-64","sector_31","vaccinated","infect_asymp"
"7383",1,0,"20-64","sector_31","vaccinated","infect_asymp"
"7384",2,0,"20-64","sector_31","vaccinated","infect_asymp"
"7385",3,0,"20-64","sector_31","vaccinated","infect_asymp"
"7386",4,0,"20-64","sector_31","vaccinated","infect_asymp"
"7387",5,0,"20-64","sector_31","vaccinated","infect_asymp"
"7388",6,0,"20-64","sector_31","vaccinated","infect_asymp"
"7389",7,0,"20-64","sector_31","vaccinated","infect_asymp"
"7390",8,0,"20-64","sector_31","vaccinated","infect_asymp"
"7391",9,0,"20-64","sector_31","vaccinated","infect_asymp"
"7392",10,0,"20-64","sector_31","vaccinated","infect_asymp"
"7393",0,0,"20-64","sector_32","vaccinated","infect_asymp"
"7394",1,0,"20-64","sector_32","vaccinated","infect_asymp"
"7395",2,0,"20-64","sector_32","vaccinated","infect_asymp"
"7396",3,0,"20-64","sector_32","vaccinated","infect_asymp"
"7397",4,0,"20-64","sector_32","vaccinated","infect_asymp"
"7398",5,0,"20-64","sector_32","vaccinated","infect_asymp"
"7399",6,0,"20-64","sector_32","vaccinated","infect_asymp"
"7400",7,0,"20-64","sector_32","vaccinated","infect_asymp"
"7401",8,0,"20-64","sector_32","vaccinated","infect_asymp"
"7402",9,0,"20-64","sector_32","vaccinated","infect_asymp"
"7403",10,0,"20-64","sector_32","vaccinated","infect_asymp"
"7404",0,0,"20-64","sector_33","vaccinated","infect_asymp"
"7405",1,0,"20-64","sector_33","vaccinated","infect_asymp"
"7406",2,0,"20-64","sector_33","vaccinated","infect_asymp"
"7407",3,0,"20-64","sector_33","vaccinated","infect_asymp"
"7408",4,0,"20-64","sector_33","vaccinated","infect_asymp"
"7409",5,0,"20-64","sector_33","vaccinated","infect_asymp"
"7410",6,0,"20-64","sector_33","vaccinated","infect_asymp"
"7411",7,0,"20-64","sector_33","vaccinated","infect_asymp"
"7412",8,0,"20-64","sector_33","vaccinated","infect_asymp"
"7413",9,0,"20-64","sector_33","vaccinated","infect_asymp"
"7414",10,0,"20-64","sector_33","vaccinated","infect_asymp"
"7415",0,0,"20-64","sector_34","vaccinated","infect_asymp"
"7416",1,0,"20-64","sector_34","vaccinated","infect_asymp"
"7417",2,0,"20-64","sector_34","vaccinated","infect_asymp"
"7418",3,0,"20-64","sector_34","vaccinated","infect_asymp"
"7419",4,0,"20-64","sector_34","vaccinated","infect_asymp"
"7420",5,0,"20-64","sector_34","vaccinated","infect_asymp"
"7421",6,0,"20-64","sector_34","vaccinated","infect_asymp"
"7422",7,0,"20-64","sector_34","vaccinated","infect_asymp"
"7423",8,0,"20-64","sector_34","vaccinated","infect_asymp"
"7424",9,0,"20-64","sector_34","vaccinated","infect_asymp"
"7425",10,0,"20-64","sector_34","vaccinated","infect_asymp"
"7426",0,0,"20-64","sector_35","vaccinated","infect_asymp"
"7427",1,0,"20-64","sector_35","vaccinated","infect_asymp"
"7428",2,0,"20-64","sector_35","vaccinated","infect_asymp"
"7429",3,0,"20-64","sector_35","vaccinated","infect_asymp"
"7430",4,0,"20-64","sector_35","vaccinated","infect_asymp"
"7431",5,0,"20-64","sector_35","vaccinated","infect_asymp"
"7432",6,0,"20-64","sector_35","vaccinated","infect_asymp"
"7433",7,0,"20-64","sector_35","vaccinated","infect_asymp"
"7434",8,0,"20-64","sector_35","vaccinated","infect_asymp"
"7435",9,0,"20-64","sector_35","vaccinated","infect_asymp"
"7436",10,0,"20-64","sector_35","vaccinated","infect_asymp"
"7437",0,0,"20-64","sector_36","vaccinated","infect_asymp"
"7438",1,0,"20-64","sector_36","vaccinated","infect_asymp"
"7439",2,0,"20-64","sector_36","vaccinated","infect_asymp"
"7440",3,0,"20-64","sector_36","vaccinated","infect_asymp"
"7441",4,0,"20-64","sector_36","vaccinated","infect_asymp"
"7442",5,0,"20-64","sector_36","vaccinated","infect_asymp"
"7443",6,0,"20-64","sector_36","vaccinated","infect_asymp"
"7444",7,0,"20-64","sector_36","vaccinated","infect_asymp"
"7445",8,0,"20-64","sector_36","vaccinated","infect_asymp"
"7446",9,0,"20-64","sector_36","vaccinated","infect_asymp"
"7447",10,0,"20-64","sector_36","vaccinated","infect_asymp"
"7448",0,0,"20-64","sector_37","vaccinated","infect_asymp"
"7449",1,0,"20-64","sector_37","vaccinated","infect_asymp"
"7450",2,0,"20-64","sector_37","vaccinated","infect_asymp"
"7451",3,0,"20-64","sector_37","vaccinated","infect_asymp"
"7452",4,0,"20-64","sector_37","vaccinated","infect_asymp"
"7453",5,0,"20-64","sector_37","vaccinated","infect_asymp"
"7454",6,0,"20-64","sector_37","vaccinated","infect_asymp"
"7455",7,0,"20-64","sector_37","vaccinated","infect_asymp"
"7456",8,0,"20-64","sector_37","vaccinated","infect_asymp"
"7457",9,0,"20-64","sector_37","vaccinated","infect_asymp"
"7458",10,0,"20-64","sector_37","vaccinated","infect_asymp"
"7459",0,0,"20-64","sector_38","vaccinated","infect_asymp"
"7460",1,0,"20-64","sector_38","vaccinated","infect_asymp"
"7461",2,0,"20-64","sector_38","vaccinated","infect_asymp"
"7462",3,0,"20-64","sector_38","vaccinated","infect_asymp"
"7463",4,0,"20-64","sector_38","vaccinated","infect_asymp"
"7464",5,0,"20-64","sector_38","vaccinated","infect_asymp"
"7465",6,0,"20-64","sector_38","vaccinated","infect_asymp"
"7466",7,0,"20-64","sector_38","vaccinated","infect_asymp"
"7467",8,0,"20-64","sector_38","vaccinated","infect_asymp"
"7468",9,0,"20-64","sector_38","vaccinated","infect_asymp"
"7469",10,0,"20-64","sector_38","vaccinated","infect_asymp"
"7470",0,0,"20-64","sector_39","vaccinated","infect_asymp"
"7471",1,0,"20-64","sector_39","vaccinated","infect_asymp"
"7472",2,0,"20-64","sector_39","vaccinated","infect_asymp"
"7473",3,0,"20-64","sector_39","vaccinated","infect_asymp"
"7474",4,0,"20-64","sector_39","vaccinated","infect_asymp"
"7475",5,0,"20-64","sector_39","vaccinated","infect_asymp"
"7476",6,0,"20-64","sector_39","vaccinated","infect_asymp"
"7477",7,0,"20-64","sector_39","vaccinated","infect_asymp"
"7478",8,0,"20-64","sector_39","vaccinated","infect_asymp"
"7479",9,0,"20-64","sector_39","vaccinated","infect_asymp"
"7480",10,0,"20-64","sector_39","vaccinated","infect_asymp"
"7481",0,0,"20-64","sector_40","vaccinated","infect_asymp"
"7482",1,0,"20-64","sector_40","vaccinated","infect_asymp"
"7483",2,0,"20-64","sector_40","vaccinated","infect_asymp"
"7484",3,0,"20-64","sector_40","vaccinated","infect_asymp"
"7485",4,0,"20-64","sector_40","vaccinated","infect_asymp"
"7486",5,0,"20-64","sector_40","vaccinated","infect_asymp"
"7487",6,0,"20-64","sector_40","vaccinated","infect_asymp"
"7488",7,0,"20-64","sector_40","vaccinated","infect_asymp"
"7489",8,0,"20-64","sector_40","vaccinated","infect_asymp"
"7490",9,0,"20-64","sector_40","vaccinated","infect_asymp"
"7491",10,0,"20-64","sector_40","vaccinated","infect_asymp"
"7492",0,0,"20-64","sector_41","vaccinated","infect_asymp"
"7493",1,0,"20-64","sector_41","vaccinated","infect_asymp"
"7494",2,0,"20-64","sector_41","vaccinated","infect_asymp"
"7495",3,0,"20-64","sector_41","vaccinated","infect_asymp"
"7496",4,0,"20-64","sector_41","vaccinated","infect_asymp"
"7497",5,0,"20-64","sector_41","vaccinated","infect_asymp"
"7498",6,0,"20-64","sector_41","vaccinated","infect_asymp"
"7499",7,0,"20-64","sector_41","vaccinated","infect_asymp"
"7500",8,0,"20-64","sector_41","vaccinated","infect_asymp"
"7501",9,0,"20-64","sector_41","vaccinated","infect_asymp"
"7502",10,0,"20-64","sector_41","vaccinated","infect_asymp"
"7503",0,0,"20-64","sector_42","vaccinated","infect_asymp"
"7504",1,0,"20-64","sector_42","vaccinated","infect_asymp"
"7505",2,0,"20-64","sector_42","vaccinated","infect_asymp"
"7506",3,0,"20-64","sector_42","vaccinated","infect_asymp"
"7507",4,0,"20-64","sector_42","vaccinated","infect_asymp"
"7508",5,0,"20-64","sector_42","vaccinated","infect_asymp"
"7509",6,0,"20-64","sector_42","vaccinated","infect_asymp"
"7510",7,0,"20-64","sector_42","vaccinated","infect_asymp"
"7511",8,0,"20-64","sector_42","vaccinated","infect_asymp"
"7512",9,0,"20-64","sector_42","vaccinated","infect_asymp"
"7513",10,0,"20-64","sector_42","vaccinated","infect_asymp"
"7514",0,0,"20-64","sector_43","vaccinated","infect_asymp"
"7515",1,0,"20-64","sector_43","vaccinated","infect_asymp"
"7516",2,0,"20-64","sector_43","vaccinated","infect_asymp"
"7517",3,0,"20-64","sector_43","vaccinated","infect_asymp"
"7518",4,0,"20-64","sector_43","vaccinated","infect_asymp"
"7519",5,0,"20-64","sector_43","vaccinated","infect_asymp"
"7520",6,0,"20-64","sector_43","vaccinated","infect_asymp"
"7521",7,0,"20-64","sector_43","vaccinated","infect_asymp"
"7522",8,0,"20-64","sector_43","vaccinated","infect_asymp"
"7523",9,0,"20-64","sector_43","vaccinated","infect_asymp"
"7524",10,0,"20-64","sector_43","vaccinated","infect_asymp"
"7525",0,0,"20-64","sector_44","vaccinated","infect_asymp"
"7526",1,0,"20-64","sector_44","vaccinated","infect_asymp"
"7527",2,0,"20-64","sector_44","vaccinated","infect_asymp"
"7528",3,0,"20-64","sector_44","vaccinated","infect_asymp"
"7529",4,0,"20-64","sector_44","vaccinated","infect_asymp"
"7530",5,0,"20-64","sector_44","vaccinated","infect_asymp"
"7531",6,0,"20-64","sector_44","vaccinated","infect_asymp"
"7532",7,0,"20-64","sector_44","vaccinated","infect_asymp"
"7533",8,0,"20-64","sector_44","vaccinated","infect_asymp"
"7534",9,0,"20-64","sector_44","vaccinated","infect_asymp"
"7535",10,0,"20-64","sector_44","vaccinated","infect_asymp"
"7536",0,0,"20-64","sector_45","vaccinated","infect_asymp"
"7537",1,0,"20-64","sector_45","vaccinated","infect_asymp"
"7538",2,0,"20-64","sector_45","vaccinated","infect_asymp"
"7539",3,0,"20-64","sector_45","vaccinated","infect_asymp"
"7540",4,0,"20-64","sector_45","vaccinated","infect_asymp"
"7541",5,0,"20-64","sector_45","vaccinated","infect_asymp"
"7542",6,0,"20-64","sector_45","vaccinated","infect_asymp"
"7543",7,0,"20-64","sector_45","vaccinated","infect_asymp"
"7544",8,0,"20-64","sector_45","vaccinated","infect_asymp"
"7545",9,0,"20-64","sector_45","vaccinated","infect_asymp"
"7546",10,0,"20-64","sector_45","vaccinated","infect_asymp"
"7547",0,0,"0-4","sector_00","vaccinated","hospitalised_recov"
"7548",1,0,"0-4","sector_00","vaccinated","hospitalised_recov"
"7549",2,0,"0-4","sector_00","vaccinated","hospitalised_recov"
"7550",3,0,"0-4","sector_00","vaccinated","hospitalised_recov"
"7551",4,0,"0-4","sector_00","vaccinated","hospitalised_recov"
"7552",5,0,"0-4","sector_00","vaccinated","hospitalised_recov"
"7553",6,0,"0-4","sector_00","vaccinated","hospitalised_recov"
"7554",7,0,"0-4","sector_00","vaccinated","hospitalised_recov"
"7555",8,0,"0-4","sector_00","vaccinated","hospitalised_recov"
"7556",9,0,"0-4","sector_00","vaccinated","hospitalised_recov"
"7557",10,0,"0-4","sector_00","vaccinated","hospitalised_recov"
"7558",0,0,"5-19","sector_00","vaccinated","hospitalised_recov"
"7559",1,0,"5-19","sector_00","vaccinated","hospitalised_recov"
"7560",2,0,"5-19","sector_00","vaccinated","hospitalised_recov"
"7561",3,0,"5-19","sector_00","vaccinated","hospitalised_recov"
"7562",4,0,"5-19","sector_00","vaccinated","hospitalised_recov"
"7563",5,0,"5-19","sector_00","vaccinated","hospitalised_recov"
"7564",6,0,"5-19","sector_00","vaccinated","hospitalised_recov"
"7565",7,0,"5-19","sector_00","vaccinated","hospitalised_recov"
"7566",8,0,"5-19","sector_00","vaccinated","hospitalised_recov"
"7567",9,0,"5-19","sector_00","vaccinated","hospitalised_recov"
"7568",10,0,"5-19","sector_00","vaccinated","hospitalised_recov"
"7569",0,0,"20-64","sector_00","vaccinated","hospitalised_recov"
"7570",1,0,"20-64","sector_00","vaccinated","hospitalised_recov"
"7571",2,0,"20-64","sector_00","vaccinated","hospitalised_recov"
"7572",3,0,"20-64","sector_00","vaccinated","hospitalised_recov"
"7573",4,0,"20-64","sector_00","vaccinated","hospitalised_recov"
"7574",5,0,"20-64","sector_00","vaccinated","hospitalised_recov"
"7575",6,0,"20-64","sector_00","vaccinated","hospitalised_recov"
"7576",7,0,"20-64","sector_00","vaccinated","hospitalised_recov"
"7577",8,0,"20-64","sector_00","vaccinated","hospitalised_recov"
"7578",9,0,"20-64","sector_00","vaccinated","hospitalised_recov"
"7579",10,0,"20-64","sector_00","vaccinated","hospitalised_recov"
"7580",0,0,"65+","sector_00","vaccinated","hospitalised_recov"
"7581",1,0,"65+","sector_00","vaccinated","hospitalised_recov"
"7582",2,0,"65+","sector_00","vaccinated","hospitalised_recov"
"7583",3,0,"65+","sector_00","vaccinated","hospitalised_recov"
"7584",4,0,"65+","sector_00","vaccinated","hospitalised_recov"
"7585",5,0,"65+","sector_00","vaccinated","hospitalised_recov"
"7586",6,0,"65+","sector_00","vaccinated","hospitalised_recov"
"7587",7,0,"65+","sector_00","vaccinated","hospitalised_recov"
"7588",8,0,"65+","sector_00","vaccinated","hospitalised_recov"
"7589",9,0,"65+","sector_00","vaccinated","hospitalised_recov"
"7590",10,0,"65+","sector_00","vaccinated","hospitalised_recov"
"7591",0,0,"20-64","sector_01","vaccinated","hospitalised_recov"
"7592",1,0,"20-64","sector_01","vaccinated","hospitalised_recov"
"7593",2,0,"20-64","sector_01","vaccinated","hospitalised_recov"
"7594",3,0,"20-64","sector_01","vaccinated","hospitalised_recov"
"7595",4,0,"20-64","sector_01","vaccinated","hospitalised_recov"
"7596",5,0,"20-64","sector_01","vaccinated","hospitalised_recov"
"7597",6,0,"20-64","sector_01","vaccinated","hospitalised_recov"
"7598",7,0,"20-64","sector_01","vaccinated","hospitalised_recov"
"7599",8,0,"20-64","sector_01","vaccinated","hospitalised_recov"
"7600",9,0,"20-64","sector_01","vaccinated","hospitalised_recov"
"7601",10,0,"20-64","sector_01","vaccinated","hospitalised_recov"
"7602",0,0,"20-64","sector_02","vaccinated","hospitalised_recov"
"7603",1,0,"20-64","sector_02","vaccinated","hospitalised_recov"
"7604",2,0,"20-64","sector_02","vaccinated","hospitalised_recov"
"7605",3,0,"20-64","sector_02","vaccinated","hospitalised_recov"
"7606",4,0,"20-64","sector_02","vaccinated","hospitalised_recov"
"7607",5,0,"20-64","sector_02","vaccinated","hospitalised_recov"
"7608",6,0,"20-64","sector_02","vaccinated","hospitalised_recov"
"7609",7,0,"20-64","sector_02","vaccinated","hospitalised_recov"
"7610",8,0,"20-64","sector_02","vaccinated","hospitalised_recov"
"7611",9,0,"20-64","sector_02","vaccinated","hospitalised_recov"
"7612",10,0,"20-64","sector_02","vaccinated","hospitalised_recov"
"7613",0,0,"20-64","sector_03","vaccinated","hospitalised_recov"
"7614",1,0,"20-64","sector_03","vaccinated","hospitalised_recov"
"7615",2,0,"20-64","sector_03","vaccinated","hospitalised_recov"
"7616",3,0,"20-64","sector_03","vaccinated","hospitalised_recov"
"7617",4,0,"20-64","sector_03","vaccinated","hospitalised_recov"
"7618",5,0,"20-64","sector_03","vaccinated","hospitalised_recov"
"7619",6,0,"20-64","sector_03","vaccinated","hospitalised_recov"
"7620",7,0,"20-64","sector_03","vaccinated","hospitalised_recov"
"7621",8,0,"20-64","sector_03","vaccinated","hospitalised_recov"
"7622",9,0,"20-64","sector_03","vaccinated","hospitalised_recov"
"7623",10,0,"20-64","sector_03","vaccinated","hospitalised_recov"
"7624",0,0,"20-64","sector_04","vaccinated","hospitalised_recov"
"7625",1,0,"20-64","sector_04","vaccinated","hospitalised_recov"
"7626",2,0,"20-64","sector_04","vaccinated","hospitalised_recov"
"7627",3,0,"20-64","sector_04","vaccinated","hospitalised_recov"
"7628",4,0,"20-64","sector_04","vaccinated","hospitalised_recov"
"7629",5,0,"20-64","sector_04","vaccinated","hospitalised_recov"
"7630",6,0,"20-64","sector_04","vaccinated","hospitalised_recov"
"7631",7,0,"20-64","sector_04","vaccinated","hospitalised_recov"
"7632",8,0,"20-64","sector_04","vaccinated","hospitalised_recov"
"7633",9,0,"20-64","sector_04","vaccinated","hospitalised_recov"
"7634",10,0,"20-64","sector_04","vaccinated","hospitalised_recov"
"7635",0,0,"20-64","sector_05","vaccinated","hospitalised_recov"
"7636",1,0,"20-64","sector_05","vaccinated","hospitalised_recov"
"7637",2,0,"20-64","sector_05","vaccinated","hospitalised_recov"
"7638",3,0,"20-64","sector_05","vaccinated","hospitalised_recov"
"7639",4,0,"20-64","sector_05","vaccinated","hospitalised_recov"
"7640",5,0,"20-64","sector_05","vaccinated","hospitalised_recov"
"7641",6,0,"20-64","sector_05","vaccinated","hospitalised_recov"
"7642",7,0,"20-64","sector_05","vaccinated","hospitalised_recov"
"7643",8,0,"20-64","sector_05","vaccinated","hospitalised_recov"
"7644",9,0,"20-64","sector_05","vaccinated","hospitalised_recov"
"7645",10,0,"20-64","sector_05","vaccinated","hospitalised_recov"
"7646",0,0,"20-64","sector_06","vaccinated","hospitalised_recov"
"7647",1,0,"20-64","sector_06","vaccinated","hospitalised_recov"
"7648",2,0,"20-64","sector_06","vaccinated","hospitalised_recov"
"7649",3,0,"20-64","sector_06","vaccinated","hospitalised_recov"
"7650",4,0,"20-64","sector_06","vaccinated","hospitalised_recov"
"7651",5,0,"20-64","sector_06","vaccinated","hospitalised_recov"
"7652",6,0,"20-64","sector_06","vaccinated","hospitalised_recov"
"7653",7,0,"20-64","sector_06","vaccinated","hospitalised_recov"
"7654",8,0,"20-64","sector_06","vaccinated","hospitalised_recov"
"7655",9,0,"20-64","sector_06","vaccinated","hospitalised_recov"
"7656",10,0,"20-64","sector_06","vaccinated","hospitalised_recov"
"7657",0,0,"20-64","sector_07","vaccinated","hospitalised_recov"
"7658",1,0,"20-64","sector_07","vaccinated","hospitalised_recov"
"7659",2,0,"20-64","sector_07","vaccinated","hospitalised_recov"
"7660",3,0,"20-64","sector_07","vaccinated","hospitalised_recov"
"7661",4,0,"20-64","sector_07","vaccinated","hospitalised_recov"
"7662",5,0,"20-64","sector_07","vaccinated","hospitalised_recov"
"7663",6,0,"20-64","sector_07","vaccinated","hospitalised_recov"
"7664",7,0,"20-64","sector_07","vaccinated","hospitalised_recov"
"7665",8,0,"20-64","sector_07","vaccinated","hospitalised_recov"
"7666",9,0,"20-64","sector_07","vaccinated","hospitalised_recov"
"7667",10,0,"20-64","sector_07","vaccinated","hospitalised_recov"
"7668",0,0,"20-64","sector_08","vaccinated","hospitalised_recov"
"7669",1,0,"20-64","sector_08","vaccinated","hospitalised_recov"
"7670",2,0,"20-64","sector_08","vaccinated","hospitalised_recov"
"7671",3,0,"20-64","sector_08","vaccinated","hospitalised_recov"
"7672",4,0,"20-64","sector_08","vaccinated","hospitalised_recov"
"7673",5,0,"20-64","sector_08","vaccinated","hospitalised_recov"
"7674",6,0,"20-64","sector_08","vaccinated","hospitalised_recov"
"7675",7,0,"20-64","sector_08","vaccinated","hospitalised_recov"
"7676",8,0,"20-64","sector_08","vaccinated","hospitalised_recov"
"7677",9,0,"20-64","sector_08","vaccinated","hospitalised_recov"
"7678",10,0,"20-64","sector_08","vaccinated","hospitalised_recov"
"7679",0,0,"20-64","sector_09","vaccinated","hospitalised_recov"
"7680",1,0,"20-64","sector_09","vaccinated","hospitalised_recov"
"7681",2,0,"20-64","sector_09","vaccinated","hospitalised_recov"
"7682",3,0,"20-64","sector_09","vaccinated","hospitalised_recov"
"7683",4,0,"20-64","sector_09","vaccinated","hospitalised_recov"
"7684",5,0,"20-64","sector_09","vaccinated","hospitalised_recov"
"7685",6,0,"20-64","sector_09","vaccinated","hospitalised_recov"
"7686",7,0,"20-64","sector_09","vaccinated","hospitalised_recov"
"7687",8,0,"20-64","sector_09","vaccinated","hospitalised_recov"
"7688",9,0,"20-64","sector_09","vaccinated","hospitalised_recov"
"7689",10,0,"20-64","sector_09","vaccinated","hospitalised_recov"
"7690",0,0,"20-64","sector_10","vaccinated","hospitalised_recov"
"7691",1,0,"20-64","sector_10","vaccinated","hospitalised_recov"
"7692",2,0,"20-64","sector_10","vaccinated","hospitalised_recov"
"7693",3,0,"20-64","sector_10","vaccinated","hospitalised_recov"
"7694",4,0,"20-64","sector_10","vaccinated","hospitalised_recov"
"7695",5,0,"20-64","sector_10","vaccinated","hospitalised_recov"
"7696",6,0,"20-64","sector_10","vaccinated","hospitalised_recov"
"7697",7,0,"20-64","sector_10","vaccinated","hospitalised_recov"
"7698",8,0,"20-64","sector_10","vaccinated","hospitalised_recov"
"7699",9,0,"20-64","sector_10","vaccinated","hospitalised_recov"
"7700",10,0,"20-64","sector_10","vaccinated","hospitalised_recov"
"7701",0,0,"20-64","sector_11","vaccinated","hospitalised_recov"
"7702",1,0,"20-64","sector_11","vaccinated","hospitalised_recov"
"7703",2,0,"20-64","sector_11","vaccinated","hospitalised_recov"
"7704",3,0,"20-64","sector_11","vaccinated","hospitalised_recov"
"7705",4,0,"20-64","sector_11","vaccinated","hospitalised_recov"
"7706",5,0,"20-64","sector_11","vaccinated","hospitalised_recov"
"7707",6,0,"20-64","sector_11","vaccinated","hospitalised_recov"
"7708",7,0,"20-64","sector_11","vaccinated","hospitalised_recov"
"7709",8,0,"20-64","sector_11","vaccinated","hospitalised_recov"
"7710",9,0,"20-64","sector_11","vaccinated","hospitalised_recov"
"7711",10,0,"20-64","sector_11","vaccinated","hospitalised_recov"
"7712",0,0,"20-64","sector_12","vaccinated","hospitalised_recov"
"7713",1,0,"20-64","sector_12","vaccinated","hospitalised_recov"
"7714",2,0,"20-64","sector_12","vaccinated","hospitalised_recov"
"7715",3,0,"20-64","sector_12","vaccinated","hospitalised_recov"
"7716",4,0,"20-64","sector_12","vaccinated","hospitalised_recov"
"7717",5,0,"20-64","sector_12","vaccinated","hospitalised_recov"
"7718",6,0,"20-64","sector_12","vaccinated","hospitalised_recov"
"7719",7,0,"20-64","sector_12","vaccinated","hospitalised_recov"
"7720",8,0,"20-64","sector_12","vaccinated","hospitalised_recov"
"7721",9,0,"20-64","sector_12","vaccinated","hospitalised_recov"
"7722",10,0,"20-64","sector_12","vaccinated","hospitalised_recov"
"7723",0,0,"20-64","sector_13","vaccinated","hospitalised_recov"
"7724",1,0,"20-64","sector_13","vaccinated","hospitalised_recov"
"7725",2,0,"20-64","sector_13","vaccinated","hospitalised_recov"
"7726",3,0,"20-64","sector_13","vaccinated","hospitalised_recov"
"7727",4,0,"20-64","sector_13","vaccinated","hospitalised_recov"
"7728",5,0,"20-64","sector_13","vaccinated","hospitalised_recov"
"7729",6,0,"20-64","sector_13","vaccinated","hospitalised_recov"
"7730",7,0,"20-64","sector_13","vaccinated","hospitalised_recov"
"7731",8,0,"20-64","sector_13","vaccinated","hospitalised_recov"
"7732",9,0,"20-64","sector_13","vaccinated","hospitalised_recov"
"7733",10,0,"20-64","sector_13","vaccinated","hospitalised_recov"
"7734",0,0,"20-64","sector_14","vaccinated","hospitalised_recov"
"7735",1,0,"20-64","sector_14","vaccinated","hospitalised_recov"
"7736",2,0,"20-64","sector_14","vaccinated","hospitalised_recov"
"7737",3,0,"20-64","sector_14","vaccinated","hospitalised_recov"
"7738",4,0,"20-64","sector_14","vaccinated","hospitalised_recov"
"7739",5,0,"20-64","sector_14","vaccinated","hospitalised_recov"
"7740",6,0,"20-64","sector_14","vaccinated","hospitalised_recov"
"7741",7,0,"20-64","sector_14","vaccinated","hospitalised_recov"
"7742",8,0,"20-64","sector_14","vaccinated","hospitalised_recov"
"7743",9,0,"20-64","sector_14","vaccinated","hospitalised_recov"
"7744",10,0,"20-64","sector_14","vaccinated","hospitalised_recov"
"7745",0,0,"20-64","sector_15","vaccinated","hospitalised_recov"
"7746",1,0,"20-64","sector_15","vaccinated","hospitalised_recov"
"7747",2,0,"20-64","sector_15","vaccinated","hospitalised_recov"
"7748",3,0,"20-64","sector_15","vaccinated","hospitalised_recov"
"7749",4,0,"20-64","sector_15","vaccinated","hospitalised_recov"
"7750",5,0,"20-64","sector_15","vaccinated","hospitalised_recov"
"7751",6,0,"20-64","sector_15","vaccinated","hospitalised_recov"
"7752",7,0,"20-64","sector_15","vaccinated","hospitalised_recov"
"7753",8,0,"20-64","sector_15","vaccinated","hospitalised_recov"
"7754",9,0,"20-64","sector_15","vaccinated","hospitalised_recov"
"7755",10,0,"20-64","sector_15","vaccinated","hospitalised_recov"
"7756",0,0,"20-64","sector_16","vaccinated","hospitalised_recov"
"7757",1,0,"20-64","sector_16","vaccinated","hospitalised_recov"
"7758",2,0,"20-64","sector_16","vaccinated","hospitalised_recov"
"7759",3,0,"20-64","sector_16","vaccinated","hospitalised_recov"
"7760",4,0,"20-64","sector_16","vaccinated","hospitalised_recov"
"7761",5,0,"20-64","sector_16","vaccinated","hospitalised_recov"
"7762",6,0,"20-64","sector_16","vaccinated","hospitalised_recov"
"7763",7,0,"20-64","sector_16","vaccinated","hospitalised_recov"
"7764",8,0,"20-64","sector_16","vaccinated","hospitalised_recov"
"7765",9,0,"20-64","sector_16","vaccinated","hospitalised_recov"
"7766",10,0,"20-64","sector_16","vaccinated","hospitalised_recov"
"7767",0,0,"20-64","sector_17","vaccinated","hospitalised_recov"
"7768",1,0,"20-64","sector_17","vaccinated","hospitalised_recov"
"7769",2,0,"20-64","sector_17","vaccinated","hospitalised_recov"
"7770",3,0,"20-64","sector_17","vaccinated","hospitalised_recov"
"7771",4,0,"20-64","sector_17","vaccinated","hospitalised_recov"
"7772",5,0,"20-64","sector_17","vaccinated","hospitalised_recov"
"7773",6,0,"20-64","sector_17","vaccinated","hospitalised_recov"
"7774",7,0,"20-64","sector_17","vaccinated","hospitalised_recov"
"7775",8,0,"20-64","sector_17","vaccinated","hospitalised_recov"
"7776",9,0,"20-64","sector_17","vaccinated","hospitalised_recov"
"7777",10,0,"20-64","sector_17","vaccinated","hospitalised_recov"
"7778",0,0,"20-64","sector_18","vaccinated","hospitalised_recov"
"7779",1,0,"20-64","sector_18","vaccinated","hospitalised_recov"
"7780",2,0,"20-64","sector_18","vaccinated","hospitalised_recov"
"7781",3,0,"20-64","sector_18","vaccinated","hospitalised_recov"
"7782",4,0,"20-64","sector_18","vaccinated","hospitalised_recov"
"7783",5,0,"20-64","sector_18","vaccinated","hospitalised_recov"
"7784",6,0,"20-64","sector_18","vaccinated","hospitalised_recov"
"7785",7,0,"20-64","sector_18","vaccinated","hospitalised_recov"
"7786",8,0,"20-64","sector_18","vaccinated","hospitalised_recov"
"7787",9,0,"20-64","sector_18","vaccinated","hospitalised_recov"
"7788",10,0,"20-64","sector_18","vaccinated","hospitalised_recov"
"7789",0,0,"20-64","sector_19","vaccinated","hospitalised_recov"
"7790",1,0,"20-64","sector_19","vaccinated","hospitalised_recov"
"7791",2,0,"20-64","sector_19","vaccinated","hospitalised_recov"
"7792",3,0,"20-64","sector_19","vaccinated","hospitalised_recov"
"7793",4,0,"20-64","sector_19","vaccinated","hospitalised_recov"
"7794",5,0,"20-64","sector_19","vaccinated","hospitalised_recov"
"7795",6,0,"20-64","sector_19","vaccinated","hospitalised_recov"
"7796",7,0,"20-64","sector_19","vaccinated","hospitalised_recov"
"7797",8,0,"20-64","sector_19","vaccinated","hospitalised_recov"
"7798",9,0,"20-64","sector_19","vaccinated","hospitalised_recov"
"7799",10,0,"20-64","sector_19","vaccinated","hospitalised_recov"
"7800",0,0,"20-64","sector_20","vaccinated","hospitalised_recov"
"7801",1,0,"20-64","sector_20","vaccinated","hospitalised_recov"
"7802",2,0,"20-64","sector_20","vaccinated","hospitalised_recov"
"7803",3,0,"20-64","sector_20","vaccinated","hospitalised_recov"
"7804",4,0,"20-64","sector_20","vaccinated","hospitalised_recov"
"7805",5,0,"20-64","sector_20","vaccinated","hospitalised_recov"
"7806",6,0,"20-64","sector_20","vaccinated","hospitalised_recov"
"7807",7,0,"20-64","sector_20","vaccinated","hospitalised_recov"
"7808",8,0,"20-64","sector_20","vaccinated","hospitalised_recov"
"7809",9,0,"20-64","sector_20","vaccinated","hospitalised_recov"
"7810",10,0,"20-64","sector_20","vaccinated","hospitalised_recov"
"7811",0,0,"20-64","sector_21","vaccinated","hospitalised_recov"
"7812",1,0,"20-64","sector_21","vaccinated","hospitalised_recov"
"7813",2,0,"20-64","sector_21","vaccinated","hospitalised_recov"
"7814",3,0,"20-64","sector_21","vaccinated","hospitalised_recov"
"7815",4,0,"20-64","sector_21","vaccinated","hospitalised_recov"
"7816",5,0,"20-64","sector_21","vaccinated","hospitalised_recov"
"7817",6,0,"20-64","sector_21","vaccinated","hospitalised_recov"
"7818",7,0,"20-64","sector_21","vaccinated","hospitalised_recov"
"7819",8,0,"20-64","sector_21","vaccinated","hospitalised_recov"
"7820",9,0,"20-64","sector_21","vaccinated","hospitalised_recov"
"7821",10,0,"20-64","sector_21","vaccinated","hospitalised_recov"
"7822",0,0,"20-64","sector_22","vaccinated","hospitalised_recov"
"7823",1,0,"20-64","sector_22","vaccinated","hospitalised_recov"
"7824",2,0,"20-64","sector_22","vaccinated","hospitalised_recov"
"7825",3,0,"20-64","sector_22","vaccinated","hospitalised_recov"
"7826",4,0,"20-64","sector_22","vaccinated","hospitalised_recov"
"7827",5,0,"20-64","sector_22","vaccinated","hospitalised_recov"
"7828",6,0,"20-64","sector_22","vaccinated","hospitalised_recov"
"7829",7,0,"20-64","sector_22","vaccinated","hospitalised_recov"
"7830",8,0,"20-64","sector_22","vaccinated","hospitalised_recov"
"7831",9,0,"20-64","sector_22","vaccinated","hospitalised_recov"
"7832",10,0,"20-64","sector_22","vaccinated","hospitalised_recov"
"7833",0,0,"20-64","sector_23","vaccinated","hospitalised_recov"
"7834",1,0,"20-64","sector_23","vaccinated","hospitalised_recov"
"7835",2,0,"20-64","sector_23","vaccinated","hospitalised_recov"
"7836",3,0,"20-64","sector_23","vaccinated","hospitalised_recov"
"7837",4,0,"20-64","sector_23","vaccinated","hospitalised_recov"
"7838",5,0,"20-64","sector_23","vaccinated","hospitalised_recov"
"7839",6,0,"20-64","sector_23","vaccinated","hospitalised_recov"
"7840",7,0,"20-64","sector_23","vaccinated","hospitalised_recov"
"7841",8,0,"20-64","sector_23","vaccinated","hospitalised_recov"
"7842",9,0,"20-64","sector_23","vaccinated","hospitalised_recov"
"7843",10,0,"20-64","sector_23","vaccinated","hospitalised_recov"
"7844",0,0,"20-64","sector_24","vaccinated","hospitalised_recov"
"7845",1,0,"20-64","sector_24","vaccinated","hospitalised_recov"
"7846",2,0,"20-64","sector_24","vaccinated","hospitalised_recov"
"7847",3,0,"20-64","sector_24","vaccinated","hospitalised_recov"
"7848",4,0,"20-64","sector_24","vaccinated","hospitalised_recov"
"7849",5,0,"20-64","sector_24","vaccinated","hospitalised_recov"
"7850",6,0,"20-64","sector_24","vaccinated","hospitalised_recov"
"7851",7,0,"20-64","sector_24","vaccinated","hospitalised_recov"
"7852",8,0,"20-64","sector_24","vaccinated","hospitalised_recov"
"7853",9,0,"20-64","sector_24","vaccinated","hospitalised_recov"
"7854",10,0,"20-64","sector_24","vaccinated","hospitalised_recov"
"7855",0,0,"20-64","sector_25","vaccinated","hospitalised_recov"
"7856",1,0,"20-64","sector_25","vaccinated","hospitalised_recov"
"7857",2,0,"20-64","sector_25","vaccinated","hospitalised_recov"
"7858",3,0,"20-64","sector_25","vaccinated","hospitalised_recov"
"7859",4,0,"20-64","sector_25","vaccinated","hospitalised_recov"
"7860",5,0,"20-64","sector_25","vaccinated","hospitalised_recov"
"7861",6,0,"20-64","sector_25","vaccinated","hospitalised_recov"
"7862",7,0,"20-64","sector_25","vaccinated","hospitalised_recov"
"7863",8,0,"20-64","sector_25","vaccinated","hospitalised_recov"
"7864",9,0,"20-64","sector_25","vaccinated","hospitalised_recov"
"7865",10,0,"20-64","sector_25","vaccinated","hospitalised_recov"
"7866",0,0,"20-64","sector_26","vaccinated","hospitalised_recov"
"7867",1,0,"20-64","sector_26","vaccinated","hospitalised_recov"
"7868",2,0,"20-64","sector_26","vaccinated","hospitalised_recov"
"7869",3,0,"20-64","sector_26","vaccinated","hospitalised_recov"
"7870",4,0,"20-64","sector_26","vaccinated","hospitalised_recov"
"7871",5,0,"20-64","sector_26","vaccinated","hospitalised_recov"
"7872",6,0,"20-64","sector_26","vaccinated","hospitalised_recov"
"7873",7,0,"20-64","sector_26","vaccinated","hospitalised_recov"
"7874",8,0,"20-64","sector_26","vaccinated","hospitalised_recov"
"7875",9,0,"20-64","sector_26","vaccinated","hospitalised_recov"
"7876",10,0,"20-64","sector_26","vaccinated","hospitalised_recov"
"7877",0,0,"20-64","sector_27","vaccinated","hospitalised_recov"
"7878",1,0,"20-64","sector_27","vaccinated","hospitalised_recov"
"7879",2,0,"20-64","sector_27","vaccinated","hospitalised_recov"
"7880",3,0,"20-64","sector_27","vaccinated","hospitalised_recov"
"7881",4,0,"20-64","sector_27","vaccinated","hospitalised_recov"
"7882",5,0,"20-64","sector_27","vaccinated","hospitalised_recov"
"7883",6,0,"20-64","sector_27","vaccinated","hospitalised_recov"
"7884",7,0,"20-64","sector_27","vaccinated","hospitalised_recov"
"7885",8,0,"20-64","sector_27","vaccinated","hospitalised_recov"
"7886",9,0,"20-64","sector_27","vaccinated","hospitalised_recov"
"7887",10,0,"20-64","sector_27","vaccinated","hospitalised_recov"
"7888",0,0,"20-64","sector_28","vaccinated","hospitalised_recov"
"7889",1,0,"20-64","sector_28","vaccinated","hospitalised_recov"
"7890",2,0,"20-64","sector_28","vaccinated","hospitalised_recov"
"7891",3,0,"20-64","sector_28","vaccinated","hospitalised_recov"
"7892",4,0,"20-64","sector_28","vaccinated","hospitalised_recov"
"7893",5,0,"20-64","sector_28","vaccinated","hospitalised_recov"
"7894",6,0,"20-64","sector_28","vaccinated","hospitalised_recov"
"7895",7,0,"20-64","sector_28","vaccinated","hospitalised_recov"
"7896",8,0,"20-64","sector_28","vaccinated","hospitalised_recov"
"7897",9,0,"20-64","sector_28","vaccinated","hospitalised_recov"
"7898",10,0,"20-64","sector_28","vaccinated","hospitalised_recov"
"7899",0,0,"20-64","sector_29","vaccinated","hospitalised_recov"
"7900",1,0,"20-64","sector_29","vaccinated","hospitalised_recov"
"7901",2,0,"20-64","sector_29","vaccinated","hospitalised_recov"
"7902",3,0,"20-64","sector_29","vaccinated","hospitalised_recov"
"7903",4,0,"20-64","sector_29","vaccinated","hospitalised_recov"
"7904",5,0,"20-64","sector_29","vaccinated","hospitalised_recov"
"7905",6,0,"20-64","sector_29","vaccinated","hospitalised_recov"
"7906",7,0,"20-64","sector_29","vaccinated","hospitalised_recov"
"7907",8,0,"20-64","sector_29","vaccinated","hospitalised_recov"
"7908",9,0,"20-64","sector_29","vaccinated","hospitalised_recov"
"7909",10,0,"20-64","sector_29","vaccinated","hospitalised_recov"
"7910",0,0,"20-64","sector_30","vaccinated","hospitalised_recov"
"7911",1,0,"20-64","sector_30","vaccinated","hospitalised_recov"
"7912",2,0,"20-64","sector_30","vaccinated","hospitalised_recov"
"7913",3,0,"20-64","sector_30","vaccinated","hospitalised_recov"
"7914",4,0,"20-64","sector_30","vaccinated","hospitalised_recov"
"7915",5,0,"20-64","sector_30","vaccinated","hospitalised_recov"
"7916",6,0,"20-64","sector_30","vaccinated","hospitalised_recov"
"7917",7,0,"20-64","sector_30","vaccinated","hospitalised_recov"
"7918",8,0,"20-64","sector_30","vaccinated","hospitalised_recov"
"7919",9,0,"20-64","sector_30","vaccinated","hospitalised_recov"
"7920",10,0,"20-64","sector_30","vaccinated","hospitalised_recov"
"7921",0,0,"20-64","sector_31","vaccinated","hospitalised_recov"
"7922",1,0,"20-64","sector_31","vaccinated","hospitalised_recov"
"7923",2,0,"20-64","sector_31","vaccinated","hospitalised_recov"
"7924",3,0,"20-64","sector_31","vaccinated","hospitalised_recov"
"7925",4,0,"20-64","sector_31","vaccinated","hospitalised_recov"
"7926",5,0,"20-64","sector_31","vaccinated","hospitalised_recov"
"7927",6,0,"20-64","sector_31","vaccinated","hospitalised_recov"
"7928",7,0,"20-64","sector_31","vaccinated","hospitalised_recov"
"7929",8,0,"20-64","sector_31","vaccinated","hospitalised_recov"
"7930",9,0,"20-64","sector_31","vaccinated","hospitalised_recov"
"7931",10,0,"20-64","sector_31","vaccinated","hospitalised_recov"
"7932",0,0,"20-64","sector_32","vaccinated","hospitalised_recov"
"7933",1,0,"20-64","sector_32","vaccinated","hospitalised_recov"
"7934",2,0,"20-64","sector_32","vaccinated","hospitalised_recov"
"7935",3,0,"20-64","sector_32","vaccinated","hospitalised_recov"
"7936",4,0,"20-64","sector_32","vaccinated","hospitalised_recov"
"7937",5,0,"20-64","sector_32","vaccinated","hospitalised_recov"
"7938",6,0,"20-64","sector_32","vaccinated","hospitalised_recov"
"7939",7,0,"20-64","sector_32","vaccinated","hospitalised_recov"
"7940",8,0,"20-64","sector_32","vaccinated","hospitalised_recov"
"7941",9,0,"20-64","sector_32","vaccinated","hospitalised_recov"
"7942",10,0,"20-64","sector_32","vaccinated","hospitalised_recov"
"7943",0,0,"20-64","sector_33","vaccinated","hospitalised_recov"
"7944",1,0,"20-64","sector_33","vaccinated","hospitalised_recov"
"7945",2,0,"20-64","sector_33","vaccinated","hospitalised_recov"
"7946",3,0,"20-64","sector_33","vaccinated","hospitalised_recov"
"7947",4,0,"20-64","sector_33","vaccinated","hospitalised_recov"
"7948",5,0,"20-64","sector_33","vaccinated","hospitalised_recov"
"7949",6,0,"20-64","sector_33","vaccinated","hospitalised_recov"
"7950",7,0,"20-64","sector_33","vaccinated","hospitalised_recov"
"7951",8,0,"20-64","sector_33","vaccinated","hospitalised_recov"
"7952",9,0,"20-64","sector_33","vaccinated","hospitalised_recov"
"7953",10,0,"20-64","sector_33","vaccinated","hospitalised_recov"
"7954",0,0,"20-64","sector_34","vaccinated","hospitalised_recov"
"7955",1,0,"20-64","sector_34","vaccinated","hospitalised_recov"
"7956",2,0,"20-64","sector_34","vaccinated","hospitalised_recov"
"7957",3,0,"20-64","sector_34","vaccinated","hospitalised_recov"
"7958",4,0,"20-64","sector_34","vaccinated","hospitalised_recov"
"7959",5,0,"20-64","sector_34","vaccinated","hospitalised_recov"
"7960",6,0,"20-64","sector_34","vaccinated","hospitalised_recov"
"7961",7,0,"20-64","sector_34","vaccinated","hospitalised_recov"
"7962",8,0,"20-64","sector_34","vaccinated","hospitalised_recov"
"7963",9,0,"20-64","sector_34","vaccinated","hospitalised_recov"
"7964",10,0,"20-64","sector_34","vaccinated","hospitalised_recov"
"7965",0,0,"20-64","sector_35","vaccinated","hospitalised_recov"
"7966",1,0,"20-64","sector_35","vaccinated","hospitalised_recov"
"7967",2,0,"20-64","sector_35","vaccinated","hospitalised_recov"
"7968",3,0,"20-64","sector_35","vaccinated","hospitalised_recov"
"7969",4,0,"20-64","sector_35","vaccinated","hospitalised_recov"
"7970",5,0,"20-64","sector_35","vaccinated","hospitalised_recov"
"7971",6,0,"20-64","sector_35","vaccinated","hospitalised_recov"
"7972",7,0,"20-64","sector_35","vaccinated","hospitalised_recov"
"7973",8,0,"20-64","sector_35","vaccinated","hospitalised_recov"
"7974",9,0,"20-64","sector_35","vaccinated","hospitalised_recov"
"7975",10,0,"20-64","sector_35","vaccinated","hospitalised_recov"
"7976",0,0,"20-64","sector_36","vaccinated","hospitalised_recov"
"7977",1,0,"20-64","sector_36","vaccinated","hospitalised_recov"
"7978",2,0,"20-64","sector_36","vaccinated","hospitalised_recov"
"7979",3,0,"20-64","sector_36","vaccinated","hospitalised_recov"
"7980",4,0,"20-64","sector_36","vaccinated","hospitalised_recov"
"7981",5,0,"20-64","sector_36","vaccinated","hospitalised_recov"
"7982",6,0,"20-64","sector_36","vaccinated","hospitalised_recov"
"7983",7,0,"20-64","sector_36","vaccinated","hospitalised_recov"
"7984",8,0,"20-64","sector_36","vaccinated","hospitalised_recov"
"7985",9,0,"20-64","sector_36","vaccinated","hospitalised_recov"
"7986",10,0,"20-64","sector_36","vaccinated","hospitalised_recov"
"7987",0,0,"20-64","sector_37","vaccinated","hospitalised_recov"
"7988",1,0,"20-64","sector_37","vaccinated","hospitalised_recov"
"7989",2,0,"20-64","sector_37","vaccinated","hospitalised_recov"
"7990",3,0,"20-64","sector_37","vaccinated","hospitalised_recov"
"7991",4,0,"20-64","sector_37","vaccinated","hospitalised_recov"
"7992",5,0,"20-64","sector_37","vaccinated","hospitalised_recov"
"7993",6,0,"20-64","sector_37","vaccinated","hospitalised_recov"
"7994",7,0,"20-64","sector_37","vaccinated","hospitalised_recov"
"7995",8,0,"20-64","sector_37","vaccinated","hospitalised_recov"
"7996",9,0,"20-64","sector_37","vaccinated","hospitalised_recov"
"7997",10,0,"20-64","sector_37","vaccinated","hospitalised_recov"
"7998",0,0,"20-64","sector_38","vaccinated","hospitalised_recov"
"7999",1,0,"20-64","sector_38","vaccinated","hospitalised_recov"
"8000",2,0,"20-64","sector_38","vaccinated","hospitalised_recov"
"8001",3,0,"20-64","sector_38","vaccinated","hospitalised_recov"
"8002",4,0,"20-64","sector_38","vaccinated","hospitalised_recov"
"8003",5,0,"20-64","sector_38","vaccinated","hospitalised_recov"
"8004",6,0,"20-64","sector_38","vaccinated","hospitalised_recov"
"8005",7,0,"20-64","sector_38","vaccinated","hospitalised_recov"
"8006",8,0,"20-64","sector_38","vaccinated","hospitalised_recov"
"8007",9,0,"20-64","sector_38","vaccinated","hospitalised_recov"
"8008",10,0,"20-64","sector_38","vaccinated","hospitalised_recov"
"8009",0,0,"20-64","sector_39","vaccinated","hospitalised_recov"
"8010",1,0,"20-64","sector_39","vaccinated","hospitalised_recov"
"8011",2,0,"20-64","sector_39","vaccinated","hospitalised_recov"
"8012",3,0,"20-64","sector_39","vaccinated","hospitalised_recov"
"8013",4,0,"20-64","sector_39","vaccinated","hospitalised_recov"
"8014",5,0,"20-64","sector_39","vaccinated","hospitalised_recov"
"8015",6,0,"20-64","sector_39","vaccinated","hospitalised_recov"
"8016",7,0,"20-64","sector_39","vaccinated","hospitalised_recov"
"8017",8,0,"20-64","sector_39","vaccinated","hospitalised_recov"
"8018",9,0,"20-64","sector_39","vaccinated","hospitalised_recov"
"8019",10,0,"20-64","sector_39","vaccinated","hospitalised_recov"
"8020",0,0,"20-64","sector_40","vaccinated","hospitalised_recov"
"8021",1,0,"20-64","sector_40","vaccinated","hospitalised_recov"
"8022",2,0,"20-64","sector_40","vaccinated","hospitalised_recov"
"8023",3,0,"20-64","sector_40","vaccinated","hospitalised_recov"
"8024",4,0,"20-64","sector_40","vaccinated","hospitalised_recov"
"8025",5,0,"20-64","sector_40","vaccinated","hospitalised_recov"
"8026",6,0,"20-64","sector_40","vaccinated","hospitalised_recov"
"8027",7,0,"20-64","sector_40","vaccinated","hospitalised_recov"
"8028",8,0,"20-64","sector_40","vaccinated","hospitalised_recov"
"8029",9,0,"20-64","sector_40","vaccinated","hospitalised_recov"
"8030",10,0,"20-64","sector_40","vaccinated","hospitalised_recov"
"8031",0,0,"20-64","sector_41","vaccinated","hospitalised_recov"
"8032",1,0,"20-64","sector_41","vaccinated","hospitalised_recov"
"8033",2,0,"20-64","sector_41","vaccinated","hospitalised_recov"
"8034",3,0,"20-64","sector_41","vaccinated","hospitalised_recov"
"8035",4,0,"20-64","sector_41","vaccinated","hospitalised_recov"
"8036",5,0,"20-64","sector_41","vaccinated","hospitalised_recov"
"8037",6,0,"20-64","sector_41","vaccinated","hospitalised_recov"
"8038",7,0,"20-64","sector_41","vaccinated","hospitalised_recov"
"8039",8,0,"20-64","sector_41","vaccinated","hospitalised_recov"
"8040",9,0,"20-64","sector_41","vaccinated","hospitalised_recov"
"8041",10,0,"20-64","sector_41","vaccinated","hospitalised_recov"
"8042",0,0,"20-64","sector_42","vaccinated","hospitalised_recov"
"8043",1,0,"20-64","sector_42","vaccinated","hospitalised_recov"
"8044",2,0,"20-64","sector_42","vaccinated","hospitalised_recov"
"8045",3,0,"20-64","sector_42","vaccinated","hospitalised_recov"
"8046",4,0,"20-64","sector_42","vaccinated","hospitalised_recov"
"8047",5,0,"20-64","sector_42","vaccinated","hospitalised_recov"
"8048",6,0,"20-64","sector_42","vaccinated","hospitalised_recov"
"8049",7,0,"20-64","sector_42","vaccinated","hospitalised_recov"
"8050",8,0,"20-64","sector_42","vaccinated","hospitalised_recov"
"8051",9,0,"20-64","sector_42","vaccinated","hospitalised_recov"
"8052",10,0,"20-64","sector_42","vaccinated","hospitalised_recov"
"8053",0,0,"20-64","sector_43","vaccinated","hospitalised_recov"
"8054",1,0,"20-64","sector_43","vaccinated","hospitalised_recov"
"8055",2,0,"20-64","sector_43","vaccinated","hospitalised_recov"
"8056",3,0,"20-64","sector_43","vaccinated","hospitalised_recov"
"8057",4,0,"20-64","sector_43","vaccinated","hospitalised_recov"
"8058",5,0,"20-64","sector_43","vaccinated","hospitalised_recov"
"8059",6,0,"20-64","sector_43","vaccinated","hospitalised_recov"
"8060",7,0,"20-64","sector_43","vaccinated","hospitalised_recov"
"8061",8,0,"20-64","sector_43","vaccinated","hospitalised_recov"
"8062",9,0,"20-64","sector_43","vaccinated","hospitalised_recov"
"8063",10,0,"20-64","sector_43","vaccinated","hospitalised_recov"
"8064",0,0,"20-64","sector_44","vaccinated","hospitalised_recov"
"8065",1,0,"20-64","sector_44","vaccinated","hospitalised_recov"
"8066",2,0,"20-64","sector_44","vaccinated","hospitalised_recov"
"8067",3,0,"20-64","sector_44","vaccinated","hospitalised_recov"
"8068",4,0,"20-64","sector_44","vaccinated","hospitalised_recov"
"8069",5,0,"20-64","sector_44","vaccinated","hospitalised_recov"
"8070",6,0,"20-64","sector_44","vaccinated","hospitalised_recov"
"8071",7,0,"20-64","sector_44","vaccinated","hospitalised_recov"
"8072",8,0,"20-64","sector_44","vaccinated","hospitalised_recov"
"8073",9,0,"20-64","sector_44","vaccinated","hospitalised_recov"
"8074",10,0,"20-64","sector_44","vaccinated","hospitalised_recov"
"8075",0,0,"20-64","sector_45","vaccinated","hospitalised_recov"
"8076",1,0,"20-64","sector_45","vaccinated","hospitalised_recov"
"8077",2,0,"20-64","sector_45","vaccinated","hospitalised_recov"
"8078",3,0,"20-64","sector_45","vaccinated","hospitalised_recov"
"8079",4,0,"20-64","sector_45","vaccinated","hospitalised_recov"
"8080",5,0,"20-64","sector_45","vaccinated","hospitalised_recov"
"8081",6,0,"20-64","sector_45","vaccinated","hospitalised_recov"
"8082",7,0,"20-64","sector_45","vaccinated","hospitalised_recov"
"8083",8,0,"20-64","sector_45","vaccinated","hospitalised_recov"
"8084",9,0,"20-64","sector_45","vaccinated","hospitalised_recov"
"8085",10,0,"20-64","sector_45","vaccinated","hospitalised_recov"
"8086",0,0,"0-4","sector_00","vaccinated","hospitalised_death"
"8087",1,0,"0-4","sector_00","vaccinated","hospitalised_death"
"8088",2,0,"0-4","sector_00","vaccinated","hospitalised_death"
"8089",3,0,"0-4","sector_00","vaccinated","hospitalised_death"
"8090",4,0,"0-4","sector_00","vaccinated","hospitalised_death"
"8091",5,0,"0-4","sector_00","vaccinated","hospitalised_death"
"8092",6,0,"0-4","sector_00","vaccinated","hospitalised_death"
"8093",7,0,"0-4","sector_00","vaccinated","hospitalised_death"
"8094",8,0,"0-4","sector_00","vaccinated","hospitalised_death"
"8095",9,0,"0-4","sector_00","vaccinated","hospitalised_death"
"8096",10,0,"0-4","sector_00","vaccinated","hospitalised_death"
"8097",0,0,"5-19","sector_00","vaccinated","hospitalised_death"
"8098",1,0,"5-19","sector_00","vaccinated","hospitalised_death"
"8099",2,0,"5-19","sector_00","vaccinated","hospitalised_death"
"8100",3,0,"5-19","sector_00","vaccinated","hospitalised_death"
"8101",4,0,"5-19","sector_00","vaccinated","hospitalised_death"
"8102",5,0,"5-19","sector_00","vaccinated","hospitalised_death"
"8103",6,0,"5-19","sector_00","vaccinated","hospitalised_death"
"8104",7,0,"5-19","sector_00","vaccinated","hospitalised_death"
"8105",8,0,"5-19","sector_00","vaccinated","hospitalised_death"
"8106",9,0,"5-19","sector_00","vaccinated","hospitalised_death"
"8107",10,0,"5-19","sector_00","vaccinated","hospitalised_death"
"8108",0,0,"20-64","sector_00","vaccinated","hospitalised_death"
"8109",1,0,"20-64","sector_00","vaccinated","hospitalised_death"
"8110",2,0,"20-64","sector_00","vaccinated","hospitalised_death"
"8111",3,0,"20-64","sector_00","vaccinated","hospitalised_death"
"8112",4,0,"20-64","sector_00","vaccinated","hospitalised_death"
"8113",5,0,"20-64","sector_00","vaccinated","hospitalised_death"
"8114",6,0,"20-64","sector_00","vaccinated","hospitalised_death"
"8115",7,0,"20-64","sector_00","vaccinated","hospitalised_death"
"8116",8,0,"20-64","sector_00","vaccinated","hospitalised_death"
"8117",9,0,"20-64","sector_00","vaccinated","hospitalised_death"
"8118",10,0,"20-64","sector_00","vaccinated","hospitalised_death"
"8119",0,0,"65+","sector_00","vaccinated","hospitalised_death"
"8120",1,0,"65+","sector_00","vaccinated","hospitalised_death"
"8121",2,0,"65+","sector_00","vaccinated","hospitalised_death"
"8122",3,0,"65+","sector_00","vaccinated","hospitalised_death"
"8123",4,0,"65+","sector_00","vaccinated","hospitalised_death"
"8124",5,0,"65+","sector_00","vaccinated","hospitalised_death"
"8125",6,0,"65+","sector_00","vaccinated","hospitalised_death"
"8126",7,0,"65+","sector_00","vaccinated","hospitalised_death"
"8127",8,0,"65+","sector_00","vaccinated","hospitalised_death"
"8128",9,0,"65+","sector_00","vaccinated","hospitalised_death"
"8129",10,0,"65+","sector_00","vaccinated","hospitalised_death"
"8130",0,0,"20-64","sector_01","vaccinated","hospitalised_death"
"8131",1,0,"20-64","sector_01","vaccinated","hospitalised_death"
"8132",2,0,"20-64","sector_01","vaccinated","hospitalised_death"
"8133",3,0,"20-64","sector_01","vaccinated","hospitalised_death"
"8134",4,0,"20-64","sector_01","vaccinated","hospitalised_death"
"8135",5,0,"20-64","sector_01","vaccinated","hospitalised_death"
"8136",6,0,"20-64","sector_01","vaccinated","hospitalised_death"
"8137",7,0,"20-64","sector_01","vaccinated","hospitalised_death"
"8138",8,0,"20-64","sector_01","vaccinated","hospitalised_death"
"8139",9,0,"20-64","sector_01","vaccinated","hospitalised_death"
"8140",10,0,"20-64","sector_01","vaccinated","hospitalised_death"
"8141",0,0,"20-64","sector_02","vaccinated","hospitalised_death"
"8142",1,0,"20-64","sector_02","vaccinated","hospitalised_death"
"8143",2,0,"20-64","sector_02","vaccinated","hospitalised_death"
"8144",3,0,"20-64","sector_02","vaccinated","hospitalised_death"
"8145",4,0,"20-64","sector_02","vaccinated","hospitalised_death"
"8146",5,0,"20-64","sector_02","vaccinated","hospitalised_death"
"8147",6,0,"20-64","sector_02","vaccinated","hospitalised_death"
"8148",7,0,"20-64","sector_02","vaccinated","hospitalised_death"
"8149",8,0,"20-64","sector_02","vaccinated","hospitalised_death"
"8150",9,0,"20-64","sector_02","vaccinated","hospitalised_death"
"8151",10,0,"20-64","sector_02","vaccinated","hospitalised_death"
"8152",0,0,"20-64","sector_03","vaccinated","hospitalised_death"
"8153",1,0,"20-64","sector_03","vaccinated","hospitalised_death"
"8154",2,0,"20-64","sector_03","vaccinated","hospitalised_death"
"8155",3,0,"20-64","sector_03","vaccinated","hospitalised_death"
"8156",4,0,"20-64","sector_03","vaccinated","hospitalised_death"
"8157",5,0,"20-64","sector_03","vaccinated","hospitalised_death"
"8158",6,0,"20-64","sector_03","vaccinated","hospitalised_death"
"8159",7,0,"20-64","sector_03","vaccinated","hospitalised_death"
"8160",8,0,"20-64","sector_03","vaccinated","hospitalised_death"
"8161",9,0,"20-64","sector_03","vaccinated","hospitalised_death"
"8162",10,0,"20-64","sector_03","vaccinated","hospitalised_death"
"8163",0,0,"20-64","sector_04","vaccinated","hospitalised_death"
"8164",1,0,"20-64","sector_04","vaccinated","hospitalised_death"
"8165",2,0,"20-64","sector_04","vaccinated","hospitalised_death"
"8166",3,0,"20-64","sector_04","vaccinated","hospitalised_death"
"8167",4,0,"20-64","sector_04","vaccinated","hospitalised_death"
"8168",5,0,"20-64","sector_04","vaccinated","hospitalised_death"
"8169",6,0,"20-64","sector_04","vaccinated","hospitalised_death"
"8170",7,0,"20-64","sector_04","vaccinated","hospitalised_death"
"8171",8,0,"20-64","sector_04","vaccinated","hospitalised_death"
"8172",9,0,"20-64","sector_04","vaccinated","hospitalised_death"
"8173",10,0,"20-64","sector_04","vaccinated","hospitalised_death"
"8174",0,0,"20-64","sector_05","vaccinated","hospitalised_death"
"8175",1,0,"20-64","sector_05","vaccinated","hospitalised_death"
"8176",2,0,"20-64","sector_05","vaccinated","hospitalised_death"
"8177",3,0,"20-64","sector_05","vaccinated","hospitalised_death"
"8178",4,0,"20-64","sector_05","vaccinated","hospitalised_death"
"8179",5,0,"20-64","sector_05","vaccinated","hospitalised_death"
"8180",6,0,"20-64","sector_05","vaccinated","hospitalised_death"
"8181",7,0,"20-64","sector_05","vaccinated","hospitalised_death"
"8182",8,0,"20-64","sector_05","vaccinated","hospitalised_death"
"8183",9,0,"20-64","sector_05","vaccinated","hospitalised_death"
"8184",10,0,"20-64","sector_05","vaccinated","hospitalised_death"
"8185",0,0,"20-64","sector_06","vaccinated","hospitalised_death"
"8186",1,0,"20-64","sector_06","vaccinated","hospitalised_death"
"8187",2,0,"20-64","sector_06","vaccinated","hospitalised_death"
"8188",3,0,"20-64","sector_06","vaccinated","hospitalised_death"
"8189",4,0,"20-64","sector_06","vaccinated","hospitalised_death"
"8190",5,0,"20-64","sector_06","vaccinated","hospitalised_death"
"8191",6,0,"20-64","sector_06","vaccinated","hospitalised_death"
"8192",7,0,"20-64","sector_06","vaccinated","hospitalised_death"
"8193",8,0,"20-64","sector_06","vaccinated","hospitalised_death"
"8194",9,0,"20-64","sector_06","vaccinated","hospitalised_death"
"8195",10,0,"20-64","sector_06","vaccinated","hospitalised_death"
"8196",0,0,"20-64","sector_07","vaccinated","hospitalised_death"
"8197",1,0,"20-64","sector_07","vaccinated","hospitalised_death"
"8198",2,0,"20-64","sector_07","vaccinated","hospitalised_death"
"8199",3,0,"20-64","sector_07","vaccinated","hospitalised_death"
"8200",4,0,"20-64","sector_07","vaccinated","hospitalised_death"
"8201",5,0,"20-64","sector_07","vaccinated","hospitalised_death"
"8202",6,0,"20-64","sector_07","vaccinated","hospitalised_death"
"8203",7,0,"20-64","sector_07","vaccinated","hospitalised_death"
"8204",8,0,"20-64","sector_07","vaccinated","hospitalised_death"
"8205",9,0,"20-64","sector_07","vaccinated","hospitalised_death"
"8206",10,0,"20-64","sector_07","vaccinated","hospitalised_death"
"8207",0,0,"20-64","sector_08","vaccinated","hospitalised_death"
"8208",1,0,"20-64","sector_08","vaccinated","hospitalised_death"
"8209",2,0,"20-64","sector_08","vaccinated","hospitalised_death"
"8210",3,0,"20-64","sector_08","vaccinated","hospitalised_death"
"8211",4,0,"20-64","sector_08","vaccinated","hospitalised_death"
"8212",5,0,"20-64","sector_08","vaccinated","hospitalised_death"
"8213",6,0,"20-64","sector_08","vaccinated","hospitalised_death"
"8214",7,0,"20-64","sector_08","vaccinated","hospitalised_death"
"8215",8,0,"20-64","sector_08","vaccinated","hospitalised_death"
"8216",9,0,"20-64","sector_08","vaccinated","hospitalised_death"
"8217",10,0,"20-64","sector_08","vaccinated","hospitalised_death"
"8218",0,0,"20-64","sector_09","vaccinated","hospitalised_death"
"8219",1,0,"20-64","sector_09","vaccinated","hospitalised_death"
"8220",2,0,"20-64","sector_09","vaccinated","hospitalised_death"
"8221",3,0,"20-64","sector_09","vaccinated","hospitalised_death"
"8222",4,0,"20-64","sector_09","vaccinated","hospitalised_death"
"8223",5,0,"20-64","sector_09","vaccinated","hospitalised_death"
"8224",6,0,"20-64","sector_09","vaccinated","hospitalised_death"
"8225",7,0,"20-64","sector_09","vaccinated","hospitalised_death"
"8226",8,0,"20-64","sector_09","vaccinated","hospitalised_death"
"8227",9,0,"20-64","sector_09","vaccinated","hospitalised_death"
"8228",10,0,"20-64","sector_09","vaccinated","hospitalised_death"
"8229",0,0,"20-64","sector_10","vaccinated","hospitalised_death"
"8230",1,0,"20-64","sector_10","vaccinated","hospitalised_death"
"8231",2,0,"20-64","sector_10","vaccinated","hospitalised_death"
"8232",3,0,"20-64","sector_10","vaccinated","hospitalised_death"
"8233",4,0,"20-64","sector_10","vaccinated","hospitalised_death"
"8234",5,0,"20-64","sector_10","vaccinated","hospitalised_death"
"8235",6,0,"20-64","sector_10","vaccinated","hospitalised_death"
"8236",7,0,"20-64","sector_10","vaccinated","hospitalised_death"
"8237",8,0,"20-64","sector_10","vaccinated","hospitalised_death"
"8238",9,0,"20-64","sector_10","vaccinated","hospitalised_death"
"8239",10,0,"20-64","sector_10","vaccinated","hospitalised_death"
"8240",0,0,"20-64","sector_11","vaccinated","hospitalised_death"
"8241",1,0,"20-64","sector_11","vaccinated","hospitalised_death"
"8242",2,0,"20-64","sector_11","vaccinated","hospitalised_death"
"8243",3,0,"20-64","sector_11","vaccinated","hospitalised_death"
"8244",4,0,"20-64","sector_11","vaccinated","hospitalised_death"
"8245",5,0,"20-64","sector_11","vaccinated","hospitalised_death"
"8246",6,0,"20-64","sector_11","vaccinated","hospitalised_death"
"8247",7,0,"20-64","sector_11","vaccinated","hospitalised_death"
"8248",8,0,"20-64","sector_11","vaccinated","hospitalised_death"
"8249",9,0,"20-64","sector_11","vaccinated","hospitalised_death"
"8250",10,0,"20-64","sector_11","vaccinated","hospitalised_death"
"8251",0,0,"20-64","sector_12","vaccinated","hospitalised_death"
"8252",1,0,"20-64","sector_12","vaccinated","hospitalised_death"
"8253",2,0,"20-64","sector_12","vaccinated","hospitalised_death"
"8254",3,0,"20-64","sector_12","vaccinated","hospitalised_death"
"8255",4,0,"20-64","sector_12","vaccinated","hospitalised_death"
"8256",5,0,"20-64","sector_12","vaccinated","hospitalised_death"
"8257",6,0,"20-64","sector_12","vaccinated","hospitalised_death"
"8258",7,0,"20-64","sector_12","vaccinated","hospitalised_death"
"8259",8,0,"20-64","sector_12","vaccinated","hospitalised_death"
"8260",9,0,"20-64","sector_12","vaccinated","hospitalised_death"
"8261",10,0,"20-64","sector_12","vaccinated","hospitalised_death"
"8262",0,0,"20-64","sector_13","vaccinated","hospitalised_death"
"8263",1,0,"20-64","sector_13","vaccinated","hospitalised_death"
"8264",2,0,"20-64","sector_13","vaccinated","hospitalised_death"
"8265",3,0,"20-64","sector_13","vaccinated","hospitalised_death"
"8266",4,0,"20-64","sector_13","vaccinated","hospitalised_death"
"8267",5,0,"20-64","sector_13","vaccinated","hospitalised_death"
"8268",6,0,"20-64","sector_13","vaccinated","hospitalised_death"
"8269",7,0,"20-64","sector_13","vaccinated","hospitalised_death"
"8270",8,0,"20-64","sector_13","vaccinated","hospitalised_death"
"8271",9,0,"20-64","sector_13","vaccinated","hospitalised_death"
"8272",10,0,"20-64","sector_13","vaccinated","hospitalised_death"
"8273",0,0,"20-64","sector_14","vaccinated","hospitalised_death"
"8274",1,0,"20-64","sector_14","vaccinated","hospitalised_death"
"8275",2,0,"20-64","sector_14","vaccinated","hospitalised_death"
"8276",3,0,"20-64","sector_14","vaccinated","hospitalised_death"
"8277",4,0,"20-64","sector_14","vaccinated","hospitalised_death"
"8278",5,0,"20-64","sector_14","vaccinated","hospitalised_death"
"8279",6,0,"20-64","sector_14","vaccinated","hospitalised_death"
"8280",7,0,"20-64","sector_14","vaccinated","hospitalised_death"
"8281",8,0,"20-64","sector_14","vaccinated","hospitalised_death"
"8282",9,0,"20-64","sector_14","vaccinated","hospitalised_death"
"8283",10,0,"20-64","sector_14","vaccinated","hospitalised_death"
"8284",0,0,"20-64","sector_15","vaccinated","hospitalised_death"
"8285",1,0,"20-64","sector_15","vaccinated","hospitalised_death"
"8286",2,0,"20-64","sector_15","vaccinated","hospitalised_death"
"8287",3,0,"20-64","sector_15","vaccinated","hospitalised_death"
"8288",4,0,"20-64","sector_15","vaccinated","hospitalised_death"
"8289",5,0,"20-64","sector_15","vaccinated","hospitalised_death"
"8290",6,0,"20-64","sector_15","vaccinated","hospitalised_death"
"8291",7,0,"20-64","sector_15","vaccinated","hospitalised_death"
"8292",8,0,"20-64","sector_15","vaccinated","hospitalised_death"
"8293",9,0,"20-64","sector_15","vaccinated","hospitalised_death"
"8294",10,0,"20-64","sector_15","vaccinated","hospitalised_death"
"8295",0,0,"20-64","sector_16","vaccinated","hospitalised_death"
"8296",1,0,"20-64","sector_16","vaccinated","hospitalised_death"
"8297",2,0,"20-64","sector_16","vaccinated","hospitalised_death"
"8298",3,0,"20-64","sector_16","vaccinated","hospitalised_death"
"8299",4,0,"20-64","sector_16","vaccinated","hospitalised_death"
"8300",5,0,"20-64","sector_16","vaccinated","hospitalised_death"
"8301",6,0,"20-64","sector_16","vaccinated","hospitalised_death"
"8302",7,0,"20-64","sector_16","vaccinated","hospitalised_death"
"8303",8,0,"20-64","sector_16","vaccinated","hospitalised_death"
"8304",9,0,"20-64","sector_16","vaccinated","hospitalised_death"
"8305",10,0,"20-64","sector_16","vaccinated","hospitalised_death"
"8306",0,0,"20-64","sector_17","vaccinated","hospitalised_death"
"8307",1,0,"20-64","sector_17","vaccinated","hospitalised_death"
"8308",2,0,"20-64","sector_17","vaccinated","hospitalised_death"
"8309",3,0,"20-64","sector_17","vaccinated","hospitalised_death"
"8310",4,0,"20-64","sector_17","vaccinated","hospitalised_death"
"8311",5,0,"20-64","sector_17","vaccinated","hospitalised_death"
"8312",6,0,"20-64","sector_17","vaccinated","hospitalised_death"
"8313",7,0,"20-64","sector_17","vaccinated","hospitalised_death"
"8314",8,0,"20-64","sector_17","vaccinated","hospitalised_death"
"8315",9,0,"20-64","sector_17","vaccinated","hospitalised_death"
"8316",10,0,"20-64","sector_17","vaccinated","hospitalised_death"
"8317",0,0,"20-64","sector_18","vaccinated","hospitalised_death"
"8318",1,0,"20-64","sector_18","vaccinated","hospitalised_death"
"8319",2,0,"20-64","sector_18","vaccinated","hospitalised_death"
"8320",3,0,"20-64","sector_18","vaccinated","hospitalised_death"
"8321",4,0,"20-64","sector_18","vaccinated","hospitalised_death"
"8322",5,0,"20-64","sector_18","vaccinated","hospitalised_death"
"8323",6,0,"20-64","sector_18","vaccinated","hospitalised_death"
"8324",7,0,"20-64","sector_18","vaccinated","hospitalised_death"
"8325",8,0,"20-64","sector_18","vaccinated","hospitalised_death"
"8326",9,0,"20-64","sector_18","vaccinated","hospitalised_death"
"8327",10,0,"20-64","sector_18","vaccinated","hospitalised_death"
"8328",0,0,"20-64","sector_19","vaccinated","hospitalised_death"
"8329",1,0,"20-64","sector_19","vaccinated","hospitalised_death"
"8330",2,0,"20-64","sector_19","vaccinated","hospitalised_death"
"8331",3,0,"20-64","sector_19","vaccinated","hospitalised_death"
"8332",4,0,"20-64","sector_19","vaccinated","hospitalised_death"
"8333",5,0,"20-64","sector_19","vaccinated","hospitalised_death"
"8334",6,0,"20-64","sector_19","vaccinated","hospitalised_death"
"8335",7,0,"20-64","sector_19","vaccinated","hospitalised_death"
"8336",8,0,"20-64","sector_19","vaccinated","hospitalised_death"
"8337",9,0,"20-64","sector_19","vaccinated","hospitalised_death"
"8338",10,0,"20-64","sector_19","vaccinated","hospitalised_death"
"8339",0,0,"20-64","sector_20","vaccinated","hospitalised_death"
"8340",1,0,"20-64","sector_20","vaccinated","hospitalised_death"
"8341",2,0,"20-64","sector_20","vaccinated","hospitalised_death"
"8342",3,0,"20-64","sector_20","vaccinated","hospitalised_death"
"8343",4,0,"20-64","sector_20","vaccinated","hospitalised_death"
"8344",5,0,"20-64","sector_20","vaccinated","hospitalised_death"
"8345",6,0,"20-64","sector_20","vaccinated","hospitalised_death"
"8346",7,0,"20-64","sector_20","vaccinated","hospitalised_death"
"8347",8,0,"20-64","sector_20","vaccinated","hospitalised_death"
"8348",9,0,"20-64","sector_20","vaccinated","hospitalised_death"
"8349",10,0,"20-64","sector_20","vaccinated","hospitalised_death"
"8350",0,0,"20-64","sector_21","vaccinated","hospitalised_death"
"8351",1,0,"20-64","sector_21","vaccinated","hospitalised_death"
"8352",2,0,"20-64","sector_21","vaccinated","hospitalised_death"
"8353",3,0,"20-64","sector_21","vaccinated","hospitalised_death"
"8354",4,0,"20-64","sector_21","vaccinated","hospitalised_death"
"8355",5,0,"20-64","sector_21","vaccinated","hospitalised_death"
"8356",6,0,"20-64","sector_21","vaccinated","hospitalised_death"
"8357",7,0,"20-64","sector_21","vaccinated","hospitalised_death"
"8358",8,0,"20-64","sector_21","vaccinated","hospitalised_death"
"8359",9,0,"20-64","sector_21","vaccinated","hospitalised_death"
"8360",10,0,"20-64","sector_21","vaccinated","hospitalised_death"
"8361",0,0,"20-64","sector_22","vaccinated","hospitalised_death"
"8362",1,0,"20-64","sector_22","vaccinated","hospitalised_death"
"8363",2,0,"20-64","sector_22","vaccinated","hospitalised_death"
"8364",3,0,"20-64","sector_22","vaccinated","hospitalised_death"
"8365",4,0,"20-64","sector_22","vaccinated","hospitalised_death"
"8366",5,0,"20-64","sector_22","vaccinated","hospitalised_death"
"8367",6,0,"20-64","sector_22","vaccinated","hospitalised_death"
"8368",7,0,"20-64","sector_22","vaccinated","hospitalised_death"
"8369",8,0,"20-64","sector_22","vaccinated","hospitalised_death"
"8370",9,0,"20-64","sector_22","vaccinated","hospitalised_death"
"8371",10,0,"20-64","sector_22","vaccinated","hospitalised_death"
"8372",0,0,"20-64","sector_23","vaccinated","hospitalised_death"
"8373",1,0,"20-64","sector_23","vaccinated","hospitalised_death"
"8374",2,0,"20-64","sector_23","vaccinated","hospitalised_death"
"8375",3,0,"20-64","sector_23","vaccinated","hospitalised_death"
"8376",4,0,"20-64","sector_23","vaccinated","hospitalised_death"
"8377",5,0,"20-64","sector_23","vaccinated","hospitalised_death"
"8378",6,0,"20-64","sector_23","vaccinated","hospitalised_death"
"8379",7,0,"20-64","sector_23","vaccinated","hospitalised_death"
"8380",8,0,"20-64","sector_23","vaccinated","hospitalised_death"
"8381",9,0,"20-64","sector_23","vaccinated","hospitalised_death"
"8382",10,0,"20-64","sector_23","vaccinated","hospitalised_death"
"8383",0,0,"20-64","sector_24","vaccinated","hospitalised_death"
"8384",1,0,"20-64","sector_24","vaccinated","hospitalised_death"
"8385",2,0,"20-64","sector_24","vaccinated","hospitalised_death"
"8386",3,0,"20-64","sector_24","vaccinated","hospitalised_death"
"8387",4,0,"20-64","sector_24","vaccinated","hospitalised_death"
"8388",5,0,"20-64","sector_24","vaccinated","hospitalised_death"
"8389",6,0,"20-64","sector_24","vaccinated","hospitalised_death"
"8390",7,0,"20-64","sector_24","vaccinated","hospitalised_death"
"8391",8,0,"20-64","sector_24","vaccinated","hospitalised_death"
"8392",9,0,"20-64","sector_24","vaccinated","hospitalised_death"
"8393",10,0,"20-64","sector_24","vaccinated","hospitalised_death"
"8394",0,0,"20-64","sector_25","vaccinated","hospitalised_death"
"8395",1,0,"20-64","sector_25","vaccinated","hospitalised_death"
"8396",2,0,"20-64","sector_25","vaccinated","hospitalised_death"
"8397",3,0,"20-64","sector_25","vaccinated","hospitalised_death"
"8398",4,0,"20-64","sector_25","vaccinated","hospitalised_death"
"8399",5,0,"20-64","sector_25","vaccinated","hospitalised_death"
"8400",6,0,"20-64","sector_25","vaccinated","hospitalised_death"
"8401",7,0,"20-64","sector_25","vaccinated","hospitalised_death"
"8402",8,0,"20-64","sector_25","vaccinated","hospitalised_death"
"8403",9,0,"20-64","sector_25","vaccinated","hospitalised_death"
"8404",10,0,"20-64","sector_25","vaccinated","hospitalised_death"
"8405",0,0,"20-64","sector_26","vaccinated","hospitalised_death"
"8406",1,0,"20-64","sector_26","vaccinated","hospitalised_death"
"8407",2,0,"20-64","sector_26","vaccinated","hospitalised_death"
"8408",3,0,"20-64","sector_26","vaccinated","hospitalised_death"
"8409",4,0,"20-64","sector_26","vaccinated","hospitalised_death"
"8410",5,0,"20-64","sector_26","vaccinated","hospitalised_death"
"8411",6,0,"20-64","sector_26","vaccinated","hospitalised_death"
"8412",7,0,"20-64","sector_26","vaccinated","hospitalised_death"
"8413",8,0,"20-64","sector_26","vaccinated","hospitalised_death"
"8414",9,0,"20-64","sector_26","vaccinated","hospitalised_death"
"8415",10,0,"20-64","sector_26","vaccinated","hospitalised_death"
"8416",0,0,"20-64","sector_27","vaccinated","hospitalised_death"
"8417",1,0,"20-64","sector_27","vaccinated","hospitalised_death"
"8418",2,0,"20-64","sector_27","vaccinated","hospitalised_death"
"8419",3,0,"20-64","sector_27","vaccinated","hospitalised_death"
"8420",4,0,"20-64","sector_27","vaccinated","hospitalised_death"
"8421",5,0,"20-64","sector_27","vaccinated","hospitalised_death"
"8422",6,0,"20-64","sector_27","vaccinated","hospitalised_death"
"8423",7,0,"20-64","sector_27","vaccinated","hospitalised_death"
"8424",8,0,"20-64","sector_27","vaccinated","hospitalised_death"
"8425",9,0,"20-64","sector_27","vaccinated","hospitalised_death"
"8426",10,0,"20-64","sector_27","vaccinated","hospitalised_death"
"8427",0,0,"20-64","sector_28","vaccinated","hospitalised_death"
"8428",1,0,"20-64","sector_28","vaccinated","hospitalised_death"
"8429",2,0,"20-64","sector_28","vaccinated","hospitalised_death"
"8430",3,0,"20-64","sector_28","vaccinated","hospitalised_death"
"8431",4,0,"20-64","sector_28","vaccinated","hospitalised_death"
"8432",5,0,"20-64","sector_28","vaccinated","hospitalised_death"
"8433",6,0,"20-64","sector_28","vaccinated","hospitalised_death"
"8434",7,0,"20-64","sector_28","vaccinated","hospitalised_death"
"8435",8,0,"20-64","sector_28","vaccinated","hospitalised_death"
"8436",9,0,"20-64","sector_28","vaccinated","hospitalised_death"
"8437",10,0,"20-64","sector_28","vaccinated","hospitalised_death"
"8438",0,0,"20-64","sector_29","vaccinated","hospitalised_death"
"8439",1,0,"20-64","sector_29","vaccinated","hospitalised_death"
"8440",2,0,"20-64","sector_29","vaccinated","hospitalised_death"
"8441",3,0,"20-64","sector_29","vaccinated","hospitalised_death"
"8442",4,0,"20-64","sector_29","vaccinated","hospitalised_death"
"8443",5,0,"20-64","sector_29","vaccinated","hospitalised_death"
"8444",6,0,"20-64","sector_29","vaccinated","hospitalised_death"
"8445",7,0,"20-64","sector_29","vaccinated","hospitalised_death"
"8446",8,0,"20-64","sector_29","vaccinated","hospitalised_death"
"8447",9,0,"20-64","sector_29","vaccinated","hospitalised_death"
"8448",10,0,"20-64","sector_29","vaccinated","hospitalised_death"
"8449",0,0,"20-64","sector_30","vaccinated","hospitalised_death"
"8450",1,0,"20-64","sector_30","vaccinated","hospitalised_death"
"8451",2,0,"20-64","sector_30","vaccinated","hospitalised_death"
"8452",3,0,"20-64","sector_30","vaccinated","hospitalised_death"
"8453",4,0,"20-64","sector_30","vaccinated","hospitalised_death"
"8454",5,0,"20-64","sector_30","vaccinated","hospitalised_death"
"8455",6,0,"20-64","sector_30","vaccinated","hospitalised_death"
"8456",7,0,"20-64","sector_30","vaccinated","hospitalised_death"
"8457",8,0,"20-64","sector_30","vaccinated","hospitalised_death"
"8458",9,0,"20-64","sector_30","vaccinated","hospitalised_death"
"8459",10,0,"20-64","sector_30","vaccinated","hospitalised_death"
"8460",0,0,"20-64","sector_31","vaccinated","hospitalised_death"
"8461",1,0,"20-64","sector_31","vaccinated","hospitalised_death"
"8462",2,0,"20-64","sector_31","vaccinated","hospitalised_death"
"8463",3,0,"20-64","sector_31","vaccinated","hospitalised_death"
"8464",4,0,"20-64","sector_31","vaccinated","hospitalised_death"
"8465",5,0,"20-64","sector_31","vaccinated","hospitalised_death"
"8466",6,0,"20-64","sector_31","vaccinated","hospitalised_death"
"8467",7,0,"20-64","sector_31","vaccinated","hospitalised_death"
"8468",8,0,"20-64","sector_31","vaccinated","hospitalised_death"
"8469",9,0,"20-64","sector_31","vaccinated","hospitalised_death"
"8470",10,0,"20-64","sector_31","vaccinated","hospitalised_death"
"8471",0,0,"20-64","sector_32","vaccinated","hospitalised_death"
"8472",1,0,"20-64","sector_32","vaccinated","hospitalised_death"
"8473",2,0,"20-64","sector_32","vaccinated","hospitalised_death"
"8474",3,0,"20-64","sector_32","vaccinated","hospitalised_death"
"8475",4,0,"20-64","sector_32","vaccinated","hospitalised_death"
"8476",5,0,"20-64","sector_32","vaccinated","hospitalised_death"
"8477",6,0,"20-64","sector_32","vaccinated","hospitalised_death"
"8478",7,0,"20-64","sector_32","vaccinated","hospitalised_death"
"8479",8,0,"20-64","sector_32","vaccinated","hospitalised_death"
"8480",9,0,"20-64","sector_32","vaccinated","hospitalised_death"
"8481",10,0,"20-64","sector_32","vaccinated","hospitalised_death"
"8482",0,0,"20-64","sector_33","vaccinated","hospitalised_death"
"8483",1,0,"20-64","sector_33","vaccinated","hospitalised_death"
"8484",2,0,"20-64","sector_33","vaccinated","hospitalised_death"
"8485",3,0,"20-64","sector_33","vaccinated","hospitalised_death"
"8486",4,0,"20-64","sector_33","vaccinated","hospitalised_death"
"8487",5,0,"20-64","sector_33","vaccinated","hospitalised_death"
"8488",6,0,"20-64","sector_33","vaccinated","hospitalised_death"
"8489",7,0,"20-64","sector_33","vaccinated","hospitalised_death"
"8490",8,0,"20-64","sector_33","vaccinated","hospitalised_death"
"8491",9,0,"20-64","sector_33","vaccinated","hospitalised_death"
"8492",10,0,"20-64","sector_33","vaccinated","hospitalised_death"
"8493",0,0,"20-64","sector_34","vaccinated","hospitalised_death"
"8494",1,0,"20-64","sector_34","vaccinated","hospitalised_death"
"8495",2,0,"20-64","sector_34","vaccinated","hospitalised_death"
"8496",3,0,"20-64","sector_34","vaccinated","hospitalised_death"
"8497",4,0,"20-64","sector_34","vaccinated","hospitalised_death"
"8498",5,0,"20-64","sector_34","vaccinated","hospitalised_death"
"8499",6,0,"20-64","sector_34","vaccinated","hospitalised_death"
"8500",7,0,"20-64","sector_34","vaccinated","hospitalised_death"
"8501",8,0,"20-64","sector_34","vaccinated","hospitalised_death"
"8502",9,0,"20-64","sector_34","vaccinated","hospitalised_death"
"8503",10,0,"20-64","sector_34","vaccinated","hospitalised_death"
"8504",0,0,"20-64","sector_35","vaccinated","hospitalised_death"
"8505",1,0,"20-64","sector_35","vaccinated","hospitalised_death"
"8506",2,0,"20-64","sector_35","vaccinated","hospitalised_death"
"8507",3,0,"20-64","sector_35","vaccinated","hospitalised_death"
"8508",4,0,"20-64","sector_35","vaccinated","hospitalised_death"
"8509",5,0,"20-64","sector_35","vaccinated","hospitalised_death"
"8510",6,0,"20-64","sector_35","vaccinated","hospitalised_death"
"8511",7,0,"20-64","sector_35","vaccinated","hospitalised_death"
"8512",8,0,"20-64","sector_35","vaccinated","hospitalised_death"
"8513",9,0,"20-64","sector_35","vaccinated","hospitalised_death"
"8514",10,0,"20-64","sector_35","vaccinated","hospitalised_death"
"8515",0,0,"20-64","sector_36","vaccinated","hospitalised_death"
"8516",1,0,"20-64","sector_36","vaccinated","hospitalised_death"
"8517",2,0,"20-64","sector_36","vaccinated","hospitalised_death"
"8518",3,0,"20-64","sector_36","vaccinated","hospitalised_death"
"8519",4,0,"20-64","sector_36","vaccinated","hospitalised_death"
"8520",5,0,"20-64","sector_36","vaccinated","hospitalised_death"
"8521",6,0,"20-64","sector_36","vaccinated","hospitalised_death"
"8522",7,0,"20-64","sector_36","vaccinated","hospitalised_death"
"8523",8,0,"20-64","sector_36","vaccinated","hospitalised_death"
"8524",9,0,"20-64","sector_36","vaccinated","hospitalised_death"
"8525",10,0,"20-64","sector_36","vaccinated","hospitalised_death"
"8526",0,0,"20-64","sector_37","vaccinated","hospitalised_death"
"8527",1,0,"20-64","sector_37","vaccinated","hospitalised_death"
"8528",2,0,"20-64","sector_37","vaccinated","hospitalised_death"
"8529",3,0,"20-64","sector_37","vaccinated","hospitalised_death"
"8530",4,0,"20-64","sector_37","vaccinated","hospitalised_death"
"8531",5,0,"20-64","sector_37","vaccinated","hospitalised_death"
"8532",6,0,"20-64","sector_37","vaccinated","hospitalised_death"
"8533",7,0,"20-64","sector_37","vaccinated","hospitalised_death"
"8534",8,0,"20-64","sector_37","vaccinated","hospitalised_death"
"8535",9,0,"20-64","sector_37","vaccinated","hospitalised_death"
"8536",10,0,"20-64","sector_37","vaccinated","hospitalised_death"
"8537",0,0,"20-64","sector_38","vaccinated","hospitalised_death"
"8538",1,0,"20-64","sector_38","vaccinated","hospitalised_death"
"8539",2,0,"20-64","sector_38","vaccinated","hospitalised_death"
"8540",3,0,"20-64","sector_38","vaccinated","hospitalised_death"
"8541",4,0,"20-64","sector_38","vaccinated","hospitalised_death"
"8542",5,0,"20-64","sector_38","vaccinated","hospitalised_death"
"8543",6,0,"20-64","sector_38","vaccinated","hospitalised_death"
"8544",7,0,"20-64","sector_38","vaccinated","hospitalised_death"
"8545",8,0,"20-64","sector_38","vaccinated","hospitalised_death"
"8546",9,0,"20-64","sector_38","vaccinated","hospitalised_death"
"8547",10,0,"20-64","sector_38","vaccinated","hospitalised_death"
"8548",0,0,"20-64","sector_39","vaccinated","hospitalised_death"
"8549",1,0,"20-64","sector_39","vaccinated","hospitalised_death"
"8550",2,0,"20-64","sector_39","vaccinated","hospitalised_death"
"8551",3,0,"20-64","sector_39","vaccinated","hospitalised_death"
"8552",4,0,"20-64","sector_39","vaccinated","hospitalised_death"
"8553",5,0,"20-64","sector_39","vaccinated","hospitalised_death"
"8554",6,0,"20-64","sector_39","vaccinated","hospitalised_death"
"8555",7,0,"20-64","sector_39","vaccinated","hospitalised_death"
"8556",8,0,"20-64","sector_39","vaccinated","hospitalised_death"
"8557",9,0,"20-64","sector_39","vaccinated","hospitalised_death"
"8558",10,0,"20-64","sector_39","vaccinated","hospitalised_death"
"8559",0,0,"20-64","sector_40","vaccinated","hospitalised_death"
"8560",1,0,"20-64","sector_40","vaccinated","hospitalised_death"
"8561",2,0,"20-64","sector_40","vaccinated","hospitalised_death"
"8562",3,0,"20-64","sector_40","vaccinated","hospitalised_death"
"8563",4,0,"20-64","sector_40","vaccinated","hospitalised_death"
"8564",5,0,"20-64","sector_40","vaccinated","hospitalised_death"
"8565",6,0,"20-64","sector_40","vaccinated","hospitalised_death"
"8566",7,0,"20-64","sector_40","vaccinated","hospitalised_death"
"8567",8,0,"20-64","sector_40","vaccinated","hospitalised_death"
"8568",9,0,"20-64","sector_40","vaccinated","hospitalised_death"
"8569",10,0,"20-64","sector_40","vaccinated","hospitalised_death"
"8570",0,0,"20-64","sector_41","vaccinated","hospitalised_death"
"8571",1,0,"20-64","sector_41","vaccinated","hospitalised_death"
"8572",2,0,"20-64","sector_41","vaccinated","hospitalised_death"
"8573",3,0,"20-64","sector_41","vaccinated","hospitalised_death"
"8574",4,0,"20-64","sector_41","vaccinated","hospitalised_death"
"8575",5,0,"20-64","sector_41","vaccinated","hospitalised_death"
"8576",6,0,"20-64","sector_41","vaccinated","hospitalised_death"
"8577",7,0,"20-64","sector_41","vaccinated","hospitalised_death"
"8578",8,0,"20-64","sector_41","vaccinated","hospitalised_death"
"8579",9,0,"20-64","sector_41","vaccinated","hospitalised_death"
"8580",10,0,"20-64","sector_41","vaccinated","hospitalised_death"
"8581",0,0,"20-64","sector_42","vaccinated","hospitalised_death"
"8582",1,0,"20-64","sector_42","vaccinated","hospitalised_death"
"8583",2,0,"20-64","sector_42","vaccinated","hospitalised_death"
"8584",3,0,"20-64","sector_42","vaccinated","hospitalised_death"
"8585",4,0,"20-64","sector_42","vaccinated","hospitalised_death"
"8586",5,0,"20-64","sector_42","vaccinated","hospitalised_death"
"8587",6,0,"20-64","sector_42","vaccinated","hospitalised_death"
"8588",7,0,"20-64","sector_42","vaccinated","hospitalised_death"
"8589",8,0,"20-64","sector_42","vaccinated","hospitalised_death"
"8590",9,0,"20-64","sector_42","vaccinated","hospitalised_death"
"8591",10,0,"20-64","sector_42","vaccinated","hospitalised_death"
"8592",0,0,"20-64","sector_43","vaccinated","hospitalised_death"
"8593",1,0,"20-64","sector_43","vaccinated","hospitalised_death"
"8594",2,0,"20-64","sector_43","vaccinated","hospitalised_death"
"8595",3,0,"20-64","sector_43","vaccinated","hospitalised_death"
"8596",4,0,"20-64","sector_43","vaccinated","hospitalised_death"
"8597",5,0,"20-64","sector_43","vaccinated","hospitalised_death"
"8598",6,0,"20-64","sector_43","vaccinated","hospitalised_death"
"8599",7,0,"20-64","sector_43","vaccinated","hospitalised_death"
"8600",8,0,"20-64","sector_43","vaccinated","hospitalised_death"
"8601",9,0,"20-64","sector_43","vaccinated","hospitalised_death"
"8602",10,0,"20-64","sector_43","vaccinated","hospitalised_death"
"8603",0,0,"20-64","sector_44","vaccinated","hospitalised_death"
"8604",1,0,"20-64","sector_44","vaccinated","hospitalised_death"
"8605",2,0,"20-64","sector_44","vaccinated","hospitalised_death"
"8606",3,0,"20-64","sector_44","vaccinated","hospitalised_death"
"8607",4,0,"20-64","sector_44","vaccinated","hospitalised_death"
"8608",5,0,"20-64","sector_44","vaccinated","hospitalised_death"
"8609",6,0,"20-64","sector_44","vaccinated","hospitalised_death"
"8610",7,0,"20-64","sector_44","vaccinated","hospitalised_death"
"8611",8,0,"20-64","sector_44","vaccinated","hospitalised_death"
"8612",9,0,"20-64","sector_44","vaccinated","hospitalised_death"
"8613",10,0,"20-64","sector_44","vaccinated","hospitalised_death"
"8614",0,0,"20-64","sector_45","vaccinated","hospitalised_death"
"8615",1,0,"20-64","sector_45","vaccinated","hospitalised_death"
"8616",2,0,"20-64","sector_45","vaccinated","hospitalised_death"
"8617",3,0,"20-64","sector_45","vaccinated","hospitalised_death"
"8618",4,0,"20-64","sector_45","vaccinated","hospitalised_death"
"8619",5,0,"20-64","sector_45","vaccinated","hospitalised_death"
"8620",6,0,"20-64","sector_45","vaccinated","hospitalised_death"
"8621",7,0,"20-64","sector_45","vaccinated","hospitalised_death"
"8622",8,0,"20-64","sector_45","vaccinated","hospitalised_death"
"8623",9,0,"20-64","sector_45","vaccinated","hospitalised_death"
"8624",10,0,"20-64","sector_45","vaccinated","hospitalised_death"
"8625",0,0,"0-4","sector_00","vaccinated","recovered"
"8626",1,0,"0-4","sector_00","vaccinated","recovered"
"8627",2,0,"0-4","sector_00","vaccinated","recovered"
"8628",3,0,"0-4","sector_00","vaccinated","recovered"
"8629",4,0,"0-4","sector_00","vaccinated","recovered"
"8630",5,0,"0-4","sector_00","vaccinated","recovered"
"8631",6,0,"0-4","sector_00","vaccinated","recovered"
"8632",7,0,"0-4","sector_00","vaccinated","recovered"
"8633",8,0,"0-4","sector_00","vaccinated","recovered"
"8634",9,0,"0-4","sector_00","vaccinated","recovered"
"8635",10,0,"0-4","sector_00","vaccinated","recovered"
"8636",0,0,"5-19","sector_00","vaccinated","recovered"
"8637",1,0,"5-19","sector_00","vaccinated","recovered"
"8638",2,0,"5-19","sector_00","vaccinated","recovered"
"8639",3,0,"5-19","sector_00","vaccinated","recovered"
"8640",4,0,"5-19","sector_00","vaccinated","recovered"
"8641",5,0,"5-19","sector_00","vaccinated","recovered"
"8642",6,0,"5-19","sector_00","vaccinated","recovered"
"8643",7,0,"5-19","sector_00","vaccinated","recovered"
"8644",8,0,"5-19","sector_00","vaccinated","recovered"
"8645",9,0,"5-19","sector_00","vaccinated","recovered"
"8646",10,0,"5-19","sector_00","vaccinated","recovered"
"8647",0,0,"20-64","sector_00","vaccinated","recovered"
"8648",1,0,"20-64","sector_00","vaccinated","recovered"
"8649",2,0,"20-64","sector_00","vaccinated","recovered"
"8650",3,0,"20-64","sector_00","vaccinated","recovered"
"8651",4,0,"20-64","sector_00","vaccinated","recovered"
"8652",5,0,"20-64","sector_00","vaccinated","recovered"
"8653",6,0,"20-64","sector_00","vaccinated","recovered"
"8654",7,0,"20-64","sector_00","vaccinated","recovered"
"8655",8,0,"20-64","sector_00","vaccinated","recovered"
"8656",9,0,"20-64","sector_00","vaccinated","recovered"
"8657",10,0,"20-64","sector_00","vaccinated","recovered"
"8658",0,0,"65+","sector_00","vaccinated","recovered"
"8659",1,0,"65+","sector_00","vaccinated","recovered"
"8660",2,0,"65+","sector_00","vaccinated","recovered"
"8661",3,0,"65+","sector_00","vaccinated","recovered"
"8662",4,0,"65+","sector_00","vaccinated","recovered"
"8663",5,0,"65+","sector_00","vaccinated","recovered"
"8664",6,0,"65+","sector_00","vaccinated","recovered"
"8665",7,0,"65+","sector_00","vaccinated","recovered"
"8666",8,0,"65+","sector_00","vaccinated","recovered"
"8667",9,0,"65+","sector_00","vaccinated","recovered"
"8668",10,0,"65+","sector_00","vaccinated","recovered"
"8669",0,0,"20-64","sector_01","vaccinated","recovered"
"8670",1,0,"20-64","sector_01","vaccinated","recovered"
"8671",2,0,"20-64","sector_01","vaccinated","recovered"
"8672",3,0,"20-64","sector_01","vaccinated","recovered"
"8673",4,0,"20-64","sector_01","vaccinated","recovered"
"8674",5,0,"20-64","sector_01","vaccinated","recovered"
"8675",6,0,"20-64","sector_01","vaccinated","recovered"
"8676",7,0,"20-64","sector_01","vaccinated","recovered"
"8677",8,0,"20-64","sector_01","vaccinated","recovered"
"8678",9,0,"20-64","sector_01","vaccinated","recovered"
"8679",10,0,"20-64","sector_01","vaccinated","recovered"
"8680",0,0,"20-64","sector_02","vaccinated","recovered"
"8681",1,0,"20-64","sector_02","vaccinated","recovered"
"8682",2,0,"20-64","sector_02","vaccinated","recovered"
"8683",3,0,"20-64","sector_02","vaccinated","recovered"
"8684",4,0,"20-64","sector_02","vaccinated","recovered"
"8685",5,0,"20-64","sector_02","vaccinated","recovered"
"8686",6,0,"20-64","sector_02","vaccinated","recovered"
"8687",7,0,"20-64","sector_02","vaccinated","recovered"
"8688",8,0,"20-64","sector_02","vaccinated","recovered"
"8689",9,0,"20-64","sector_02","vaccinated","recovered"
"8690",10,0,"20-64","sector_02","vaccinated","recovered"
"8691",0,0,"20-64","sector_03","vaccinated","recovered"
"8692",1,0,"20-64","sector_03","vaccinated","recovered"
"8693",2,0,"20-64","sector_03","vaccinated","recovered"
"8694",3,0,"20-64","sector_03","vaccinated","recovered"
"8695",4,0,"20-64","sector_03","vaccinated","recovered"
"8696",5,0,"20-64","sector_03","vaccinated","recovered"
"8697",6,0,"20-64","sector_03","vaccinated","recovered"
"8698",7,0,"20-64","sector_03","vaccinated","recovered"
"8699",8,0,"20-64","sector_03","vaccinated","recovered"
"8700",9,0,"20-64","sector_03","vaccinated","recovered"
"8701",10,0,"20-64","sector_03","vaccinated","recovered"
"8702",0,0,"20-64","sector_04","vaccinated","recovered"
"8703",1,0,"20-64","sector_04","vaccinated","recovered"
"8704",2,0,"20-64","sector_04","vaccinated","recovered"
"8705",3,0,"20-64","sector_04","vaccinated","recovered"
"8706",4,0,"20-64","sector_04","vaccinated","recovered"
"8707",5,0,"20-64","sector_04","vaccinated","recovered"
"8708",6,0,"20-64","sector_04","vaccinated","recovered"
"8709",7,0,"20-64","sector_04","vaccinated","recovered"
"8710",8,0,"20-64","sector_04","vaccinated","recovered"
"8711",9,0,"20-64","sector_04","vaccinated","recovered"
"8712",10,0,"20-64","sector_04","vaccinated","recovered"
"8713",0,0,"20-64","sector_05","vaccinated","recovered"
"8714",1,0,"20-64","sector_05","vaccinated","recovered"
"8715",2,0,"20-64","sector_05","vaccinated","recovered"
"8716",3,0,"20-64","sector_05","vaccinated","recovered"
"8717",4,0,"20-64","sector_05","vaccinated","recovered"
"8718",5,0,"20-64","sector_05","vaccinated","recovered"
"8719",6,0,"20-64","sector_05","vaccinated","recovered"
"8720",7,0,"20-64","sector_05","vaccinated","recovered"
"8721",8,0,"20-64","sector_05","vaccinated","recovered"
"8722",9,0,"20-64","sector_05","vaccinated","recovered"
"8723",10,0,"20-64","sector_05","vaccinated","recovered"
"8724",0,0,"20-64","sector_06","vaccinated","recovered"
"8725",1,0,"20-64","sector_06","vaccinated","recovered"
"8726",2,0,"20-64","sector_06","vaccinated","recovered"
"8727",3,0,"20-64","sector_06","vaccinated","recovered"
"8728",4,0,"20-64","sector_06","vaccinated","recovered"
"8729",5,0,"20-64","sector_06","vaccinated","recovered"
"8730",6,0,"20-64","sector_06","vaccinated","recovered"
"8731",7,0,"20-64","sector_06","vaccinated","recovered"
"8732",8,0,"20-64","sector_06","vaccinated","recovered"
"8733",9,0,"20-64","sector_06","vaccinated","recovered"
"8734",10,0,"20-64","sector_06","vaccinated","recovered"
"8735",0,0,"20-64","sector_07","vaccinated","recovered"
"8736",1,0,"20-64","sector_07","vaccinated","recovered"
"8737",2,0,"20-64","sector_07","vaccinated","recovered"
"8738",3,0,"20-64","sector_07","vaccinated","recovered"
"8739",4,0,"20-64","sector_07","vaccinated","recovered"
"8740",5,0,"20-64","sector_07","vaccinated","recovered"
"8741",6,0,"20-64","sector_07","vaccinated","recovered"
"8742",7,0,"20-64","sector_07","vaccinated","recovered"
"8743",8,0,"20-64","sector_07","vaccinated","recovered"
"8744",9,0,"20-64","sector_07","vaccinated","recovered"
"8745",10,0,"20-64","sector_07","vaccinated","recovered"
"8746",0,0,"20-64","sector_08","vaccinated","recovered"
"8747",1,0,"20-64","sector_08","vaccinated","recovered"
"8748",2,0,"20-64","sector_08","vaccinated","recovered"
"8749",3,0,"20-64","sector_08","vaccinated","recovered"
"8750",4,0,"20-64","sector_08","vaccinated","recovered"
"8751",5,0,"20-64","sector_08","vaccinated","recovered"
"8752",6,0,"20-64","sector_08","vaccinated","recovered"
"8753",7,0,"20-64","sector_08","vaccinated","recovered"
"8754",8,0,"20-64","sector_08","vaccinated","recovered"
"8755",9,0,"20-64","sector_08","vaccinated","recovered"
"8756",10,0,"20-64","sector_08","vaccinated","recovered"
"8757",0,0,"20-64","sector_09","vaccinated","recovered"
"8758",1,0,"20-64","sector_09","vaccinated","recovered"
"8759",2,0,"20-64","sector_09","vaccinated","recovered"
"8760",3,0,"20-64","sector_09","vaccinated","recovered"
"8761",4,0,"20-64","sector_09","vaccinated","recovered"
"8762",5,0,"20-64","sector_09","vaccinated","recovered"
"8763",6,0,"20-64","sector_09","vaccinated","recovered"
"8764",7,0,"20-64","sector_09","vaccinated","recovered"
"8765",8,0,"20-64","sector_09","vaccinated","recovered"
"8766",9,0,"20-64","sector_09","vaccinated","recovered"
"8767",10,0,"20-64","sector_09","vaccinated","recovered"
"8768",0,0,"20-64","sector_10","vaccinated","recovered"
"8769",1,0,"20-64","sector_10","vaccinated","recovered"
"8770",2,0,"20-64","sector_10","vaccinated","recovered"
"8771",3,0,"20-64","sector_10","vaccinated","recovered"
"8772",4,0,"20-64","sector_10","vaccinated","recovered"
"8773",5,0,"20-64","sector_10","vaccinated","recovered"
"8774",6,0,"20-64","sector_10","vaccinated","recovered"
"8775",7,0,"20-64","sector_10","vaccinated","recovered"
"8776",8,0,"20-64","sector_10","vaccinated","recovered"
"8777",9,0,"20-64","sector_10","vaccinated","recovered"
"8778",10,0,"20-64","sector_10","vaccinated","recovered"
"8779",0,0,"20-64","sector_11","vaccinated","recovered"
"8780",1,0,"20-64","sector_11","vaccinated","recovered"
"8781",2,0,"20-64","sector_11","vaccinated","recovered"
"8782",3,0,"20-64","sector_11","vaccinated","recovered"
"8783",4,0,"20-64","sector_11","vaccinated","recovered"
"8784",5,0,"20-64","sector_11","vaccinated","recovered"
"8785",6,0,"20-64","sector_11","vaccinated","recovered"
"8786",7,0,"20-64","sector_11","vaccinated","recovered"
"8787",8,0,"20-64","sector_11","vaccinated","recovered"
"8788",9,0,"20-64","sector_11","vaccinated","recovered"
"8789",10,0,"20-64","sector_11","vaccinated","recovered"
"8790",0,0,"20-64","sector_12","vaccinated","recovered"
"8791",1,0,"20-64","sector_12","vaccinated","recovered"
"8792",2,0,"20-64","sector_12","vaccinated","recovered"
"8793",3,0,"20-64","sector_12","vaccinated","recovered"
"8794",4,0,"20-64","sector_12","vaccinated","recovered"
"8795",5,0,"20-64","sector_12","vaccinated","recovered"
"8796",6,0,"20-64","sector_12","vaccinated","recovered"
"8797",7,0,"20-64","sector_12","vaccinated","recovered"
"8798",8,0,"20-64","sector_12","vaccinated","recovered"
"8799",9,0,"20-64","sector_12","vaccinated","recovered"
"8800",10,0,"20-64","sector_12","vaccinated","recovered"
"8801",0,0,"20-64","sector_13","vaccinated","recovered"
"8802",1,0,"20-64","sector_13","vaccinated","recovered"
"8803",2,0,"20-64","sector_13","vaccinated","recovered"
"8804",3,0,"20-64","sector_13","vaccinated","recovered"
"8805",4,0,"20-64","sector_13","vaccinated","recovered"
"8806",5,0,"20-64","sector_13","vaccinated","recovered"
"8807",6,0,"20-64","sector_13","vaccinated","recovered"
"8808",7,0,"20-64","sector_13","vaccinated","recovered"
"8809",8,0,"20-64","sector_13","vaccinated","recovered"
"8810",9,0,"20-64","sector_13","vaccinated","recovered"
"8811",10,0,"20-64","sector_13","vaccinated","recovered"
"8812",0,0,"20-64","sector_14","vaccinated","recovered"
"8813",1,0,"20-64","sector_14","vaccinated","recovered"
"8814",2,0,"20-64","sector_14","vaccinated","recovered"
"8815",3,0,"20-64","sector_14","vaccinated","recovered"
"8816",4,0,"20-64","sector_14","vaccinated","recovered"
"8817",5,0,"20-64","sector_14","vaccinated","recovered"
"8818",6,0,"20-64","sector_14","vaccinated","recovered"
"8819",7,0,"20-64","sector_14","vaccinated","recovered"
"8820",8,0,"20-64","sector_14","vaccinated","recovered"
"8821",9,0,"20-64","sector_14","vaccinated","recovered"
"8822",10,0,"20-64","sector_14","vaccinated","recovered"
"8823",0,0,"20-64","sector_15","vaccinated","recovered"
"8824",1,0,"20-64","sector_15","vaccinated","recovered"
"8825",2,0,"20-64","sector_15","vaccinated","recovered"
"8826",3,0,"20-64","sector_15","vaccinated","recovered"
"8827",4,0,"20-64","sector_15","vaccinated","recovered"
"8828",5,0,"20-64","sector_15","vaccinated","recovered"
"8829",6,0,"20-64","sector_15","vaccinated","recovered"
"8830",7,0,"20-64","sector_15","vaccinated","recovered"
"8831",8,0,"20-64","sector_15","vaccinated","recovered"
"8832",9,0,"20-64","sector_15","vaccinated","recovered"
"8833",10,0,"20-64","sector_15","vaccinated","recovered"
"8834",0,0,"20-64","sector_16","vaccinated","recovered"
"8835",1,0,"20-64","sector_16","vaccinated","recovered"
"8836",2,0,"20-64","sector_16","vaccinated","recovered"
"8837",3,0,"20-64","sector_16","vaccinated","recovered"
"8838",4,0,"20-64","sector_16","vaccinated","recovered"
"8839",5,0,"20-64","sector_16","vaccinated","recovered"
"8840",6,0,"20-64","sector_16","vaccinated","recovered"
"8841",7,0,"20-64","sector_16","vaccinated","recovered"
"8842",8,0,"20-64","sector_16","vaccinated","recovered"
"8843",9,0,"20-64","sector_16","vaccinated","recovered"
"8844",10,0,"20-64","sector_16","vaccinated","recovered"
"8845",0,0,"20-64","sector_17","vaccinated","recovered"
"8846",1,0,"20-64","sector_17","vaccinated","recovered"
"8847",2,0,"20-64","sector_17","vaccinated","recovered"
"8848",3,0,"20-64","sector_17","vaccinated","recovered"
"8849",4,0,"20-64","sector_17","vaccinated","recovered"
"8850",5,0,"20-64","sector_17","vaccinated","recovered"
"8851",6,0,"20-64","sector_17","vaccinated","recovered"
"8852",7,0,"20-64","sector_17","vaccinated","recovered"
"8853",8,0,"20-64","sector_17","vaccinated","recovered"
"8854",9,0,"20-64","sector_17","vaccinated","recovered"
"8855",10,0,"20-64","sector_17","vaccinated","recovered"
"8856",0,0,"20-64","sector_18","vaccinated","recovered"
"8857",1,0,"20-64","sector_18","vaccinated","recovered"
"8858",2,0,"20-64","sector_18","vaccinated","recovered"
"8859",3,0,"20-64","sector_18","vaccinated","recovered"
"8860",4,0,"20-64","sector_18","vaccinated","recovered"
"8861",5,0,"20-64","sector_18","vaccinated","recovered"
"8862",6,0,"20-64","sector_18","vaccinated","recovered"
"8863",7,0,"20-64","sector_18","vaccinated","recovered"
"8864",8,0,"20-64","sector_18","vaccinated","recovered"
"8865",9,0,"20-64","sector_18","vaccinated","recovered"
"8866",10,0,"20-64","sector_18","vaccinated","recovered"
"8867",0,0,"20-64","sector_19","vaccinated","recovered"
"8868",1,0,"20-64","sector_19","vaccinated","recovered"
"8869",2,0,"20-64","sector_19","vaccinated","recovered"
"8870",3,0,"20-64","sector_19","vaccinated","recovered"
"8871",4,0,"20-64","sector_19","vaccinated","recovered"
"8872",5,0,"20-64","sector_19","vaccinated","recovered"
"8873",6,0,"20-64","sector_19","vaccinated","recovered"
"8874",7,0,"20-64","sector_19","vaccinated","recovered"
"8875",8,0,"20-64","sector_19","vaccinated","recovered"
"8876",9,0,"20-64","sector_19","vaccinated","recovered"
"8877",10,0,"20-64","sector_19","vaccinated","recovered"
"8878",0,0,"20-64","sector_20","vaccinated","recovered"
"8879",1,0,"20-64","sector_20","vaccinated","recovered"
"8880",2,0,"20-64","sector_20","vaccinated","recovered"
"8881",3,0,"20-64","sector_20","vaccinated","recovered"
"8882",4,0,"20-64","sector_20","vaccinated","recovered"
"8883",5,0,"20-64","sector_20","vaccinated","recovered"
"8884",6,0,"20-64","sector_20","vaccinated","recovered"
"8885",7,0,"20-64","sector_20","vaccinated","recovered"
"8886",8,0,"20-64","sector_20","vaccinated","recovered"
"8887",9,0,"20-64","sector_20","vaccinated","recovered"
"8888",10,0,"20-64","sector_20","vaccinated","recovered"
"8889",0,0,"20-64","sector_21","vaccinated","recovered"
"8890",1,0,"20-64","sector_21","vaccinated","recovered"
"8891",2,0,"20-64","sector_21","vaccinated","recovered"
"8892",3,0,"20-64","sector_21","vaccinated","recovered"
"8893",4,0,"20-64","sector_21","vaccinated","recovered"
"8894",5,0,"20-64","sector_21","vaccinated","recovered"
"8895",6,0,"20-64","sector_21","vaccinated","recovered"
"8896",7,0,"20-64","sector_21","vaccinated","recovered"
"8897",8,0,"20-64","sector_21","vaccinated","recovered"
"8898",9,0,"20-64","sector_21","vaccinated","recovered"
"8899",10,0,"20-64","sector_21","vaccinated","recovered"
"8900",0,0,"20-64","sector_22","vaccinated","recovered"
"8901",1,0,"20-64","sector_22","vaccinated","recovered"
"8902",2,0,"20-64","sector_22","vaccinated","recovered"
"8903",3,0,"20-64","sector_22","vaccinated","recovered"
"8904",4,0,"20-64","sector_22","vaccinated","recovered"
"8905",5,0,"20-64","sector_22","vaccinated","recovered"
"8906",6,0,"20-64","sector_22","vaccinated","recovered"
"8907",7,0,"20-64","sector_22","vaccinated","recovered"
"8908",8,0,"20-64","sector_22","vaccinated","recovered"
"8909",9,0,"20-64","sector_22","vaccinated","recovered"
"8910",10,0,"20-64","sector_22","vaccinated","recovered"
"8911",0,0,"20-64","sector_23","vaccinated","recovered"
"8912",1,0,"20-64","sector_23","vaccinated","recovered"
"8913",2,0,"20-64","sector_23","vaccinated","recovered"
"8914",3,0,"20-64","sector_23","vaccinated","recovered"
"8915",4,0,"20-64","sector_23","vaccinated","recovered"
"8916",5,0,"20-64","sector_23","vaccinated","recovered"
"8917",6,0,"20-64","sector_23","vaccinated","recovered"
"8918",7,0,"20-64","sector_23","vaccinated","recovered"
"8919",8,0,"20-64","sector_23","vaccinated","recovered"
"8920",9,0,"20-64","sector_23","vaccinated","recovered"
"8921",10,0,"20-64","sector_23","vaccinated","recovered"
"8922",0,0,"20-64","sector_24","vaccinated","recovered"
"8923",1,0,"20-64","sector_24","vaccinated","recovered"
"8924",2,0,"20-64","sector_24","vaccinated","recovered"
"8925",3,0,"20-64","sector_24","vaccinated","recovered"
"8926",4,0,"20-64","sector_24","vaccinated","recovered"
"8927",5,0,"20-64","sector_24","vaccinated","recovered"
"8928",6,0,"20-64","sector_24","vaccinated","recovered"
"8929",7,0,"20-64","sector_24","vaccinated","recovered"
"8930",8,0,"20-64","sector_24","vaccinated","recovered"
"8931",9,0,"20-64","sector_24","vaccinated","recovered"
"8932",10,0,"20-64","sector_24","vaccinated","recovered"
"8933",0,0,"20-64","sector_25","vaccinated","recovered"
"8934",1,0,"20-64","sector_25","vaccinated","recovered"
"8935",2,0,"20-64","sector_25","vaccinated","recovered"
"8936",3,0,"20-64","sector_25","vaccinated","recovered"
"8937",4,0,"20-64","sector_25","vaccinated","recovered"
"8938",5,0,"20-64","sector_25","vaccinated","recovered"
"8939",6,0,"20-64","sector_25","vaccinated","recovered"
"8940",7,0,"20-64","sector_25","vaccinated","recovered"
"8941",8,0,"20-64","sector_25","vaccinated","recovered"
"8942",9,0,"20-64","sector_25","vaccinated","recovered"
"8943",10,0,"20-64","sector_25","vaccinated","recovered"
"8944",0,0,"20-64","sector_26","vaccinated","recovered"
"8945",1,0,"20-64","sector_26","vaccinated","recovered"
"8946",2,0,"20-64","sector_26","vaccinated","recovered"
"8947",3,0,"20-64","sector_26","vaccinated","recovered"
"8948",4,0,"20-64","sector_26","vaccinated","recovered"
"8949",5,0,"20-64","sector_26","vaccinated","recovered"
"8950",6,0,"20-64","sector_26","vaccinated","recovered"
"8951",7,0,"20-64","sector_26","vaccinated","recovered"
"8952",8,0,"20-64","sector_26","vaccinated","recovered"
"8953",9,0,"20-64","sector_26","vaccinated","recovered"
"8954",10,0,"20-64","sector_26","vaccinated","recovered"
"8955",0,0,"20-64","sector_27","vaccinated","recovered"
"8956",1,0,"20-64","sector_27","vaccinated","recovered"
"8957",2,0,"20-64","sector_27","vaccinated","recovered"
"8958",3,0,"20-64","sector_27","vaccinated","recovered"
"8959",4,0,"20-64","sector_27","vaccinated","recovered"
"8960",5,0,"20-64","sector_27","vaccinated","recovered"
"8961",6,0,"20-64","sector_27","vaccinated","recovered"
"8962",7,0,"20-64","sector_27","vaccinated","recovered"
"8963",8,0,"20-64","sector_27","vaccinated","recovered"
"8964",9,0,"20-64","sector_27","vaccinated","recovered"
"8965",10,0,"20-64","sector_27","vaccinated","recovered"
"8966",0,0,"20-64","sector_28","vaccinated","recovered"
"8967",1,0,"20-64","sector_28","vaccinated","recovered"
"8968",2,0,"20-64","sector_28","vaccinated","recovered"
"8969",3,0,"20-64","sector_28","vaccinated","recovered"
"8970",4,0,"20-64","sector_28","vaccinated","recovered"
"8971",5,0,"20-64","sector_28","vaccinated","recovered"
"8972",6,0,"20-64","sector_28","vaccinated","recovered"
"8973",7,0,"20-64","sector_28","vaccinated","recovered"
"8974",8,0,"20-64","sector_28","vaccinated","recovered"
"8975",9,0,"20-64","sector_28","vaccinated","recovered"
"8976",10,0,"20-64","sector_28","vaccinated","recovered"
"8977",0,0,"20-64","sector_29","vaccinated","recovered"
"8978",1,0,"20-64","sector_29","vaccinated","recovered"
"8979",2,0,"20-64","sector_29","vaccinated","recovered"
"8980",3,0,"20-64","sector_29","vaccinated","recovered"
"8981",4,0,"20-64","sector_29","vaccinated","recovered"
"8982",5,0,"20-64","sector_29","vaccinated","recovered"
"8983",6,0,"20-64","sector_29","vaccinated","recovered"
"8984",7,0,"20-64","sector_29","vaccinated","recovered"
"8985",8,0,"20-64","sector_29","vaccinated","recovered"
"8986",9,0,"20-64","sector_29","vaccinated","recovered"
"8987",10,0,"20-64","sector_29","vaccinated","recovered"
"8988",0,0,"20-64","sector_30","vaccinated","recovered"
"8989",1,0,"20-64","sector_30","vaccinated","recovered"
"8990",2,0,"20-64","sector_30","vaccinated","recovered"
"8991",3,0,"20-64","sector_30","vaccinated","recovered"
"8992",4,0,"20-64","sector_30","vaccinated","recovered"
"8993",5,0,"20-64","sector_30","vaccinated","recovered"
"8994",6,0,"20-64","sector_30","vaccinated","recovered"
"8995",7,0,"20-64","sector_30","vaccinated","recovered"
"8996",8,0,"20-64","sector_30","vaccinated","recovered"
"8997",9,0,"20-64","sector_30","vaccinated","recovered"
"8998",10,0,"20-64","sector_30","vaccinated","recovered"
"8999",0,0,"20-64","sector_31","vaccinated","recovered"
"9000",1,0,"20-64","sector_31","vaccinated","recovered"
"9001",2,0,"20-64","sector_31","vaccinated","recovered"
"9002",3,0,"20-64","sector_31","vaccinated","recovered"
"9003",4,0,"20-64","sector_31","vaccinated","recovered"
"9004",5,0,"20-64","sector_31","vaccinated","recovered"
"9005",6,0,"20-64","sector_31","vaccinated","recovered"
"9006",7,0,"20-64","sector_31","vaccinated","recovered"
"9007",8,0,"20-64","sector_31","vaccinated","recovered"
"9008",9,0,"20-64","sector_31","vaccinated","recovered"
"9009",10,0,"20-64","sector_31","vaccinated","recovered"
"9010",0,0,"20-64","sector_32","vaccinated","recovered"
"9011",1,0,"20-64","sector_32","vaccinated","recovered"
"9012",2,0,"20-64","sector_32","vaccinated","recovered"
"9013",3,0,"20-64","sector_32","vaccinated","recovered"
"9014",4,0,"20-64","sector_32","vaccinated","recovered"
"9015",5,0,"20-64","sector_32","vaccinated","recovered"
"9016",6,0,"20-64","sector_32","vaccinated","recovered"
"9017",7,0,"20-64","sector_32","vaccinated","recovered"
"9018",8,0,"20-64","sector_32","vaccinated","recovered"
"9019",9,0,"20-64","sector_32","vaccinated","recovered"
"9020",10,0,"20-64","sector_32","vaccinated","recovered"
"9021",0,0,"20-64","sector_33","vaccinated","recovered"
"9022",1,0,"20-64","sector_33","vaccinated","recovered"
"9023",2,0,"20-64","sector_33","vaccinated","recovered"
"9024",3,0,"20-64","sector_33","vaccinated","recovered"
"9025",4,0,"20-64","sector_33","vaccinated","recovered"
"9026",5,0,"20-64","sector_33","vaccinated","recovered"
"9027",6,0,"20-64","sector_33","vaccinated","recovered"
"9028",7,0,"20-64","sector_33","vaccinated","recovered"
"9029",8,0,"20-64","sector_33","vaccinated","recovered"
"9030",9,0,"20-64","sector_33","vaccinated","recovered"
"9031",10,0,"20-64","sector_33","vaccinated","recovered"
"9032",0,0,"20-64","sector_34","vaccinated","recovered"
"9033",1,0,"20-64","sector_34","vaccinated","recovered"
"9034",2,0,"20-64","sector_34","vaccinated","recovered"
"9035",3,0,"20-64","sector_34","vaccinated","recovered"
"9036",4,0,"20-64","sector_34","vaccinated","recovered"
"9037",5,0,"20-64","sector_34","vaccinated","recovered"
"9038",6,0,"20-64","sector_34","vaccinated","recovered"
"9039",7,0,"20-64","sector_34","vaccinated","recovered"
"9040",8,0,"20-64","sector_34","vaccinated","recovered"
"9041",9,0,"20-64","sector_34","vaccinated","recovered"
"9042",10,0,"20-64","sector_34","vaccinated","recovered"
"9043",0,0,"20-64","sector_35","vaccinated","recovered"
"9044",1,0,"20-64","sector_35","vaccinated","recovered"
"9045",2,0,"20-64","sector_35","vaccinated","recovered"
"9046",3,0,"20-64","sector_35","vaccinated","recovered"
"9047",4,0,"20-64","sector_35","vaccinated","recovered"
"9048",5,0,"20-64","sector_35","vaccinated","recovered"
"9049",6,0,"20-64","sector_35","vaccinated","recovered"
"9050",7,0,"20-64","sector_35","vaccinated","recovered"
"9051",8,0,"20-64","sector_35","vaccinated","recovered"
"9052",9,0,"20-64","sector_35","vaccinated","recovered"
"9053",10,0,"20-64","sector_35","vaccinated","recovered"
"9054",0,0,"20-64","sector_36","vaccinated","recovered"
"9055",1,0,"20-64","sector_36","vaccinated","recovered"
"9056",2,0,"20-64","sector_36","vaccinated","recovered"
"9057",3,0,"20-64","sector_36","vaccinated","recovered"
"9058",4,0,"20-64","sector_36","vaccinated","recovered"
"9059",5,0,"20-64","sector_36","vaccinated","recovered"
"9060",6,0,"20-64","sector_36","vaccinated","recovered"
"9061",7,0,"20-64","sector_36","vaccinated","recovered"
"9062",8,0,"20-64","sector_36","vaccinated","recovered"
"9063",9,0,"20-64","sector_36","vaccinated","recovered"
"9064",10,0,"20-64","sector_36","vaccinated","recovered"
"9065",0,0,"20-64","sector_37","vaccinated","recovered"
"9066",1,0,"20-64","sector_37","vaccinated","recovered"
"9067",2,0,"20-64","sector_37","vaccinated","recovered"
"9068",3,0,"20-64","sector_37","vaccinated","recovered"
"9069",4,0,"20-64","sector_37","vaccinated","recovered"
"9070",5,0,"20-64","sector_37","vaccinated","recovered"
"9071",6,0,"20-64","sector_37","vaccinated","recovered"
"9072",7,0,"20-64","sector_37","vaccinated","recovered"
"9073",8,0,"20-64","sector_37","vaccinated","recovered"
"9074",9,0,"20-64","sector_37","vaccinated","recovered"
"9075",10,0,"20-64","sector_37","vaccinated","recovered"
"9076",0,0,"20-64","sector_38","vaccinated","recovered"
"9077",1,0,"20-64","sector_38","vaccinated","recovered"
"9078",2,0,"20-64","sector_38","vaccinated","recovered"
"9079",3,0,"20-64","sector_38","vaccinated","recovered"
"9080",4,0,"20-64","sector_38","vaccinated","recovered"
"9081",5,0,"20-64","sector_38","vaccinated","recovered"
"9082",6,0,"20-64","sector_38","vaccinated","recovered"
"9083",7,0,"20-64","sector_38","vaccinated","recovered"
"9084",8,0,"20-64","sector_38","vaccinated","recovered"
"9085",9,0,"20-64","sector_38","vaccinated","recovered"
"9086",10,0,"20-64","sector_38","vaccinated","recovered"
"9087",0,0,"20-64","sector_39","vaccinated","recovered"
"9088",1,0,"20-64","sector_39","vaccinated","recovered"
"9089",2,0,"20-64","sector_39","vaccinated","recovered"
"9090",3,0,"20-64","sector_39","vaccinated","recovered"
"9091",4,0,"20-64","sector_39","vaccinated","recovered"
"9092",5,0,"20-64","sector_39","vaccinated","recovered"
"9093",6,0,"20-64","sector_39","vaccinated","recovered"
"9094",7,0,"20-64","sector_39","vaccinated","recovered"
"9095",8,0,"20-64","sector_39","vaccinated","recovered"
"9096",9,0,"20-64","sector_39","vaccinated","recovered"
"9097",10,0,"20-64","sector_39","vaccinated","recovered"
"9098",0,0,"20-64","sector_40","vaccinated","recovered"
"9099",1,0,"20-64","sector_40","vaccinated","recovered"
"9100",2,0,"20-64","sector_40","vaccinated","recovered"
"9101",3,0,"20-64","sector_40","vaccinated","recovered"
"9102",4,0,"20-64","sector_40","vaccinated","recovered"
"9103",5,0,"20-64","sector_40","vaccinated","recovered"
"9104",6,0,"20-64","sector_40","vaccinated","recovered"
"9105",7,0,"20-64","sector_40","vaccinated","recovered"
"9106",8,0,"20-64","sector_40","vaccinated","recovered"
"9107",9,0,"20-64","sector_40","vaccinated","recovered"
"9108",10,0,"20-64","sector_40","vaccinated","recovered"
"9109",0,0,"20-64","sector_41","vaccinated","recovered"
"9110",1,0,"20-64","sector_41","vaccinated","recovered"
"9111",2,0,"20-64","sector_41","vaccinated","recovered"
"9112",3,0,"20-64","sector_41","vaccinated","recovered"
"9113",4,0,"20-64","sector_41","vaccinated","recovered"
"9114",5,0,"20-64","sector_41","vaccinated","recovered"
"9115",6,0,"20-64","sector_41","vaccinated","recovered"
"9116",7,0,"20-64","sector_41","vaccinated","recovered"
"9117",8,0,"20-64","sector_41","vaccinated","recovered"
"9118",9,0,"20-64","sector_41","vaccinated","recovered"
"9119",10,0,"20-64","sector_41","vaccinated","recovered"
"9120",0,0,"20-64","sector_42","vaccinated","recovered"
"9121",1,0,"20-64","sector_42","vaccinated","recovered"
"9122",2,0,"20-64","sector_42","vaccinated","recovered"
"9123",3,0,"20-64","sector_42","vaccinated","recovered"
"9124",4,0,"20-64","sector_42","vaccinated","recovered"
"9125",5,0,"20-64","sector_42","vaccinated","recovered"
"9126",6,0,"20-64","sector_42","vaccinated","recovered"
"9127",7,0,"20-64","sector_42","vaccinated","recovered"
"9128",8,0,"20-64","sector_42","vaccinated","recovered"
"9129",9,0,"20-64","sector_42","vaccinated","recovered"
"9130",10,0,"20-64","sector_42","vaccinated","recovered"
"9131",0,0,"20-64","sector_43","vaccinated","recovered"
"9132",1,0,"20-64","sector_43","vaccinated","recovered"
"9133",2,0,"20-64","sector_43","vaccinated","recovered"
"9134",3,0,"20-64","sector_43","vaccinated","recovered"
"9135",4,0,"20-64","sector_43","vaccinated","recovered"
"9136",5,0,"20-64","sector_43","vaccinated","recovered"
"9137",6,0,"20-64","sector_43","vaccinated","recovered"
"9138",7,0,"20-64","sector_43","vaccinated","recovered"
"9139",8,0,"20-64","sector_43","vaccinated","recovered"
"9140",9,0,"20-64","sector_43","vaccinated","recovered"
"9141",10,0,"20-64","sector_43","vaccinated","recovered"
"9142",0,0,"20-64","sector_44","vaccinated","recovered"
"9143",1,0,"20-64","sector_44","vaccinated","recovered"
"9144",2,0,"20-64","sector_44","vaccinated","recovered"
"9145",3,0,"20-64","sector_44","vaccinated","recovered"
"9146",4,0,"20-64","sector_44","vaccinated","recovered"
"9147",5,0,"20-64","sector_44","vaccinated","recovered"
"9148",6,0,"20-64","sector_44","vaccinated","recovered"
"9149",7,0,"20-64","sector_44","vaccinated","recovered"
"9150",8,0,"20-64","sector_44","vaccinated","recovered"
"9151",9,0,"20-64","sector_44","vaccinated","recovered"
"9152",10,0,"20-64","sector_44","vaccinated","recovered"
"9153",0,0,"20-64","sector_45","vaccinated","recovered"
"9154",1,0,"20-64","sector_45","vaccinated","recovered"
"9155",2,0,"20-64","sector_45","vaccinated","recovered"
"9156",3,0,"20-64","sector_45","vaccinated","recovered"
"9157",4,0,"20-64","sector_45","vaccinated","recovered"
"9158",5,0,"20-64","sector_45","vaccinated","recovered"
"9159",6,0,"20-64","sector_45","vaccinated","recovered"
"9160",7,0,"20-64","sector_45","vaccinated","recovered"
"9161",8,0,"20-64","sector_45","vaccinated","recovered"
"9162",9,0,"20-64","sector_45","vaccinated","recovered"
"9163",10,0,"20-64","sector_45","vaccinated","recovered"
"9164",0,0,"0-4","sector_00","vaccinated","dead"
"9165",1,0,"0-4","sector_00","vaccinated","dead"
"9166",2,0,"0-4","sector_00","vaccinated","dead"
"9167",3,0,"0-4","sector_00","vaccinated","dead"
"9168",4,0,"0-4","sector_00","vaccinated","dead"
"9169",5,0,"0-4","sector_00","vaccinated","dead"
"9170",6,0,"0-4","sector_00","vaccinated","dead"
"9171",7,0,"0-4","sector_00","vaccinated","dead"
"9172",8,0,"0-4","sector_00","vaccinated","dead"
"9173",9,0,"0-4","sector_00","vaccinated","dead"
"9174",10,0,"0-4","sector_00","vaccinated","dead"
"9175",0,0,"5-19","sector_00","vaccinated","dead"
"9176",1,0,"5-19","sector_00","vaccinated","dead"
"9177",2,0,"5-19","sector_00","vaccinated","dead"
"9178",3,0,"5-19","sector_00","vaccinated","dead"
"9179",4,0,"5-19","sector_00","vaccinated","dead"
"9180",5,0,"5-19","sector_00","vaccinated","dead"
"9181",6,0,"5-19","sector_00","vaccinated","dead"
"9182",7,0,"5-19","sector_00","vaccinated","dead"
"9183",8,0,"5-19","sector_00","vaccinated","dead"
"9184",9,0,"5-19","sector_00","vaccinated","dead"
"9185",10,0,"5-19","sector_00","vaccinated","dead"
"9186",0,0,"20-64","sector_00","vaccinated","dead"
"9187",1,0,"20-64","sector_00","vaccinated","dead"
"9188",2,0,"20-64","sector_00","vaccinated","dead"
"9189",3,0,"20-64","sector_00","vaccinated","dead"
"9190",4,0,"20-64","sector_00","vaccinated","dead"
"9191",5,0,"20-64","sector_00","vaccinated","dead"
"9192",6,0,"20-64","sector_00","vaccinated","dead"
"9193",7,0,"20-64","sector_00","vaccinated","dead"
"9194",8,0,"20-64","sector_00","vaccinated","dead"
"9195",9,0,"20-64","sector_00","vaccinated","dead"
"9196",10,0,"20-64","sector_00","vaccinated","dead"
"9197",0,0,"65+","sector_00","vaccinated","dead"
"9198",1,0,"65+","sector_00","vaccinated","dead"
"9199",2,0,"65+","sector_00","vaccinated","dead"
"9200",3,0,"65+","sector_00","vaccinated","dead"
"9201",4,0,"65+","sector_00","vaccinated","dead"
"9202",5,0,"65+","sector_00","vaccinated","dead"
"9203",6,0,"65+","sector_00","vaccinated","dead"
"9204",7,0,"65+","sector_00","vaccinated","dead"
"9205",8,0,"65+","sector_00","vaccinated","dead"
"9206",9,0,"65+","sector_00","vaccinated","dead"
"9207",10,0,"65+","sector_00","vaccinated","dead"
"9208",0,0,"20-64","sector_01","vaccinated","dead"
"9209",1,0,"20-64","sector_01","vaccinated","dead"
"9210",2,0,"20-64","sector_01","vaccinated","dead"
"9211",3,0,"20-64","sector_01","vaccinated","dead"
"9212",4,0,"20-64","sector_01","vaccinated","dead"
"9213",5,0,"20-64","sector_01","vaccinated","dead"
"9214",6,0,"20-64","sector_01","vaccinated","dead"
"9215",7,0,"20-64","sector_01","vaccinated","dead"
"9216",8,0,"20-64","sector_01","vaccinated","dead"
"9217",9,0,"20-64","sector_01","vaccinated","dead"
"9218",10,0,"20-64","sector_01","vaccinated","dead"
"9219",0,0,"20-64","sector_02","vaccinated","dead"
"9220",1,0,"20-64","sector_02","vaccinated","dead"
"9221",2,0,"20-64","sector_02","vaccinated","dead"
"9222",3,0,"20-64","sector_02","vaccinated","dead"
"9223",4,0,"20-64","sector_02","vaccinated","dead"
"9224",5,0,"20-64","sector_02","vaccinated","dead"
"9225",6,0,"20-64","sector_02","vaccinated","dead"
"9226",7,0,"20-64","sector_02","vaccinated","dead"
"9227",8,0,"20-64","sector_02","vaccinated","dead"
"9228",9,0,"20-64","sector_02","vaccinated","dead"
"9229",10,0,"20-64","sector_02","vaccinated","dead"
"9230",0,0,"20-64","sector_03","vaccinated","dead"
"9231",1,0,"20-64","sector_03","vaccinated","dead"
"9232",2,0,"20-64","sector_03","vaccinated","dead"
"9233",3,0,"20-64","sector_03","vaccinated","dead"
"9234",4,0,"20-64","sector_03","vaccinated","dead"
"9235",5,0,"20-64","sector_03","vaccinated","dead"
"9236",6,0,"20-64","sector_03","vaccinated","dead"
"9237",7,0,"20-64","sector_03","vaccinated","dead"
"9238",8,0,"20-64","sector_03","vaccinated","dead"
"9239",9,0,"20-64","sector_03","vaccinated","dead"
"9240",10,0,"20-64","sector_03","vaccinated","dead"
"9241",0,0,"20-64","sector_04","vaccinated","dead"
"9242",1,0,"20-64","sector_04","vaccinated","dead"
"9243",2,0,"20-64","sector_04","vaccinated","dead"
"9244",3,0,"20-64","sector_04","vaccinated","dead"
"9245",4,0,"20-64","sector_04","vaccinated","dead"
"9246",5,0,"20-64","sector_04","vaccinated","dead"
"9247",6,0,"20-64","sector_04","vaccinated","dead"
"9248",7,0,"20-64","sector_04","vaccinated","dead"
"9249",8,0,"20-64","sector_04","vaccinated","dead"
"9250",9,0,"20-64","sector_04","vaccinated","dead"
"9251",10,0,"20-64","sector_04","vaccinated","dead"
"9252",0,0,"20-64","sector_05","vaccinated","dead"
"9253",1,0,"20-64","sector_05","vaccinated","dead"
"9254",2,0,"20-64","sector_05","vaccinated","dead"
"9255",3,0,"20-64","sector_05","vaccinated","dead"
"9256",4,0,"20-64","sector_05","vaccinated","dead"
"9257",5,0,"20-64","sector_05","vaccinated","dead"
"9258",6,0,"20-64","sector_05","vaccinated","dead"
"9259",7,0,"20-64","sector_05","vaccinated","dead"
"9260",8,0,"20-64","sector_05","vaccinated","dead"
"9261",9,0,"20-64","sector_05","vaccinated","dead"
"9262",10,0,"20-64","sector_05","vaccinated","dead"
"9263",0,0,"20-64","sector_06","vaccinated","dead"
"9264",1,0,"20-64","sector_06","vaccinated","dead"
"9265",2,0,"20-64","sector_06","vaccinated","dead"
"9266",3,0,"20-64","sector_06","vaccinated","dead"
"9267",4,0,"20-64","sector_06","vaccinated","dead"
"9268",5,0,"20-64","sector_06","vaccinated","dead"
"9269",6,0,"20-64","sector_06","vaccinated","dead"
"9270",7,0,"20-64","sector_06","vaccinated","dead"
"9271",8,0,"20-64","sector_06","vaccinated","dead"
"9272",9,0,"20-64","sector_06","vaccinated","dead"
"9273",10,0,"20-64","sector_06","vaccinated","dead"
"9274",0,0,"20-64","sector_07","vaccinated","dead"
"9275",1,0,"20-64","sector_07","vaccinated","dead"
"9276",2,0,"20-64","sector_07","vaccinated","dead"
"9277",3,0,"20-64","sector_07","vaccinated","dead"
"9278",4,0,"20-64","sector_07","vaccinated","dead"
"9279",5,0,"20-64","sector_07","vaccinated","dead"
"9280",6,0,"20-64","sector_07","vaccinated","dead"
"9281",7,0,"20-64","sector_07","vaccinated","dead"
"9282",8,0,"20-64","sector_07","vaccinated","dead"
"9283",9,0,"20-64","sector_07","vaccinated","dead"
"9284",10,0,"20-64","sector_07","vaccinated","dead"
"9285",0,0,"20-64","sector_08","vaccinated","dead"
"9286",1,0,"20-64","sector_08","vaccinated","dead"
"9287",2,0,"20-64","sector_08","vaccinated","dead"
"9288",3,0,"20-64","sector_08","vaccinated","dead"
"9289",4,0,"20-64","sector_08","vaccinated","dead"
"9290",5,0,"20-64","sector_08","vaccinated","dead"
"9291",6,0,"20-64","sector_08","vaccinated","dead"
"9292",7,0,"20-64","sector_08","vaccinated","dead"
"9293",8,0,"20-64","sector_08","vaccinated","dead"
"9294",9,0,"20-64","sector_08","vaccinated","dead"
"9295",10,0,"20-64","sector_08","vaccinated","dead"
"9296",0,0,"20-64","sector_09","vaccinated","dead"
"9297",1,0,"20-64","sector_09","vaccinated","dead"
"9298",2,0,"20-64","sector_09","vaccinated","dead"
"9299",3,0,"20-64","sector_09","vaccinated","dead"
"9300",4,0,"20-64","sector_09","vaccinated","dead"
"9301",5,0,"20-64","sector_09","vaccinated","dead"
"9302",6,0,"20-64","sector_09","vaccinated","dead"
"9303",7,0,"20-64","sector_09","vaccinated","dead"
"9304",8,0,"20-64","sector_09","vaccinated","dead"
"9305",9,0,"20-64","sector_09","vaccinated","dead"
"9306",10,0,"20-64","sector_09","vaccinated","dead"
"9307",0,0,"20-64","sector_10","vaccinated","dead"
"9308",1,0,"20-64","sector_10","vaccinated","dead"
"9309",2,0,"20-64","sector_10","vaccinated","dead"
"9310",3,0,"20-64","sector_10","vaccinated","dead"
"9311",4,0,"20-64","sector_10","vaccinated","dead"
"9312",5,0,"20-64","sector_10","vaccinated","dead"
"9313",6,0,"20-64","sector_10","vaccinated","dead"
"9314",7,0,"20-64","sector_10","vaccinated","dead"
"9315",8,0,"20-64","sector_10","vaccinated","dead"
"9316",9,0,"20-64","sector_10","vaccinated","dead"
"9317",10,0,"20-64","sector_10","vaccinated","dead"
"9318",0,0,"20-64","sector_11","vaccinated","dead"
"9319",1,0,"20-64","sector_11","vaccinated","dead"
"9320",2,0,"20-64","sector_11","vaccinated","dead"
"9321",3,0,"20-64","sector_11","vaccinated","dead"
"9322",4,0,"20-64","sector_11","vaccinated","dead"
"9323",5,0,"20-64","sector_11","vaccinated","dead"
"9324",6,0,"20-64","sector_11","vaccinated","dead"
"9325",7,0,"20-64","sector_11","vaccinated","dead"
"9326",8,0,"20-64","sector_11","vaccinated","dead"
"9327",9,0,"20-64","sector_11","vaccinated","dead"
"9328",10,0,"20-64","sector_11","vaccinated","dead"
"9329",0,0,"20-64","sector_12","vaccinated","dead"
"9330",1,0,"20-64","sector_12","vaccinated","dead"
"9331",2,0,"20-64","sector_12","vaccinated","dead"
"9332",3,0,"20-64","sector_12","vaccinated","dead"
"9333",4,0,"20-64","sector_12","vaccinated","dead"
"9334",5,0,"20-64","sector_12","vaccinated","dead"
"9335",6,0,"20-64","sector_12","vaccinated","dead"
"9336",7,0,"20-64","sector_12","vaccinated","dead"
"9337",8,0,"20-64","sector_12","vaccinated","dead"
"9338",9,0,"20-64","sector_12","vaccinated","dead"
"9339",10,0,"20-64","sector_12","vaccinated","dead"
"9340",0,0,"20-64","sector_13","vaccinated","dead"
"9341",1,0,"20-64","sector_13","vaccinated","dead"
"9342",2,0,"20-64","sector_13","vaccinated","dead"
"9343",3,0,"20-64","sector_13","vaccinated","dead"
"9344",4,0,"20-64","sector_13","vaccinated","dead"
"9345",5,0,"20-64","sector_13","vaccinated","dead"
"9346",6,0,"20-64","sector_13","vaccinated","dead"
"9347",7,0,"20-64","sector_13","vaccinated","dead"
"9348",8,0,"20-64","sector_13","vaccinated","dead"
"9349",9,0,"20-64","sector_13","vaccinated","dead"
"9350",10,0,"20-64","sector_13","vaccinated","dead"
"9351",0,0,"20-64","sector_14","vaccinated","dead"
"9352",1,0,"20-64","sector_14","vaccinated","dead"
"9353",2,0,"20-64","sector_14","vaccinated","dead"
"9354",3,0,"20-64","sector_14","vaccinated","dead"
"9355",4,0,"20-64","sector_14","vaccinated","dead"
"9356",5,0,"20-64","sector_14","vaccinated","dead"
"9357",6,0,"20-64","sector_14","vaccinated","dead"
"9358",7,0,"20-64","sector_14","vaccinated","dead"
"9359",8,0,"20-64","sector_14","vaccinated","dead"
"9360",9,0,"20-64","sector_14","vaccinated","dead"
"9361",10,0,"20-64","sector_14","vaccinated","dead"
"9362",0,0,"20-64","sector_15","vaccinated","dead"
"9363",1,0,"20-64","sector_15","vaccinated","dead"
"9364",2,0,"20-64","sector_15","vaccinated","dead"
"9365",3,0,"20-64","sector_15","vaccinated","dead"
"9366",4,0,"20-64","sector_15","vaccinated","dead"
"9367",5,0,"20-64","sector_15","vaccinated","dead"
"9368",6,0,"20-64","sector_15","vaccinated","dead"
"9369",7,0,"20-64","sector_15","vaccinated","dead"
"9370",8,0,"20-64","sector_15","vaccinated","dead"
"9371",9,0,"20-64","sector_15","vaccinated","dead"
"9372",10,0,"20-64","sector_15","vaccinated","dead"
"9373",0,0,"20-64","sector_16","vaccinated","dead"
"9374",1,0,"20-64","sector_16","vaccinated","dead"
"9375",2,0,"20-64","sector_16","vaccinated","dead"
"9376",3,0,"20-64","sector_16","vaccinated","dead"
"9377",4,0,"20-64","sector_16","vaccinated","dead"
"9378",5,0,"20-64","sector_16","vaccinated","dead"
"9379",6,0,"20-64","sector_16","vaccinated","dead"
"9380",7,0,"20-64","sector_16","vaccinated","dead"
"9381",8,0,"20-64","sector_16","vaccinated","dead"
"9382",9,0,"20-64","sector_16","vaccinated","dead"
"9383",10,0,"20-64","sector_16","vaccinated","dead"
"9384",0,0,"20-64","sector_17","vaccinated","dead"
"9385",1,0,"20-64","sector_17","vaccinated","dead"
"9386",2,0,"20-64","sector_17","vaccinated","dead"
"9387",3,0,"20-64","sector_17","vaccinated","dead"
"9388",4,0,"20-64","sector_17","vaccinated","dead"
"9389",5,0,"20-64","sector_17","vaccinated","dead"
"9390",6,0,"20-64","sector_17","vaccinated","dead"
"9391",7,0,"20-64","sector_17","vaccinated","dead"
"9392",8,0,"20-64","sector_17","vaccinated","dead"
"9393",9,0,"20-64","sector_17","vaccinated","dead"
"9394",10,0,"20-64","sector_17","vaccinated","dead"
"9395",0,0,"20-64","sector_18","vaccinated","dead"
"9396",1,0,"20-64","sector_18","vaccinated","dead"
"9397",2,0,"20-64","sector_18","vaccinated","dead"
"9398",3,0,"20-64","sector_18","vaccinated","dead"
"9399",4,0,"20-64","sector_18","vaccinated","dead"
"9400",5,0,"20-64","sector_18","vaccinated","dead"
"9401",6,0,"20-64","sector_18","vaccinated","dead"
"9402",7,0,"20-64","sector_18","vaccinated","dead"
"9403",8,0,"20-64","sector_18","vaccinated","dead"
"9404",9,0,"20-64","sector_18","vaccinated","dead"
"9405",10,0,"20-64","sector_18","vaccinated","dead"
"9406",0,0,"20-64","sector_19","vaccinated","dead"
"9407",1,0,"20-64","sector_19","vaccinated","dead"
"9408",2,0,"20-64","sector_19","vaccinated","dead"
"9409",3,0,"20-64","sector_19","vaccinated","dead"
"9410",4,0,"20-64","sector_19","vaccinated","dead"
"9411",5,0,"20-64","sector_19","vaccinated","dead"
"9412",6,0,"20-64","sector_19","vaccinated","dead"
"9413",7,0,"20-64","sector_19","vaccinated","dead"
"9414",8,0,"20-64","sector_19","vaccinated","dead"
"9415",9,0,"20-64","sector_19","vaccinated","dead"
"9416",10,0,"20-64","sector_19","vaccinated","dead"
"9417",0,0,"20-64","sector_20","vaccinated","dead"
"9418",1,0,"20-64","sector_20","vaccinated","dead"
"9419",2,0,"20-64","sector_20","vaccinated","dead"
"9420",3,0,"20-64","sector_20","vaccinated","dead"
"9421",4,0,"20-64","sector_20","vaccinated","dead"
"9422",5,0,"20-64","sector_20","vaccinated","dead"
"9423",6,0,"20-64","sector_20","vaccinated","dead"
"9424",7,0,"20-64","sector_20","vaccinated","dead"
"9425",8,0,"20-64","sector_20","vaccinated","dead"
"9426",9,0,"20-64","sector_20","vaccinated","dead"
"9427",10,0,"20-64","sector_20","vaccinated","dead"
"9428",0,0,"20-64","sector_21","vaccinated","dead"
"9429",1,0,"20-64","sector_21","vaccinated","dead"
"9430",2,0,"20-64","sector_21","vaccinated","dead"
"9431",3,0,"20-64","sector_21","vaccinated","dead"
"9432",4,0,"20-64","sector_21","vaccinated","dead"
"9433",5,0,"20-64","sector_21","vaccinated","dead"
"9434",6,0,"20-64","sector_21","vaccinated","dead"
"9435",7,0,"20-64","sector_21","vaccinated","dead"
"9436",8,0,"20-64","sector_21","vaccinated","dead"
"9437",9,0,"20-64","sector_21","vaccinated","dead"
"9438",10,0,"20-64","sector_21","vaccinated","dead"
"9439",0,0,"20-64","sector_22","vaccinated","dead"
"9440",1,0,"20-64","sector_22","vaccinated","dead"
"9441",2,0,"20-64","sector_22","vaccinated","dead"
"9442",3,0,"20-64","sector_22","vaccinated","dead"
"9443",4,0,"20-64","sector_22","vaccinated","dead"
"9444",5,0,"20-64","sector_22","vaccinated","dead"
"9445",6,0,"20-64","sector_22","vaccinated","dead"
"9446",7,0,"20-64","sector_22","vaccinated","dead"
"9447",8,0,"20-64","sector_22","vaccinated","dead"
"9448",9,0,"20-64","sector_22","vaccinated","dead"
"9449",10,0,"20-64","sector_22","vaccinated","dead"
"9450",0,0,"20-64","sector_23","vaccinated","dead"
"9451",1,0,"20-64","sector_23","vaccinated","dead"
"9452",2,0,"20-64","sector_23","vaccinated","dead"
"9453",3,0,"20-64","sector_23","vaccinated","dead"
"9454",4,0,"20-64","sector_23","vaccinated","dead"
"9455",5,0,"20-64","sector_23","vaccinated","dead"
"9456",6,0,"20-64","sector_23","vaccinated","dead"
"9457",7,0,"20-64","sector_23","vaccinated","dead"
"9458",8,0,"20-64","sector_23","vaccinated","dead"
"9459",9,0,"20-64","sector_23","vaccinated","dead"
"9460",10,0,"20-64","sector_23","vaccinated","dead"
"9461",0,0,"20-64","sector_24","vaccinated","dead"
"9462",1,0,"20-64","sector_24","vaccinated","dead"
"9463",2,0,"20-64","sector_24","vaccinated","dead"
"9464",3,0,"20-64","sector_24","vaccinated","dead"
"9465",4,0,"20-64","sector_24","vaccinated","dead"
"9466",5,0,"20-64","sector_24","vaccinated","dead"
"9467",6,0,"20-64","sector_24","vaccinated","dead"
"9468",7,0,"20-64","sector_24","vaccinated","dead"
"9469",8,0,"20-64","sector_24","vaccinated","dead"
"9470",9,0,"20-64","sector_24","vaccinated","dead"
"9471",10,0,"20-64","sector_24","vaccinated","dead"
"9472",0,0,"20-64","sector_25","vaccinated","dead"
"9473",1,0,"20-64","sector_25","vaccinated","dead"
"9474",2,0,"20-64","sector_25","vaccinated","dead"
"9475",3,0,"20-64","sector_25","vaccinated","dead"
"9476",4,0,"20-64","sector_25","vaccinated","dead"
"9477",5,0,"20-64","sector_25","vaccinated","dead"
"9478",6,0,"20-64","sector_25","vaccinated","dead"
"9479",7,0,"20-64","sector_25","vaccinated","dead"
"9480",8,0,"20-64","sector_25","vaccinated","dead"
"9481",9,0,"20-64","sector_25","vaccinated","dead"
"9482",10,0,"20-64","sector_25","vaccinated","dead"
"9483",0,0,"20-64","sector_26","vaccinated","dead"
"9484",1,0,"20-64","sector_26","vaccinated","dead"
"9485",2,0,"20-64","sector_26","vaccinated","dead"
"9486",3,0,"20-64","sector_26","vaccinated","dead"
"9487",4,0,"20-64","sector_26","vaccinated","dead"
"9488",5,0,"20-64","sector_26","vaccinated","dead"
"9489",6,0,"20-64","sector_26","vaccinated","dead"
"9490",7,0,"20-64","sector_26","vaccinated","dead"
"9491",8,0,"20-64","sector_26","vaccinated","dead"
"9492",9,0,"20-64","sector_26","vaccinated","dead"
"9493",10,0,"20-64","sector_26","vaccinated","dead"
"9494",0,0,"20-64","sector_27","vaccinated","dead"
"9495",1,0,"20-64","sector_27","vaccinated","dead"
"9496",2,0,"20-64","sector_27","vaccinated","dead"
"9497",3,0,"20-64","sector_27","vaccinated","dead"
"9498",4,0,"20-64","sector_27","vaccinated","dead"
"9499",5,0,"20-64","sector_27","vaccinated","dead"
"9500",6,0,"20-64","sector_27","vaccinated","dead"
"9501",7,0,"20-64","sector_27","vaccinated","dead"
"9502",8,0,"20-64","sector_27","vaccinated","dead"
"9503",9,0,"20-64","sector_27","vaccinated","dead"
"9504",10,0,"20-64","sector_27","vaccinated","dead"
"9505",0,0,"20-64","sector_28","vaccinated","dead"
"9506",1,0,"20-64","sector_28","vaccinated","dead"
"9507",2,0,"20-64","sector_28","vaccinated","dead"
"9508",3,0,"20-64","sector_28","vaccinated","dead"
"9509",4,0,"20-64","sector_28","vaccinated","dead"
"9510",5,0,"20-64","sector_28","vaccinated","dead"
"9511",6,0,"20-64","sector_28","vaccinated","dead"
"9512",7,0,"20-64","sector_28","vaccinated","dead"
"9513",8,0,"20-64","sector_28","vaccinated","dead"
"9514",9,0,"20-64","sector_28","vaccinated","dead"
"9515",10,0,"20-64","sector_28","vaccinated","dead"
"9516",0,0,"20-64","sector_29","vaccinated","dead"
"9517",1,0,"20-64","sector_29","vaccinated","dead"
"9518",2,0,"20-64","sector_29","vaccinated","dead"
"9519",3,0,"20-64","sector_29","vaccinated","dead"
"9520",4,0,"20-64","sector_29","vaccinated","dead"
"9521",5,0,"20-64","sector_29","vaccinated","dead"
"9522",6,0,"20-64","sector_29","vaccinated","dead"
"9523",7,0,"20-64","sector_29","vaccinated","dead"
"9524",8,0,"20-64","sector_29","vaccinated","dead"
"9525",9,0,"20-64","sector_29","vaccinated","dead"
"9526",10,0,"20-64","sector_29","vaccinated","dead"
"9527",0,0,"20-64","sector_30","vaccinated","dead"
"9528",1,0,"20-64","sector_30","vaccinated","dead"
"9529",2,0,"20-64","sector_30","vaccinated","dead"
"9530",3,0,"20-64","sector_30","vaccinated","dead"
"9531",4,0,"20-64","sector_30","vaccinated","dead"
"9532",5,0,"20-64","sector_30","vaccinated","dead"
"9533",6,0,"20-64","sector_30","vaccinated","dead"
"9534",7,0,"20-64","sector_30","vaccinated","dead"
"9535",8,0,"20-64","sector_30","vaccinated","dead"
"9536",9,0,"20-64","sector_30","vaccinated","dead"
"9537",10,0,"20-64","sector_30","vaccinated","dead"
"9538",0,0,"20-64","sector_31","vaccinated","dead"
"9539",1,0,"20-64","sector_31","vaccinated","dead"
"9540",2,0,"20-64","sector_31","vaccinated","dead"
"9541",3,0,"20-64","sector_31","vaccinated","dead"
"9542",4,0,"20-64","sector_31","vaccinated","dead"
"9543",5,0,"20-64","sector_31","vaccinated","dead"
"9544",6,0,"20-64","sector_31","vaccinated","dead"
"9545",7,0,"20-64","sector_31","vaccinated","dead"
"9546",8,0,"20-64","sector_31","vaccinated","dead"
"9547",9,0,"20-64","sector_31","vaccinated","dead"
"9548",10,0,"20-64","sector_31","vaccinated","dead"
"9549",0,0,"20-64","sector_32","vaccinated","dead"
"9550",1,0,"20-64","sector_32","vaccinated","dead"
"9551",2,0,"20-64","sector_32","vaccinated","dead"
"9552",3,0,"20-64","sector_32","vaccinated","dead"
"9553",4,0,"20-64","sector_32","vaccinated","dead"
"9554",5,0,"20-64","sector_32","vaccinated","dead"
"9555",6,0,"20-64","sector_32","vaccinated","dead"
"9556",7,0,"20-64","sector_32","vaccinated","dead"
"9557",8,0,"20-64","sector_32","vaccinated","dead"
"9558",9,0,"20-64","sector_32","vaccinated","dead"
"9559",10,0,"20-64","sector_32","vaccinated","dead"
"9560",0,0,"20-64","sector_33","vaccinated","dead"
"9561",1,0,"20-64","sector_33","vaccinated","dead"
"9562",2,0,"20-64","sector_33","vaccinated","dead"
"9563",3,0,"20-64","sector_33","vaccinated","dead"
"9564",4,0,"20-64","sector_33","vaccinated","dead"
"9565",5,0,"20-64","sector_33","vaccinated","dead"
"9566",6,0,"20-64","sector_33","vaccinated","dead"
"9567",7,0,"20-64","sector_33","vaccinated","dead"
"9568",8,0,"20-64","sector_33","vaccinated","dead"
"9569",9,0,"20-64","sector_33","vaccinated","dead"
"9570",10,0,"20-64","sector_33","vaccinated","dead"
"9571",0,0,"20-64","sector_34","vaccinated","dead"
"9572",1,0,"20-64","sector_34","vaccinated","dead"
"9573",2,0,"20-64","sector_34","vaccinated","dead"
"9574",3,0,"20-64","sector_34","vaccinated","dead"
"9575",4,0,"20-64","sector_34","vaccinated","dead"
"9576",5,0,"20-64","sector_34","vaccinated","dead"
"9577",6,0,"20-64","sector_34","vaccinated","dead"
"9578",7,0,"20-64","sector_34","vaccinated","dead"
"9579",8,0,"20-64","sector_34","vaccinated","dead"
"9580",9,0,"20-64","sector_34","vaccinated","dead"
"9581",10,0,"20-64","sector_34","vaccinated","dead"
"9582",0,0,"20-64","sector_35","vaccinated","dead"
"9583",1,0,"20-64","sector_35","vaccinated","dead"
"9584",2,0,"20-64","sector_35","vaccinated","dead"
"9585",3,0,"20-64","sector_35","vaccinated","dead"
"9586",4,0,"20-64","sector_35","vaccinated","dead"
"9587",5,0,"20-64","sector_35","vaccinated","dead"
"9588",6,0,"20-64","sector_35","vaccinated","dead"
"9589",7,0,"20-64","sector_35","vaccinated","dead"
"9590",8,0,"20-64","sector_35","vaccinated","dead"
"9591",9,0,"20-64","sector_35","vaccinated","dead"
"9592",10,0,"20-64","sector_35","vaccinated","dead"
"9593",0,0,"20-64","sector_36","vaccinated","dead"
"9594",1,0,"20-64","sector_36","vaccinated","dead"
"9595",2,0,"20-64","sector_36","vaccinated","dead"
"9596",3,0,"20-64","sector_36","vaccinated","dead"
"9597",4,0,"20-64","sector_36","vaccinated","dead"
"9598",5,0,"20-64","sector_36","vaccinated","dead"
"9599",6,0,"20-64","sector_36","vaccinated","dead"
"9600",7,0,"20-64","sector_36","vaccinated","dead"
"9601",8,0,"20-64","sector_36","vaccinated","dead"
"9602",9,0,"20-64","sector_36","vaccinated","dead"
"9603",10,0,"20-64","sector_36","vaccinated","dead"
"9604",0,0,"20-64","sector_37","vaccinated","dead"
"9605",1,0,"20-64","sector_37","vaccinated","dead"
"9606",2,0,"20-64","sector_37","vaccinated","dead"
"9607",3,0,"20-64","sector_37","vaccinated","dead"
"9608",4,0,"20-64","sector_37","vaccinated","dead"
"9609",5,0,"20-64","sector_37","vaccinated","dead"
"9610",6,0,"20-64","sector_37","vaccinated","dead"
"9611",7,0,"20-64","sector_37","vaccinated","dead"
"9612",8,0,"20-64","sector_37","vaccinated","dead"
"9613",9,0,"20-64","sector_37","vaccinated","dead"
"9614",10,0,"20-64","sector_37","vaccinated","dead"
"9615",0,0,"20-64","sector_38","vaccinated","dead"
"9616",1,0,"20-64","sector_38","vaccinated","dead"
"9617",2,0,"20-64","sector_38","vaccinated","dead"
"9618",3,0,"20-64","sector_38","vaccinated","dead"
"9619",4,0,"20-64","sector_38","vaccinated","dead"
"9620",5,0,"20-64","sector_38","vaccinated","dead"
"9621",6,0,"20-64","sector_38","vaccinated","dead"
"9622",7,0,"20-64","sector_38","vaccinated","dead"
"9623",8,0,"20-64","sector_38","vaccinated","dead"
"9624",9,0,"20-64","sector_38","vaccinated","dead"
"9625",10,0,"20-64","sector_38","vaccinated","dead"
"9626",0,0,"20-64","sector_39","vaccinated","dead"
"9627",1,0,"20-64","sector_39","vaccinated","dead"
"9628",2,0,"20-64","sector_39","vaccinated","dead"
"9629",3,0,"20-64","sector_39","vaccinated","dead"
"9630",4,0,"20-64","sector_39","vaccinated","dead"
"9631",5,0,"20-64","sector_39","vaccinated","dead"
"9632",6,0,"20-64","sector_39","vaccinated","dead"
"9633",7,0,"20-64","sector_39","vaccinated","dead"
"9634",8,0,"20-64","sector_39","vaccinated","dead"
"9635",9,0,"20-64","sector_39","vaccinated","dead"
"9636",10,0,"20-64","sector_39","vaccinated","dead"
"9637",0,0,"20-64","sector_40","vaccinated","dead"
"9638",1,0,"20-64","sector_40","vaccinated","dead"
"9639",2,0,"20-64","sector_40","vaccinated","dead"
"9640",3,0,"20-64","sector_40","vaccinated","dead"
"9641",4,0,"20-64","sector_40","vaccinated","dead"
"9642",5,0,"20-64","sector_40","vaccinated","dead"
"9643",6,0,"20-64","sector_40","vaccinated","dead"
"9644",7,0,"20-64","sector_40","vaccinated","dead"
"9645",8,0,"20-64","sector_40","vaccinated","dead"
"9646",9,0,"20-64","sector_40","vaccinated","dead"
"9647",10,0,"20-64","sector_40","vaccinated","dead"
"9648",0,0,"20-64","sector_41","vaccinated","dead"
"9649",1,0,"20-64","sector_41","vaccinated","dead"
"9650",2,0,"20-64","sector_41","vaccinated","dead"
"9651",3,0,"20-64","sector_41","vaccinated","dead"
"9652",4,0,"20-64","sector_41","vaccinated","dead"
"9653",5,0,"20-64","sector_41","vaccinated","dead"
"9654",6,0,"20-64","sector_41","vaccinated","dead"
"9655",7,0,"20-64","sector_41","vaccinated","dead"
"9656",8,0,"20-64","sector_41","vaccinated","dead"
"9657",9,0,"20-64","sector_41","vaccinated","dead"
"9658",10,0,"20-64","sector_41","vaccinated","dead"
"9659",0,0,"20-64","sector_42","vaccinated","dead"
"9660",1,0,"20-64","sector_42","vaccinated","dead"
"9661",2,0,"20-64","sector_42","vaccinated","dead"
"9662",3,0,"20-64","sector_42","vaccinated","dead"
"9663",4,0,"20-64","sector_42","vaccinated","dead"
"9664",5,0,"20-64","sector_42","vaccinated","dead"
"9665",6,0,"20-64","sector_42","vaccinated","dead"
"9666",7,0,"20-64","sector_42","vaccinated","dead"
"9667",8,0,"20-64","sector_42","vaccinated","dead"
"9668",9,0,"20-64","sector_42","vaccinated","dead"
"9669",10,0,"20-64","sector_42","vaccinated","dead"
"9670",0,0,"20-64","sector_43","vaccinated","dead"
"9671",1,0,"20-64","sector_43","vaccinated","dead"
"9672",2,0,"20-64","sector_43","vaccinated","dead"
"9673",3,0,"20-64","sector_43","vaccinated","dead"
"9674",4,0,"20-64","sector_43","vaccinated","dead"
"9675",5,0,"20-64","sector_43","vaccinated","dead"
"9676",6,0,"20-64","sector_43","vaccinated","dead"
"9677",7,0,"20-64","sector_43","vaccinated","dead"
"9678",8,0,"20-64","sector_43","vaccinated","dead"
"9679",9,0,"20-64","sector_43","vaccinated","dead"
"9680",10,0,"20-64","sector_43","vaccinated","dead"
"9681",0,0,"20-64","sector_44","vaccinated","dead"
"9682",1,0,"20-64","sector_44","vaccinated","dead"
"9683",2,0,"20-64","sector_44","vaccinated","dead"
"9684",3,0,"20-64","sector_44","vaccinated","dead"
"9685",4,0,"20-64","sector_44","vaccinated","dead"
"9686",5,0,"20-64","sector_44","vaccinated","dead"
"9687",6,0,"20-64","sector_44","vaccinated","dead"
"9688",7,0,"20-64","sector_44","vaccinated","dead"
"9689",8,0,"20-64","sector_44","vaccinated","dead"
"9690",9,0,"20-64","sector_44","vaccinated","dead"
"9691",10,0,"20-64","sector_44","vaccinated","dead"
"9692",0,0,"20-64","sector_45","vaccinated","dead"
"9693",1,0,"20-64","sector_45","vaccinated","dead"
"9694",2,0,"20-64","sector_45","vaccinated","dead"
"9695",3,0,"20-64","sector_45","vaccinated","dead"
"9696",4,0,"20-64","sector_45","vaccinated","dead"
"9697",5,0,"20-64","sector_45","vaccinated","dead"
"9698",6,0,"20-64","sector_45","vaccinated","dead"
"9699",7,0,"20-64","sector_45","vaccinated","dead"
"9700",8,0,"20-64","sector_45","vaccinated","dead"
"9701",9,0,"20-64","sector_45","vaccinated","dead"
"9702",10,0,"20-64","sector_45","vaccinated","dead"
"9703",0,0,"0-4","sector_00","vaccinated","new_infections"
"9704",1,0,"0-4","sector_00","vaccinated","new_infections"
"9705",2,0,"0-4","sector_00","vaccinated","new_infections"
"9706",3,0,"0-4","sector_00","vaccinated","new_infections"
"9707",4,0,"0-4","sector_00","vaccinated","new_infections"
"9708",5,0,"0-4","sector_00","vaccinated","new_infections"
"9709",6,0,"0-4","sector_00","vaccinated","new_infections"
"9710",7,0,"0-4","sector_00","vaccinated","new_infections"
"9711",8,0,"0-4","sector_00","vaccinated","new_infections"
"9712",9,0,"0-4","sector_00","vaccinated","new_infections"
"9713",10,0,"0-4","sector_00","vaccinated","new_infections"
"9714",0,0,"5-19","sector_00","vaccinated","new_infections"
"9715",1,0,"5-19","sector_00","vaccinated","new_infections"
"9716",2,0,"5-19","sector_00","vaccinated","new_infections"
"9717",3,0,"5-19","sector_00","vaccinated","new_infections"
"9718",4,0,"5-19","sector_00","vaccinated","new_infections"
"9719",5,0,"5-19","sector_00","vaccinated","new_infections"
"9720",6,0,"5-19","sector_00","vaccinated","new_infections"
"9721",7,0,"5-19","sector_00","vaccinated","new_infections"
"9722",8,0,"5-19","sector_00","vaccinated","new_infections"
"9723",9,0,"5-19","sector_00","vaccinated","new_infections"
"9724",10,0,"5-19","sector_00","vaccinated","new_infections"
"9725",0,0,"20-64","sector_00","vaccinated","new_infections"
"9726",1,0,"20-64","sector_00","vaccinated","new_infections"
"9727",2,0,"20-64","sector_00","vaccinated","new_infections"
"9728",3,0,"20-64","sector_00","vaccinated","new_infections"
"9729",4,0,"20-64","sector_00","vaccinated","new_infections"
"9730",5,0,"20-64","sector_00","vaccinated","new_infections"
"9731",6,0,"20-64","sector_00","vaccinated","new_infections"
"9732",7,0,"20-64","sector_00","vaccinated","new_infections"
"9733",8,0,"20-64","sector_00","vaccinated","new_infections"
"9734",9,0,"20-64","sector_00","vaccinated","new_infections"
"9735",10,0,"20-64","sector_00","vaccinated","new_infections"
"9736",0,0,"65+","sector_00","vaccinated","new_infections"
"9737",1,0,"65+","sector_00","vaccinated","new_infections"
"9738",2,0,"65+","sector_00","vaccinated","new_infections"
"9739",3,0,"65+","sector_00","vaccinated","new_infections"
"9740",4,0,"65+","sector_00","vaccinated","new_infections"
"9741",5,0,"65+","sector_00","vaccinated","new_infections"
"9742",6,0,"65+","sector_00","vaccinated","new_infections"
"9743",7,0,"65+","sector_00","vaccinated","new_infections"
"9744",8,0,"65+","sector_00","vaccinated","new_infections"
"9745",9,0,"65+","sector_00","vaccinated","new_infections"
"9746",10,0,"65+","sector_00","vaccinated","new_infections"
"9747",0,0,"20-64","sector_01","vaccinated","new_infections"
"9748",1,0,"20-64","sector_01","vaccinated","new_infections"
"9749",2,0,"20-64","sector_01","vaccinated","new_infections"
"9750",3,0,"20-64","sector_01","vaccinated","new_infections"
"9751",4,0,"20-64","sector_01","vaccinated","new_infections"
"9752",5,0,"20-64","sector_01","vaccinated","new_infections"
"9753",6,0,"20-64","sector_01","vaccinated","new_infections"
"9754",7,0,"20-64","sector_01","vaccinated","new_infections"
"9755",8,0,"20-64","sector_01","vaccinated","new_infections"
"9756",9,0,"20-64","sector_01","vaccinated","new_infections"
"9757",10,0,"20-64","sector_01","vaccinated","new_infections"
"9758",0,0,"20-64","sector_02","vaccinated","new_infections"
"9759",1,0,"20-64","sector_02","vaccinated","new_infections"
"9760",2,0,"20-64","sector_02","vaccinated","new_infections"
"9761",3,0,"20-64","sector_02","vaccinated","new_infections"
"9762",4,0,"20-64","sector_02","vaccinated","new_infections"
"9763",5,0,"20-64","sector_02","vaccinated","new_infections"
"9764",6,0,"20-64","sector_02","vaccinated","new_infections"
"9765",7,0,"20-64","sector_02","vaccinated","new_infections"
"9766",8,0,"20-64","sector_02","vaccinated","new_infections"
"9767",9,0,"20-64","sector_02","vaccinated","new_infections"
"9768",10,0,"20-64","sector_02","vaccinated","new_infections"
"9769",0,0,"20-64","sector_03","vaccinated","new_infections"
"9770",1,0,"20-64","sector_03","vaccinated","new_infections"
"9771",2,0,"20-64","sector_03","vaccinated","new_infections"
"9772",3,0,"20-64","sector_03","vaccinated","new_infections"
"9773",4,0,"20-64","sector_03","vaccinated","new_infections"
"9774",5,0,"20-64","sector_03","vaccinated","new_infections"
"9775",6,0,"20-64","sector_03","vaccinated","new_infections"
"9776",7,0,"20-64","sector_03","vaccinated","new_infections"
"9777",8,0,"20-64","sector_03","vaccinated","new_infections"
"9778",9,0,"20-64","sector_03","vaccinated","new_infections"
"9779",10,0,"20-64","sector_03","vaccinated","new_infections"
"9780",0,0,"20-64","sector_04","vaccinated","new_infections"
"9781",1,0,"20-64","sector_04","vaccinated","new_infections"
"9782",2,0,"20-64","sector_04","vaccinated","new_infections"
"9783",3,0,"20-64","sector_04","vaccinated","new_infections"
"9784",4,0,"20-64","sector_04","vaccinated","new_infections"
"9785",5,0,"20-64","sector_04","vaccinated","new_infections"
"9786",6,0,"20-64","sector_04","vaccinated","new_infections"
"9787",7,0,"20-64","sector_04","vaccinated","new_infections"
"9788",8,0,"20-64","sector_04","vaccinated","new_infections"
"9789",9,0,"20-64","sector_04","vaccinated","new_infections"
"9790",10,0,"20-64","sector_04","vaccinated","new_infections"
"9791",0,0,"20-64","sector_05","vaccinated","new_infections"
"9792",1,0,"20-64","sector_05","vaccinated","new_infections"
"9793",2,0,"20-64","sector_05","vaccinated","new_infections"
"9794",3,0,"20-64","sector_05","vaccinated","new_infections"
"9795",4,0,"20-64","sector_05","vaccinated","new_infections"
"9796",5,0,"20-64","sector_05","vaccinated","new_infections"
"9797",6,0,"20-64","sector_05","vaccinated","new_infections"
"9798",7,0,"20-64","sector_05","vaccinated","new_infections"
"9799",8,0,"20-64","sector_05","vaccinated","new_infections"
"9800",9,0,"20-64","sector_05","vaccinated","new_infections"
"9801",10,0,"20-64","sector_05","vaccinated","new_infections"
"9802",0,0,"20-64","sector_06","vaccinated","new_infections"
"9803",1,0,"20-64","sector_06","vaccinated","new_infections"
"9804",2,0,"20-64","sector_06","vaccinated","new_infections"
"9805",3,0,"20-64","sector_06","vaccinated","new_infections"
"9806",4,0,"20-64","sector_06","vaccinated","new_infections"
"9807",5,0,"20-64","sector_06","vaccinated","new_infections"
"9808",6,0,"20-64","sector_06","vaccinated","new_infections"
"9809",7,0,"20-64","sector_06","vaccinated","new_infections"
"9810",8,0,"20-64","sector_06","vaccinated","new_infections"
"9811",9,0,"20-64","sector_06","vaccinated","new_infections"
"9812",10,0,"20-64","sector_06","vaccinated","new_infections"
"9813",0,0,"20-64","sector_07","vaccinated","new_infections"
"9814",1,0,"20-64","sector_07","vaccinated","new_infections"
"9815",2,0,"20-64","sector_07","vaccinated","new_infections"
"9816",3,0,"20-64","sector_07","vaccinated","new_infections"
"9817",4,0,"20-64","sector_07","vaccinated","new_infections"
"9818",5,0,"20-64","sector_07","vaccinated","new_infections"
"9819",6,0,"20-64","sector_07","vaccinated","new_infections"
"9820",7,0,"20-64","sector_07","vaccinated","new_infections"
"9821",8,0,"20-64","sector_07","vaccinated","new_infections"
"9822",9,0,"20-64","sector_07","vaccinated","new_infections"
"9823",10,0,"20-64","sector_07","vaccinated","new_infections"
"9824",0,0,"20-64","sector_08","vaccinated","new_infections"
"9825",1,0,"20-64","sector_08","vaccinated","new_infections"
"9826",2,0,"20-64","sector_08","vaccinated","new_infections"
"9827",3,0,"20-64","sector_08","vaccinated","new_infections"
"9828",4,0,"20-64","sector_08","vaccinated","new_infections"
"9829",5,0,"20-64","sector_08","vaccinated","new_infections"
"9830",6,0,"20-64","sector_08","vaccinated","new_infections"
"9831",7,0,"20-64","sector_08","vaccinated","new_infections"
"9832",8,0,"20-64","sector_08","vaccinated","new_infections"
"9833",9,0,"20-64","sector_08","vaccinated","new_infections"
"9834",10,0,"20-64","sector_08","vaccinated","new_infections"
"9835",0,0,"20-64","sector_09","vaccinated","new_infections"
"9836",1,0,"20-64","sector_09","vaccinated","new_infections"
"9837",2,0,"20-64","sector_09","vaccinated","new_infections"
"9838",3,0,"20-64","sector_09","vaccinated","new_infections"
"9839",4,0,"20-64","sector_09","vaccinated","new_infections"
"9840",5,0,"20-64","sector_09","vaccinated","new_infections"
"9841",6,0,"20-64","sector_09","vaccinated","new_infections"
"9842",7,0,"20-64","sector_09","vaccinated","new_infections"
"9843",8,0,"20-64","sector_09","vaccinated","new_infections"
"9844",9,0,"20-64","sector_09","vaccinated","new_infections"
"9845",10,0,"20-64","sector_09","vaccinated","new_infections"
"9846",0,0,"20-64","sector_10","vaccinated","new_infections"
"9847",1,0,"20-64","sector_10","vaccinated","new_infections"
"9848",2,0,"20-64","sector_10","vaccinated","new_infections"
"9849",3,0,"20-64","sector_10","vaccinated","new_infections"
"9850",4,0,"20-64","sector_10","vaccinated","new_infections"
"9851",5,0,"20-64","sector_10","vaccinated","new_infections"
"9852",6,0,"20-64","sector_10","vaccinated","new_infections"
"9853",7,0,"20-64","sector_10","vaccinated","new_infections"
"9854",8,0,"20-64","sector_10","vaccinated","new_infections"
"9855",9,0,"20-64","sector_10","vaccinated","new_infections"
"9856",10,0,"20-64","sector_10","vaccinated","new_infections"
"9857",0,0,"20-64","sector_11","vaccinated","new_infections"
"9858",1,0,"20-64","sector_11","vaccinated","new_infections"
"9859",2,0,"20-64","sector_11","vaccinated","new_infections"
"9860",3,0,"20-64","sector_11","vaccinated","new_infections"
"9861",4,0,"20-64","sector_11","vaccinated","new_infections"
"9862",5,0,"20-64","sector_11","vaccinated","new_infections"
"9863",6,0,"20-64","sector_11","vaccinated","new_infections"
"9864",7,0,"20-64","sector_11","vaccinated","new_infections"
"9865",8,0,"20-64","sector_11","vaccinated","new_infections"
"9866",9,0,"20-64","sector_11","vaccinated","new_infections"
"9867",10,0,"20-64","sector_11","vaccinated","new_infections"
"9868",0,0,"20-64","sector_12","vaccinated","new_infections"
"9869",1,0,"20-64","sector_12","vaccinated","new_infections"
"9870",2,0,"20-64","sector_12","vaccinated","new_infections"
"9871",3,0,"20-64","sector_12","vaccinated","new_infections"
"9872",4,0,"20-64","sector_12","vaccinated","new_infections"
"9873",5,0,"20-64","sector_12","vaccinated","new_infections"
"9874",6,0,"20-64","sector_12","vaccinated","new_infections"
"9875",7,0,"20-64","sector_12","vaccinated","new_infections"
"9876",8,0,"20-64","sector_12","vaccinated","new_infections"
"9877",9,0,"20-64","sector_12","vaccinated","new_infections"
"9878",10,0,"20-64","sector_12","vaccinated","new_infections"
"9879",0,0,"20-64","sector_13","vaccinated","new_infections"
"9880",1,0,"20-64","sector_13","vaccinated","new_infections"
"9881",2,0,"20-64","sector_13","vaccinated","new_infections"
"9882",3,0,"20-64","sector_13","vaccinated","new_infections"
"9883",4,0,"20-64","sector_13","vaccinated","new_infections"
"9884",5,0,"20-64","sector_13","vaccinated","new_infections"
"9885",6,0,"20-64","sector_13","vaccinated","new_infections"
"9886",7,0,"20-64","sector_13","vaccinated","new_infections"
"9887",8,0,"20-64","sector_13","vaccinated","new_infections"
"9888",9,0,"20-64","sector_13","vaccinated","new_infections"
"9889",10,0,"20-64","sector_13","vaccinated","new_infections"
"9890",0,0,"20-64","sector_14","vaccinated","new_infections"
"9891",1,0,"20-64","sector_14","vaccinated","new_infections"
"9892",2,0,"20-64","sector_14","vaccinated","new_infections"
"9893",3,0,"20-64","sector_14","vaccinated","new_infections"
"9894",4,0,"20-64","sector_14","vaccinated","new_infections"
"9895",5,0,"20-64","sector_14","vaccinated","new_infections"
"9896",6,0,"20-64","sector_14","vaccinated","new_infections"
"9897",7,0,"20-64","sector_14","vaccinated","new_infections"
"9898",8,0,"20-64","sector_14","vaccinated","new_infections"
"9899",9,0,"20-64","sector_14","vaccinated","new_infections"
"9900",10,0,"20-64","sector_14","vaccinated","new_infections"
"9901",0,0,"20-64","sector_15","vaccinated","new_infections"
"9902",1,0,"20-64","sector_15","vaccinated","new_infections"
"9903",2,0,"20-64","sector_15","vaccinated","new_infections"
"9904",3,0,"20-64","sector_15","vaccinated","new_infections"
"9905",4,0,"20-64","sector_15","vaccinated","new_infections"
"9906",5,0,"20-64","sector_15","vaccinated","new_infections"
"9907",6,0,"20-64","sector_15","vaccinated","new_infections"
"9908",7,0,"20-64","sector_15","vaccinated","new_infections"
"9909",8,0,"20-64","sector_15","vaccinated","new_infections"
"9910",9,0,"20-64","sector_15","vaccinated","new_infections"
"9911",10,0,"20-64","sector_15","vaccinated","new_infections"
"9912",0,0,"20-64","sector_16","vaccinated","new_infections"
"9913",1,0,"20-64","sector_16","vaccinated","new_infections"
"9914",2,0,"20-64","sector_16","vaccinated","new_infections"
"9915",3,0,"20-64","sector_16","vaccinated","new_infections"
"9916",4,0,"20-64","sector_16","vaccinated","new_infections"
"9917",5,0,"20-64","sector_16","vaccinated","new_infections"
"9918",6,0,"20-64","sector_16","vaccinated","new_infections"
"9919",7,0,"20-64","sector_16","vaccinated","new_infections"
"9920",8,0,"20-64","sector_16","vaccinated","new_infections"
"9921",9,0,"20-64","sector_16","vaccinated","new_infections"
"9922",10,0,"20-64","sector_16","vaccinated","new_infections"
"9923",0,0,"20-64","sector_17","vaccinated","new_infections"
"9924",1,0,"20-64","sector_17","vaccinated","new_infections"
"9925",2,0,"20-64","sector_17","vaccinated","new_infections"
"9926",3,0,"20-64","sector_17","vaccinated","new_infections"
"9927",4,0,"20-64","sector_17","vaccinated","new_infections"
"9928",5,0,"20-64","sector_17","vaccinated","new_infections"
"9929",6,0,"20-64","sector_17","vaccinated","new_infections"
"9930",7,0,"20-64","sector_17","vaccinated","new_infections"
"9931",8,0,"20-64","sector_17","vaccinated","new_infections"
"9932",9,0,"20-64","sector_17","vaccinated","new_infections"
"9933",10,0,"20-64","sector_17","vaccinated","new_infections"
"9934",0,0,"20-64","sector_18","vaccinated","new_infections"
"9935",1,0,"20-64","sector_18","vaccinated","new_infections"
"9936",2,0,"20-64","sector_18","vaccinated","new_infections"
"9937",3,0,"20-64","sector_18","vaccinated","new_infections"
"9938",4,0,"20-64","sector_18","vaccinated","new_infections"
"9939",5,0,"20-64","sector_18","vaccinated","new_infections"
"9940",6,0,"20-64","sector_18","vaccinated","new_infections"
"9941",7,0,"20-64","sector_18","vaccinated","new_infections"
"9942",8,0,"20-64","sector_18","vaccinated","new_infections"
"9943",9,0,"20-64","sector_18","vaccinated","new_infections"
"9944",10,0,"20-64","sector_18","vaccinated","new_infections"
"9945",0,0,"20-64","sector_19","vaccinated","new_infections"
"9946",1,0,"20-64","sector_19","vaccinated","new_infections"
"9947",2,0,"20-64","sector_19","vaccinated","new_infections"
"9948",3,0,"20-64","sector_19","vaccinated","new_infections"
"9949",4,0,"20-64","sector_19","vaccinated","new_infections"
"9950",5,0,"20-64","sector_19","vaccinated","new_infections"
"9951",6,0,"20-64","sector_19","vaccinated","new_infections"
"9952",7,0,"20-64","sector_19","vaccinated","new_infections"
"9953",8,0,"20-64","sector_19","vaccinated","new_infections"
"9954",9,0,"20-64","sector_19","vaccinated","new_infections"
"9955",10,0,"20-64","sector_19","vaccinated","new_infections"
"9956",0,0,"20-64","sector_20","vaccinated","new_infections"
"9957",1,0,"20-64","sector_20","vaccinated","new_infections"
"9958",2,0,"20-64","sector_20","vaccinated","new_infections"
"9959",3,0,"20-64","sector_20","vaccinated","new_infections"
"9960",4,0,"20-64","sector_20","vaccinated","new_infections"
"9961",5,0,"20-64","sector_20","vaccinated","new_infections"
"9962",6,0,"20-64","sector_20","vaccinated","new_infections"
"9963",7,0,"20-64","sector_20","vaccinated","new_infections"
"9964",8,0,"20-64","sector_20","vaccinated","new_infections"
"9965",9,0,"20-64","sector_20","vaccinated","new_infections"
"9966",10,0,"20-64","sector_20","vaccinated","new_infections"
"9967",0,0,"20-64","sector_21","vaccinated","new_infections"
"9968",1,0,"20-64","sector_21","vaccinated","new_infections"
"9969",2,0,"20-64","sector_21","vaccinated","new_infections"
"9970",3,0,"20-64","sector_21","vaccinated","new_infections"
"9971",4,0,"20-64","sector_21","vaccinated","new_infections"
"9972",5,0,"20-64","sector_21","vaccinated","new_infections"
"9973",6,0,"20-64","sector_21","vaccinated","new_infections"
"9974",7,0,"20-64","sector_21","vaccinated","new_infections"
"9975",8,0,"20-64","sector_21","vaccinated","new_infections"
"9976",9,0,"20-64","sector_21","vaccinated","new_infections"
"9977",10,0,"20-64","sector_21","vaccinated","new_infections"
"9978",0,0,"20-64","sector_22","vaccinated","new_infections"
"9979",1,0,"20-64","sector_22","vaccinated","new_infections"
"9980",2,0,"20-64","sector_22","vaccinated","new_infections"
"9981",3,0,"20-64","sector_22","vaccinated","new_infections"
"9982",4,0,"20-64","sector_22","vaccinated","new_infections"
"9983",5,0,"20-64","sector_22","vaccinated","new_infections"
"9984",6,0,"20-64","sector_22","vaccinated","new_infections"
"9985",7,0,"20-64","sector_22","vaccinated","new_infections"
"9986",8,0,"20-64","sector_22","vaccinated","new_infections"
"9987",9,0,"20-64","sector_22","vaccinated","new_infections"
"9988",10,0,"20-64","sector_22","vaccinated","new_infections"
"9989",0,0,"20-64","sector_23","vaccinated","new_infections"
"9990",1,0,"20-64","sector_23","vaccinated","new_infections"
"9991",2,0,"20-64","sector_23","vaccinated","new_infections"
"9992",3,0,"20-64","sector_23","vaccinated","new_infections"
"9993",4,0,"20-64","sector_23","vaccinated","new_infections"
"9994",5,0,"20-64","sector_23","vaccinated","new_infections"
"9995",6,0,"20-64","sector_23","vaccinated","new_infections"
"9996",7,0,"20-64","sector_23","vaccinated","new_infections"
"9997",8,0,"20-64","sector_23","vaccinated","new_infections"
"9998",9,0,"20-64","sector_23","vaccinated","new_infections"
"9999",10,0,"20-64","sector_23","vaccinated","new_infections"
"10000",0,0,"20-64","sector_24","vaccinated","new_infections"
"10001",1,0,"20-64","sector_24","vaccinated","new_infections"
"10002",2,0,"20-64","sector_24","vaccinated","new_infections"
"10003",3,0,"20-64","sector_24","vaccinated","new_infections"
"10004",4,0,"20-64","sector_24","vaccinated","new_infections"
"10005",5,0,"20-64","sector_24","vaccinated","new_infections"
"10006",6,0,"20-64","sector_24","vaccinated","new_infections"
"10007",7,0,"20-64","sector_24","vaccinated","new_infections"
"10008",8,0,"20-64","sector_24","vaccinated","new_infections"
"10009",9,0,"20-64","sector_24","vaccinated","new_infections"
"10010",10,0,"20-64","sector_24","vaccinated","new_infections"
"10011",0,0,"20-64","sector_25","vaccinated","new_infections"
"10012",1,0,"20-64","sector_25","vaccinated","new_infections"
"10013",2,0,"20-64","sector_25","vaccinated","new_infections"
"10014",3,0,"20-64","sector_25","vaccinated","new_infections"
"10015",4,0,"20-64","sector_25","vaccinated","new_infections"
"10016",5,0,"20-64","sector_25","vaccinated","new_infections"
"10017",6,0,"20-64","sector_25","vaccinated","new_infections"
"10018",7,0,"20-64","sector_25","vaccinated","new_infections"
"10019",8,0,"20-64","sector_25","vaccinated","new_infections"
"10020",9,0,"20-64","sector_25","vaccinated","new_infections"
"10021",10,0,"20-64","sector_25","vaccinated","new_infections"
"10022",0,0,"20-64","sector_26","vaccinated","new_infections"
"10023",1,0,"20-64","sector_26","vaccinated","new_infections"
"10024",2,0,"20-64","sector_26","vaccinated","new_infections"
"10025",3,0,"20-64","sector_26","vaccinated","new_infections"
"10026",4,0,"20-64","sector_26","vaccinated","new_infections"
"10027",5,0,"20-64","sector_26","vaccinated","new_infections"
"10028",6,0,"20-64","sector_26","vaccinated","new_infections"
"10029",7,0,"20-64","sector_26","vaccinated","new_infections"
"10030",8,0,"20-64","sector_26","vaccinated","new_infections"
"10031",9,0,"20-64","sector_26","vaccinated","new_infections"
"10032",10,0,"20-64","sector_26","vaccinated","new_infections"
"10033",0,0,"20-64","sector_27","vaccinated","new_infections"
"10034",1,0,"20-64","sector_27","vaccinated","new_infections"
"10035",2,0,"20-64","sector_27","vaccinated","new_infections"
"10036",3,0,"20-64","sector_27","vaccinated","new_infections"
"10037",4,0,"20-64","sector_27","vaccinated","new_infections"
"10038",5,0,"20-64","sector_27","vaccinated","new_infections"
"10039",6,0,"20-64","sector_27","vaccinated","new_infections"
"10040",7,0,"20-64","sector_27","vaccinated","new_infections"
"10041",8,0,"20-64","sector_27","vaccinated","new_infections"
"10042",9,0,"20-64","sector_27","vaccinated","new_infections"
"10043",10,0,"20-64","sector_27","vaccinated","new_infections"
"10044",0,0,"20-64","sector_28","vaccinated","new_infections"
"10045",1,0,"20-64","sector_28","vaccinated","new_infections"
"10046",2,0,"20-64","sector_28","vaccinated","new_infections"
"10047",3,0,"20-64","sector_28","vaccinated","new_infections"
"10048",4,0,"20-64","sector_28","vaccinated","new_infections"
"10049",5,0,"20-64","sector_28","vaccinated","new_infections"
"10050",6,0,"20-64","sector_28","vaccinated","new_infections"
"10051",7,0,"20-64","sector_28","vaccinated","new_infections"
"10052",8,0,"20-64","sector_28","vaccinated","new_infections"
"10053",9,0,"20-64","sector_28","vaccinated","new_infections"
"10054",10,0,"20-64","sector_28","vaccinated","new_infections"
"10055",0,0,"20-64","sector_29","vaccinated","new_infections"
"10056",1,0,"20-64","sector_29","vaccinated","new_infections"
"10057",2,0,"20-64","sector_29","vaccinated","new_infections"
"10058",3,0,"20-64","sector_29","vaccinated","new_infections"
"10059",4,0,"20-64","sector_29","vaccinated","new_infections"
"10060",5,0,"20-64","sector_29","vaccinated","new_infections"
"10061",6,0,"20-64","sector_29","vaccinated","new_infections"
"10062",7,0,"20-64","sector_29","vaccinated","new_infections"
"10063",8,0,"20-64","sector_29","vaccinated","new_infections"
"10064",9,0,"20-64","sector_29","vaccinated","new_infections"
"10065",10,0,"20-64","sector_29","vaccinated","new_infections"
"10066",0,0,"20-64","sector_30","vaccinated","new_infections"
"10067",1,0,"20-64","sector_30","vaccinated","new_infections"
"10068",2,0,"20-64","sector_30","vaccinated","new_infections"
"10069",3,0,"20-64","sector_30","vaccinated","new_infections"
"10070",4,0,"20-64","sector_30","vaccinated","new_infections"
"10071",5,0,"20-64","sector_30","vaccinated","new_infections"
"10072",6,0,"20-64","sector_30","vaccinated","new_infections"
"10073",7,0,"20-64","sector_30","vaccinated","new_infections"
"10074",8,0,"20-64","sector_30","vaccinated","new_infections"
"10075",9,0,"20-64","sector_30","vaccinated","new_infections"
"10076",10,0,"20-64","sector_30","vaccinated","new_infections"
"10077",0,0,"20-64","sector_31","vaccinated","new_infections"
"10078",1,0,"20-64","sector_31","vaccinated","new_infections"
"10079",2,0,"20-64","sector_31","vaccinated","new_infections"
"10080",3,0,"20-64","sector_31","vaccinated","new_infections"
"10081",4,0,"20-64","sector_31","vaccinated","new_infections"
"10082",5,0,"20-64","sector_31","vaccinated","new_infections"
"10083",6,0,"20-64","sector_31","vaccinated","new_infections"
"10084",7,0,"20-64","sector_31","vaccinated","new_infections"
"10085",8,0,"20-64","sector_31","vaccinated","new_infections"
"10086",9,0,"20-64","sector_31","vaccinated","new_infections"
"10087",10,0,"20-64","sector_31","vaccinated","new_infections"
"10088",0,0,"20-64","sector_32","vaccinated","new_infections"
"10089",1,0,"20-64","sector_32","vaccinated","new_infections"
"10090",2,0,"20-64","sector_32","vaccinated","new_infections"
"10091",3,0,"20-64","sector_32","vaccinated","new_infections"
"10092",4,0,"20-64","sector_32","vaccinated","new_infections"
"10093",5,0,"20-64","sector_32","vaccinated","new_infections"
"10094",6,0,"20-64","sector_32","vaccinated","new_infections"
"10095",7,0,"20-64","sector_32","vaccinated","new_infections"
"10096",8,0,"20-64","sector_32","vaccinated","new_infections"
"10097",9,0,"20-64","sector_32","vaccinated","new_infections"
"10098",10,0,"20-64","sector_32","vaccinated","new_infections"
"10099",0,0,"20-64","sector_33","vaccinated","new_infections"
"10100",1,0,"20-64","sector_33","vaccinated","new_infections"
"10101",2,0,"20-64","sector_33","vaccinated","new_infections"
"10102",3,0,"20-64","sector_33","vaccinated","new_infections"
"10103",4,0,"20-64","sector_33","vaccinated","new_infections"
"10104",5,0,"20-64","sector_33","vaccinated","new_infections"
"10105",6,0,"20-64","sector_33","vaccinated","new_infections"
"10106",7,0,"20-64","sector_33","vaccinated","new_infections"
"10107",8,0,"20-64","sector_33","vaccinated","new_infections"
"10108",9,0,"20-64","sector_33","vaccinated","new_infections"
"10109",10,0,"20-64","sector_33","vaccinated","new_infections"
"10110",0,0,"20-64","sector_34","vaccinated","new_infections"
"10111",1,0,"20-64","sector_34","vaccinated","new_infections"
"10112",2,0,"20-64","sector_34","vaccinated","new_infections"
"10113",3,0,"20-64","sector_34","vaccinated","new_infections"
"10114",4,0,"20-64","sector_34","vaccinated","new_infections"
"10115",5,0,"20-64","sector_34","vaccinated","new_infections"
"10116",6,0,"20-64","sector_34","vaccinated","new_infections"
"10117",7,0,"20-64","sector_34","vaccinated","new_infections"
"10118",8,0,"20-64","sector_34","vaccinated","new_infections"
"10119",9,0,"20-64","sector_34","vaccinated","new_infections"
"10120",10,0,"20-64","sector_34","vaccinated","new_infections"
"10121",0,0,"20-64","sector_35","vaccinated","new_infections"
"10122",1,0,"20-64","sector_35","vaccinated","new_infections"
"10123",2,0,"20-64","sector_35","vaccinated","new_infections"
"10124",3,0,"20-64","sector_35","vaccinated","new_infections"
"10125",4,0,"20-64","sector_35","vaccinated","new_infections"
"10126",5,0,"20-64","sector_35","vaccinated","new_infections"
"10127",6,0,"20-64","sector_35","vaccinated","new_infections"
"10128",7,0,"20-64","sector_35","vaccinated","new_infections"
"10129",8,0,"20-64","sector_35","vaccinated","new_infections"
"10130",9,0,"20-64","sector_35","vaccinated","new_infections"
"10131",10,0,"20-64","sector_35","vaccinated","new_infections"
"10132",0,0,"20-64","sector_36","vaccinated","new_infections"
"10133",1,0,"20-64","sector_36","vaccinated","new_infections"
"10134",2,0,"20-64","sector_36","vaccinated","new_infections"
"10135",3,0,"20-64","sector_36","vaccinated","new_infections"
"10136",4,0,"20-64","sector_36","vaccinated","new_infections"
"10137",5,0,"20-64","sector_36","vaccinated","new_infections"
"10138",6,0,"20-64","sector_36","vaccinated","new_infections"
"10139",7,0,"20-64","sector_36","vaccinated","new_infections"
"10140",8,0,"20-64","sector_36","vaccinated","new_infections"
"10141",9,0,"20-64","sector_36","vaccinated","new_infections"
"10142",10,0,"20-64","sector_36","vaccinated","new_infections"
"10143",0,0,"20-64","sector_37","vaccinated","new_infections"
"10144",1,0,"20-64","sector_37","vaccinated","new_infections"
"10145",2,0,"20-64","sector_37","vaccinated","new_infections"
"10146",3,0,"20-64","sector_37","vaccinated","new_infections"
"10147",4,0,"20-64","sector_37","vaccinated","new_infections"
"10148",5,0,"20-64","sector_37","vaccinated","new_infections"
"10149",6,0,"20-64","sector_37","vaccinated","new_infections"
"10150",7,0,"20-64","sector_37","vaccinated","new_infections"
"10151",8,0,"20-64","sector_37","vaccinated","new_infections"
"10152",9,0,"20-64","sector_37","vaccinated","new_infections"
"10153",10,0,"20-64","sector_37","vaccinated","new_infections"
"10154",0,0,"20-64","sector_38","vaccinated","new_infections"
"10155",1,0,"20-64","sector_38","vaccinated","new_infections"
"10156",2,0,"20-64","sector_38","vaccinated","new_infections"
"10157",3,0,"20-64","sector_38","vaccinated","new_infections"
"10158",4,0,"20-64","sector_38","vaccinated","new_infections"
"10159",5,0,"20-64","sector_38","vaccinated","new_infections"
"10160",6,0,"20-64","sector_38","vaccinated","new_infections"
"10161",7,0,"20-64","sector_38","vaccinated","new_infections"
"10162",8,0,"20-64","sector_38","vaccinated","new_infections"
"10163",9,0,"20-64","sector_38","vaccinated","new_infections"
"10164",10,0,"20-64","sector_38","vaccinated","new_infections"
"10165",0,0,"20-64","sector_39","vaccinated","new_infections"
"10166",1,0,"20-64","sector_39","vaccinated","new_infections"
"10167",2,0,"20-64","sector_39","vaccinated","new_infections"
"10168",3,0,"20-64","sector_39","vaccinated","new_infections"
"10169",4,0,"20-64","sector_39","vaccinated","new_infections"
"10170",5,0,"20-64","sector_39","vaccinated","new_infections"
"10171",6,0,"20-64","sector_39","vaccinated","new_infections"
"10172",7,0,"20-64","sector_39","vaccinated","new_infections"
"10173",8,0,"20-64","sector_39","vaccinated","new_infections"
"10174",9,0,"20-64","sector_39","vaccinated","new_infections"
"10175",10,0,"20-64","sector_39","vaccinated","new_infections"
"10176",0,0,"20-64","sector_40","vaccinated","new_infections"
"10177",1,0,"20-64","sector_40","vaccinated","new_infections"
"10178",2,0,"20-64","sector_40","vaccinated","new_infections"
"10179",3,0,"20-64","sector_40","vaccinated","new_infections"
"10180",4,0,"20-64","sector_40","vaccinated","new_infections"
"10181",5,0,"20-64","sector_40","vaccinated","new_infections"
"10182",6,0,"20-64","sector_40","vaccinated","new_infections"
"10183",7,0,"20-64","sector_40","vaccinated","new_infections"
"10184",8,0,"20-64","sector_40","vaccinated","new_infections"
"10185",9,0,"20-64","sector_40","vaccinated","new_infections"
"10186",10,0,"20-64","sector_40","vaccinated","new_infections"
"10187",0,0,"20-64","sector_41","vaccinated","new_infections"
"10188",1,0,"20-64","sector_41","vaccinated","new_infections"
"10189",2,0,"20-64","sector_41","vaccinated","new_infections"
"10190",3,0,"20-64","sector_41","vaccinated","new_infections"
"10191",4,0,"20-64","sector_41","vaccinated","new_infections"
"10192",5,0,"20-64","sector_41","vaccinated","new_infections"
"10193",6,0,"20-64","sector_41","vaccinated","new_infections"
"10194",7,0,"20-64","sector_41","vaccinated","new_infections"
"10195",8,0,"20-64","sector_41","vaccinated","new_infections"
"10196",9,0,"20-64","sector_41","vaccinated","new_infections"
"10197",10,0,"20-64","sector_41","vaccinated","new_infections"
"10198",0,0,"20-64","sector_42","vaccinated","new_infections"
"10199",1,0,"20-64","sector_42","vaccinated","new_infections"
"10200",2,0,"20-64","sector_42","vaccinated","new_infections"
"10201",3,0,"20-64","sector_42","vaccinated","new_infections"
"10202",4,0,"20-64","sector_42","vaccinated","new_infections"
"10203",5,0,"20-64","sector_42","vaccinated","new_infections"
"10204",6,0,"20-64","sector_42","vaccinated","new_infections"
"10205",7,0,"20-64","sector_42","vaccinated","new_infections"
"10206",8,0,"20-64","sector_42","vaccinated","new_infections"
"10207",9,0,"20-64","sector_42","vaccinated","new_infections"
"10208",10,0,"20-64","sector_42","vaccinated","new_infections"
"10209",0,0,"20-64","sector_43","vaccinated","new_infections"
"10210",1,0,"20-64","sector_43","vaccinated","new_infections"
"10211",2,0,"20-64","sector_43","vaccinated","new_infections"
"10212",3,0,"20-64","sector_43","vaccinated","new_infections"
"10213",4,0,"20-64","sector_43","vaccinated","new_infections"
"10214",5,0,"20-64","sector_43","vaccinated","new_infections"
"10215",6,0,"20-64","sector_43","vaccinated","new_infections"
"10216",7,0,"20-64","sector_43","vaccinated","new_infections"
"10217",8,0,"20-64","sector_43","vaccinated","new_infections"
"10218",9,0,"20-64","sector_43","vaccinated","new_infections"
"10219",10,0,"20-64","sector_43","vaccinated","new_infections"
"10220",0,0,"20-64","sector_44","vaccinated","new_infections"
"10221",1,0,"20-64","sector_44","vaccinated","new_infections"
"10222",2,0,"20-64","sector_44","vaccinated","new_infections"
"10223",3,0,"20-64","sector_44","vaccinated","new_infections"
"10224",4,0,"20-64","sector_44","vaccinated","new_infections"
"10225",5,0,"20-64","sector_44","vaccinated","new_infections"
"10226",6,0,"20-64","sector_44","vaccinated","new_infections"
"10227",7,0,"20-64","sector_44","vaccinated","new_infections"
"10228",8,0,"20-64","sector_44","vaccinated","new_infections"
"10229",9,0,"20-64","sector_44","vaccinated","new_infections"
"10230",10,0,"20-64","sector_44","vaccinated","new_infections"
"10231",0,0,"20-64","sector_45","vaccinated","new_infections"
"10232",1,0,"20-64","sector_45","vaccinated","new_infections"
"10233",2,0,"20-64","sector_45","vaccinated","new_infections"
"10234",3,0,"20-64","sector_45","vaccinated","new_infections"
"10235",4,0,"20-64","sector_45","vaccinated","new_infections"
"10236",5,0,"20-64","sector_45","vaccinated","new_infections"
"10237",6,0,"20-64","sector_45","vaccinated","new_infections"
"10238",7,0,"20-64","sector_45","vaccinated","new_infections"
"10239",8,0,"20-64","sector_45","vaccinated","new_infections"
"10240",9,0,"20-64","sector_45","vaccinated","new_infections"
"10241",10,0,"20-64","sector_45","vaccinated","new_infections"
"10242",0,0,"0-4","sector_00","vaccinated","new_hosp"
"10243",1,0,"0-4","sector_00","vaccinated","new_hosp"
"10244",2,0,"0-4","sector_00","vaccinated","new_hosp"
"10245",3,0,"0-4","sector_00","vaccinated","new_hosp"
"10246",4,0,"0-4","sector_00","vaccinated","new_hosp"
"10247",5,0,"0-4","sector_00","vaccinated","new_hosp"
"10248",6,0,"0-4","sector_00","vaccinated","new_hosp"
"10249",7,0,"0-4","sector_00","vaccinated","new_hosp"
"10250",8,0,"0-4","sector_00","vaccinated","new_hosp"
"10251",9,0,"0-4","sector_00","vaccinated","new_hosp"
"10252",10,0,"0-4","sector_00","vaccinated","new_hosp"
"10253",0,0,"5-19","sector_00","vaccinated","new_hosp"
"10254",1,0,"5-19","sector_00","vaccinated","new_hosp"
"10255",2,0,"5-19","sector_00","vaccinated","new_hosp"
"10256",3,0,"5-19","sector_00","vaccinated","new_hosp"
"10257",4,0,"5-19","sector_00","vaccinated","new_hosp"
"10258",5,0,"5-19","sector_00","vaccinated","new_hosp"
"10259",6,0,"5-19","sector_00","vaccinated","new_hosp"
"10260",7,0,"5-19","sector_00","vaccinated","new_hosp"
"10261",8,0,"5-19","sector_00","vaccinated","new_hosp"
"10262",9,0,"5-19","sector_00","vaccinated","new_hosp"
"10263",10,0,"5-19","sector_00","vaccinated","new_hosp"
"10264",0,0,"20-64","sector_00","vaccinated","new_hosp"
"10265",1,0,"20-64","sector_00","vaccinated","new_hosp"
"10266",2,0,"20-64","sector_00","vaccinated","new_hosp"
"10267",3,0,"20-64","sector_00","vaccinated","new_hosp"
"10268",4,0,"20-64","sector_00","vaccinated","new_hosp"
"10269",5,0,"20-64","sector_00","vaccinated","new_hosp"
"10270",6,0,"20-64","sector_00","vaccinated","new_hosp"
"10271",7,0,"20-64","sector_00","vaccinated","new_hosp"
"10272",8,0,"20-64","sector_00","vaccinated","new_hosp"
"10273",9,0,"20-64","sector_00","vaccinated","new_hosp"
"10274",10,0,"20-64","sector_00","vaccinated","new_hosp"
"10275",0,0,"65+","sector_00","vaccinated","new_hosp"
"10276",1,0,"65+","sector_00","vaccinated","new_hosp"
"10277",2,0,"65+","sector_00","vaccinated","new_hosp"
"10278",3,0,"65+","sector_00","vaccinated","new_hosp"
"10279",4,0,"65+","sector_00","vaccinated","new_hosp"
"10280",5,0,"65+","sector_00","vaccinated","new_hosp"
"10281",6,0,"65+","sector_00","vaccinated","new_hosp"
"10282",7,0,"65+","sector_00","vaccinated","new_hosp"
"10283",8,0,"65+","sector_00","vaccinated","new_hosp"
"10284",9,0,"65+","sector_00","vaccinated","new_hosp"
"10285",10,0,"65+","sector_00","vaccinated","new_hosp"
"10286",0,0,"20-64","sector_01","vaccinated","new_hosp"
"10287",1,0,"20-64","sector_01","vaccinated","new_hosp"
"10288",2,0,"20-64","sector_01","vaccinated","new_hosp"
"10289",3,0,"20-64","sector_01","vaccinated","new_hosp"
"10290",4,0,"20-64","sector_01","vaccinated","new_hosp"
"10291",5,0,"20-64","sector_01","vaccinated","new_hosp"
"10292",6,0,"20-64","sector_01","vaccinated","new_hosp"
"10293",7,0,"20-64","sector_01","vaccinated","new_hosp"
"10294",8,0,"20-64","sector_01","vaccinated","new_hosp"
"10295",9,0,"20-64","sector_01","vaccinated","new_hosp"
"10296",10,0,"20-64","sector_01","vaccinated","new_hosp"
"10297",0,0,"20-64","sector_02","vaccinated","new_hosp"
"10298",1,0,"20-64","sector_02","vaccinated","new_hosp"
"10299",2,0,"20-64","sector_02","vaccinated","new_hosp"
"10300",3,0,"20-64","sector_02","vaccinated","new_hosp"
"10301",4,0,"20-64","sector_02","vaccinated","new_hosp"
"10302",5,0,"20-64","sector_02","vaccinated","new_hosp"
"10303",6,0,"20-64","sector_02","vaccinated","new_hosp"
"10304",7,0,"20-64","sector_02","vaccinated","new_hosp"
"10305",8,0,"20-64","sector_02","vaccinated","new_hosp"
"10306",9,0,"20-64","sector_02","vaccinated","new_hosp"
"10307",10,0,"20-64","sector_02","vaccinated","new_hosp"
"10308",0,0,"20-64","sector_03","vaccinated","new_hosp"
"10309",1,0,"20-64","sector_03","vaccinated","new_hosp"
"10310",2,0,"20-64","sector_03","vaccinated","new_hosp"
"10311",3,0,"20-64","sector_03","vaccinated","new_hosp"
"10312",4,0,"20-64","sector_03","vaccinated","new_hosp"
"10313",5,0,"20-64","sector_03","vaccinated","new_hosp"
"10314",6,0,"20-64","sector_03","vaccinated","new_hosp"
"10315",7,0,"20-64","sector_03","vaccinated","new_hosp"
"10316",8,0,"20-64","sector_03","vaccinated","new_hosp"
"10317",9,0,"20-64","sector_03","vaccinated","new_hosp"
"10318",10,0,"20-64","sector_03","vaccinated","new_hosp"
"10319",0,0,"20-64","sector_04","vaccinated","new_hosp"
"10320",1,0,"20-64","sector_04","vaccinated","new_hosp"
"10321",2,0,"20-64","sector_04","vaccinated","new_hosp"
"10322",3,0,"20-64","sector_04","vaccinated","new_hosp"
"10323",4,0,"20-64","sector_04","vaccinated","new_hosp"
"10324",5,0,"20-64","sector_04","vaccinated","new_hosp"
"10325",6,0,"20-64","sector_04","vaccinated","new_hosp"
"10326",7,0,"20-64","sector_04","vaccinated","new_hosp"
"10327",8,0,"20-64","sector_04","vaccinated","new_hosp"
"10328",9,0,"20-64","sector_04","vaccinated","new_hosp"
"10329",10,0,"20-64","sector_04","vaccinated","new_hosp"
"10330",0,0,"20-64","sector_05","vaccinated","new_hosp"
"10331",1,0,"20-64","sector_05","vaccinated","new_hosp"
"10332",2,0,"20-64","sector_05","vaccinated","new_hosp"
"10333",3,0,"20-64","sector_05","vaccinated","new_hosp"
"10334",4,0,"20-64","sector_05","vaccinated","new_hosp"
"10335",5,0,"20-64","sector_05","vaccinated","new_hosp"
"10336",6,0,"20-64","sector_05","vaccinated","new_hosp"
"10337",7,0,"20-64","sector_05","vaccinated","new_hosp"
"10338",8,0,"20-64","sector_05","vaccinated","new_hosp"
"10339",9,0,"20-64","sector_05","vaccinated","new_hosp"
"10340",10,0,"20-64","sector_05","vaccinated","new_hosp"
"10341",0,0,"20-64","sector_06","vaccinated","new_hosp"
"10342",1,0,"20-64","sector_06","vaccinated","new_hosp"
"10343",2,0,"20-64","sector_06","vaccinated","new_hosp"
"10344",3,0,"20-64","sector_06","vaccinated","new_hosp"
"10345",4,0,"20-64","sector_06","vaccinated","new_hosp"
"10346",5,0,"20-64","sector_06","vaccinated","new_hosp"
"10347",6,0,"20-64","sector_06","vaccinated","new_hosp"
"10348",7,0,"20-64","sector_06","vaccinated","new_hosp"
"10349",8,0,"20-64","sector_06","vaccinated","new_hosp"
"10350",9,0,"20-64","sector_06","vaccinated","new_hosp"
"10351",10,0,"20-64","sector_06","vaccinated","new_hosp"
"10352",0,0,"20-64","sector_07","vaccinated","new_hosp"
"10353",1,0,"20-64","sector_07","vaccinated","new_hosp"
"10354",2,0,"20-64","sector_07","vaccinated","new_hosp"
"10355",3,0,"20-64","sector_07","vaccinated","new_hosp"
"10356",4,0,"20-64","sector_07","vaccinated","new_hosp"
"10357",5,0,"20-64","sector_07","vaccinated","new_hosp"
"10358",6,0,"20-64","sector_07","vaccinated","new_hosp"
"10359",7,0,"20-64","sector_07","vaccinated","new_hosp"
"10360",8,0,"20-64","sector_07","vaccinated","new_hosp"
"10361",9,0,"20-64","sector_07","vaccinated","new_hosp"
"10362",10,0,"20-64","sector_07","vaccinated","new_hosp"
"10363",0,0,"20-64","sector_08","vaccinated","new_hosp"
"10364",1,0,"20-64","sector_08","vaccinated","new_hosp"
"10365",2,0,"20-64","sector_08","vaccinated","new_hosp"
"10366",3,0,"20-64","sector_08","vaccinated","new_hosp"
"10367",4,0,"20-64","sector_08","vaccinated","new_hosp"
"10368",5,0,"20-64","sector_08","vaccinated","new_hosp"
"10369",6,0,"20-64","sector_08","vaccinated","new_hosp"
"10370",7,0,"20-64","sector_08","vaccinated","new_hosp"
"10371",8,0,"20-64","sector_08","vaccinated","new_hosp"
"10372",9,0,"20-64","sector_08","vaccinated","new_hosp"
"10373",10,0,"20-64","sector_08","vaccinated","new_hosp"
"10374",0,0,"20-64","sector_09","vaccinated","new_hosp"
"10375",1,0,"20-64","sector_09","vaccinated","new_hosp"
"10376",2,0,"20-64","sector_09","vaccinated","new_hosp"
"10377",3,0,"20-64","sector_09","vaccinated","new_hosp"
"10378",4,0,"20-64","sector_09","vaccinated","new_hosp"
"10379",5,0,"20-64","sector_09","vaccinated","new_hosp"
"10380",6,0,"20-64","sector_09","vaccinated","new_hosp"
"10381",7,0,"20-64","sector_09","vaccinated","new_hosp"
"10382",8,0,"20-64","sector_09","vaccinated","new_hosp"
"10383",9,0,"20-64","sector_09","vaccinated","new_hosp"
"10384",10,0,"20-64","sector_09","vaccinated","new_hosp"
"10385",0,0,"20-64","sector_10","vaccinated","new_hosp"
"10386",1,0,"20-64","sector_10","vaccinated","new_hosp"
"10387",2,0,"20-64","sector_10","vaccinated","new_hosp"
"10388",3,0,"20-64","sector_10","vaccinated","new_hosp"
"10389",4,0,"20-64","sector_10","vaccinated","new_hosp"
"10390",5,0,"20-64","sector_10","vaccinated","new_hosp"
"10391",6,0,"20-64","sector_10","vaccinated","new_hosp"
"10392",7,0,"20-64","sector_10","vaccinated","new_hosp"
"10393",8,0,"20-64","sector_10","vaccinated","new_hosp"
"10394",9,0,"20-64","sector_10","vaccinated","new_hosp"
"10395",10,0,"20-64","sector_10","vaccinated","new_hosp"
"10396",0,0,"20-64","sector_11","vaccinated","new_hosp"
"10397",1,0,"20-64","sector_11","vaccinated","new_hosp"
"10398",2,0,"20-64","sector_11","vaccinated","new_hosp"
"10399",3,0,"20-64","sector_11","vaccinated","new_hosp"
"10400",4,0,"20-64","sector_11","vaccinated","new_hosp"
"10401",5,0,"20-64","sector_11","vaccinated","new_hosp"
"10402",6,0,"20-64","sector_11","vaccinated","new_hosp"
"10403",7,0,"20-64","sector_11","vaccinated","new_hosp"
"10404",8,0,"20-64","sector_11","vaccinated","new_hosp"
"10405",9,0,"20-64","sector_11","vaccinated","new_hosp"
"10406",10,0,"20-64","sector_11","vaccinated","new_hosp"
"10407",0,0,"20-64","sector_12","vaccinated","new_hosp"
"10408",1,0,"20-64","sector_12","vaccinated","new_hosp"
"10409",2,0,"20-64","sector_12","vaccinated","new_hosp"
"10410",3,0,"20-64","sector_12","vaccinated","new_hosp"
"10411",4,0,"20-64","sector_12","vaccinated","new_hosp"
"10412",5,0,"20-64","sector_12","vaccinated","new_hosp"
"10413",6,0,"20-64","sector_12","vaccinated","new_hosp"
"10414",7,0,"20-64","sector_12","vaccinated","new_hosp"
"10415",8,0,"20-64","sector_12","vaccinated","new_hosp"
"10416",9,0,"20-64","sector_12","vaccinated","new_hosp"
"10417",10,0,"20-64","sector_12","vaccinated","new_hosp"
"10418",0,0,"20-64","sector_13","vaccinated","new_hosp"
"10419",1,0,"20-64","sector_13","vaccinated","new_hosp"
"10420",2,0,"20-64","sector_13","vaccinated","new_hosp"
"10421",3,0,"20-64","sector_13","vaccinated","new_hosp"
"10422",4,0,"20-64","sector_13","vaccinated","new_hosp"
"10423",5,0,"20-64","sector_13","vaccinated","new_hosp"
"10424",6,0,"20-64","sector_13","vaccinated","new_hosp"
"10425",7,0,"20-64","sector_13","vaccinated","new_hosp"
"10426",8,0,"20-64","sector_13","vaccinated","new_hosp"
"10427",9,0,"20-64","sector_13","vaccinated","new_hosp"
"10428",10,0,"20-64","sector_13","vaccinated","new_hosp"
"10429",0,0,"20-64","sector_14","vaccinated","new_hosp"
"10430",1,0,"20-64","sector_14","vaccinated","new_hosp"
"10431",2,0,"20-64","sector_14","vaccinated","new_hosp"
"10432",3,0,"20-64","sector_14","vaccinated","new_hosp"
"10433",4,0,"20-64","sector_14","vaccinated","new_hosp"
"10434",5,0,"20-64","sector_14","vaccinated","new_hosp"
"10435",6,0,"20-64","sector_14","vaccinated","new_hosp"
"10436",7,0,"20-64","sector_14","vaccinated","new_hosp"
"10437",8,0,"20-64","sector_14","vaccinated","new_hosp"
"10438",9,0,"20-64","sector_14","vaccinated","new_hosp"
"10439",10,0,"20-64","sector_14","vaccinated","new_hosp"
"10440",0,0,"20-64","sector_15","vaccinated","new_hosp"
"10441",1,0,"20-64","sector_15","vaccinated","new_hosp"
"10442",2,0,"20-64","sector_15","vaccinated","new_hosp"
"10443",3,0,"20-64","sector_15","vaccinated","new_hosp"
"10444",4,0,"20-64","sector_15","vaccinated","new_hosp"
"10445",5,0,"20-64","sector_15","vaccinated","new_hosp"
"10446",6,0,"20-64","sector_15","vaccinated","new_hosp"
"10447",7,0,"20-64","sector_15","vaccinated","new_hosp"
"10448",8,0,"20-64","sector_15","vaccinated","new_hosp"
"10449",9,0,"20-64","sector_15","vaccinated","new_hosp"
"10450",10,0,"20-64","sector_15","vaccinated","new_hosp"
"10451",0,0,"20-64","sector_16","vaccinated","new_hosp"
"10452",1,0,"20-64","sector_16","vaccinated","new_hosp"
"10453",2,0,"20-64","sector_16","vaccinated","new_hosp"
"10454",3,0,"20-64","sector_16","vaccinated","new_hosp"
"10455",4,0,"20-64","sector_16","vaccinated","new_hosp"
"10456",5,0,"20-64","sector_16","vaccinated","new_hosp"
"10457",6,0,"20-64","sector_16","vaccinated","new_hosp"
"10458",7,0,"20-64","sector_16","vaccinated","new_hosp"
"10459",8,0,"20-64","sector_16","vaccinated","new_hosp"
"10460",9,0,"20-64","sector_16","vaccinated","new_hosp"
"10461",10,0,"20-64","sector_16","vaccinated","new_hosp"
"10462",0,0,"20-64","sector_17","vaccinated","new_hosp"
"10463",1,0,"20-64","sector_17","vaccinated","new_hosp"
"10464",2,0,"20-64","sector_17","vaccinated","new_hosp"
"10465",3,0,"20-64","sector_17","vaccinated","new_hosp"
"10466",4,0,"20-64","sector_17","vaccinated","new_hosp"
"10467",5,0,"20-64","sector_17","vaccinated","new_hosp"
"10468",6,0,"20-64","sector_17","vaccinated","new_hosp"
"10469",7,0,"20-64","sector_17","vaccinated","new_hosp"
"10470",8,0,"20-64","sector_17","vaccinated","new_hosp"
"10471",9,0,"20-64","sector_17","vaccinated","new_hosp"
"10472",10,0,"20-64","sector_17","vaccinated","new_hosp"
"10473",0,0,"20-64","sector_18","vaccinated","new_hosp"
"10474",1,0,"20-64","sector_18","vaccinated","new_hosp"
"10475",2,0,"20-64","sector_18","vaccinated","new_hosp"
"10476",3,0,"20-64","sector_18","vaccinated","new_hosp"
"10477",4,0,"20-64","sector_18","vaccinated","new_hosp"
"10478",5,0,"20-64","sector_18","vaccinated","new_hosp"
"10479",6,0,"20-64","sector_18","vaccinated","new_hosp"
"10480",7,0,"20-64","sector_18","vaccinated","new_hosp"
"10481",8,0,"20-64","sector_18","vaccinated","new_hosp"
"10482",9,0,"20-64","sector_18","vaccinated","new_hosp"
"10483",10,0,"20-64","sector_18","vaccinated","new_hosp"
"10484",0,0,"20-64","sector_19","vaccinated","new_hosp"
"10485",1,0,"20-64","sector_19","vaccinated","new_hosp"
"10486",2,0,"20-64","sector_19","vaccinated","new_hosp"
"10487",3,0,"20-64","sector_19","vaccinated","new_hosp"
"10488",4,0,"20-64","sector_19","vaccinated","new_hosp"
"10489",5,0,"20-64","sector_19","vaccinated","new_hosp"
"10490",6,0,"20-64","sector_19","vaccinated","new_hosp"
"10491",7,0,"20-64","sector_19","vaccinated","new_hosp"
"10492",8,0,"20-64","sector_19","vaccinated","new_hosp"
"10493",9,0,"20-64","sector_19","vaccinated","new_hosp"
"10494",10,0,"20-64","sector_19","vaccinated","new_hosp"
"10495",0,0,"20-64","sector_20","vaccinated","new_hosp"
"10496",1,0,"20-64","sector_20","vaccinated","new_hosp"
"10497",2,0,"20-64","sector_20","vaccinated","new_hosp"
"10498",3,0,"20-64","sector_20","vaccinated","new_hosp"
"10499",4,0,"20-64","sector_20","vaccinated","new_hosp"
"10500",5,0,"20-64","sector_20","vaccinated","new_hosp"
"10501",6,0,"20-64","sector_20","vaccinated","new_hosp"
"10502",7,0,"20-64","sector_20","vaccinated","new_hosp"
"10503",8,0,"20-64","sector_20","vaccinated","new_hosp"
"10504",9,0,"20-64","sector_20","vaccinated","new_hosp"
"10505",10,0,"20-64","sector_20","vaccinated","new_hosp"
"10506",0,0,"20-64","sector_21","vaccinated","new_hosp"
"10507",1,0,"20-64","sector_21","vaccinated","new_hosp"
"10508",2,0,"20-64","sector_21","vaccinated","new_hosp"
"10509",3,0,"20-64","sector_21","vaccinated","new_hosp"
"10510",4,0,"20-64","sector_21","vaccinated","new_hosp"
"10511",5,0,"20-64","sector_21","vaccinated","new_hosp"
"10512",6,0,"20-64","sector_21","vaccinated","new_hosp"
"10513",7,0,"20-64","sector_21","vaccinated","new_hosp"
"10514",8,0,"20-64","sector_21","vaccinated","new_hosp"
"10515",9,0,"20-64","sector_21","vaccinated","new_hosp"
"10516",10,0,"20-64","sector_21","vaccinated","new_hosp"
"10517",0,0,"20-64","sector_22","vaccinated","new_hosp"
"10518",1,0,"20-64","sector_22","vaccinated","new_hosp"
"10519",2,0,"20-64","sector_22","vaccinated","new_hosp"
"10520",3,0,"20-64","sector_22","vaccinated","new_hosp"
"10521",4,0,"20-64","sector_22","vaccinated","new_hosp"
"10522",5,0,"20-64","sector_22","vaccinated","new_hosp"
"10523",6,0,"20-64","sector_22","vaccinated","new_hosp"
"10524",7,0,"20-64","sector_22","vaccinated","new_hosp"
"10525",8,0,"20-64","sector_22","vaccinated","new_hosp"
"10526",9,0,"20-64","sector_22","vaccinated","new_hosp"
"10527",10,0,"20-64","sector_22","vaccinated","new_hosp"
"10528",0,0,"20-64","sector_23","vaccinated","new_hosp"
"10529",1,0,"20-64","sector_23","vaccinated","new_hosp"
"10530",2,0,"20-64","sector_23","vaccinated","new_hosp"
"10531",3,0,"20-64","sector_23","vaccinated","new_hosp"
"10532",4,0,"20-64","sector_23","vaccinated","new_hosp"
"10533",5,0,"20-64","sector_23","vaccinated","new_hosp"
"10534",6,0,"20-64","sector_23","vaccinated","new_hosp"
"10535",7,0,"20-64","sector_23","vaccinated","new_hosp"
"10536",8,0,"20-64","sector_23","vaccinated","new_hosp"
"10537",9,0,"20-64","sector_23","vaccinated","new_hosp"
"10538",10,0,"20-64","sector_23","vaccinated","new_hosp"
"10539",0,0,"20-64","sector_24","vaccinated","new_hosp"
"10540",1,0,"20-64","sector_24","vaccinated","new_hosp"
"10541",2,0,"20-64","sector_24","vaccinated","new_hosp"
"10542",3,0,"20-64","sector_24","vaccinated","new_hosp"
"10543",4,0,"20-64","sector_24","vaccinated","new_hosp"
"10544",5,0,"20-64","sector_24","vaccinated","new_hosp"
"10545",6,0,"20-64","sector_24","vaccinated","new_hosp"
"10546",7,0,"20-64","sector_24","vaccinated","new_hosp"
"10547",8,0,"20-64","sector_24","vaccinated","new_hosp"
"10548",9,0,"20-64","sector_24","vaccinated","new_hosp"
"10549",10,0,"20-64","sector_24","vaccinated","new_hosp"
"10550",0,0,"20-64","sector_25","vaccinated","new_hosp"
"10551",1,0,"20-64","sector_25","vaccinated","new_hosp"
"10552",2,0,"20-64","sector_25","vaccinated","new_hosp"
"10553",3,0,"20-64","sector_25","vaccinated","new_hosp"
"10554",4,0,"20-64","sector_25","vaccinated","new_hosp"
"10555",5,0,"20-64","sector_25","vaccinated","new_hosp"
"10556",6,0,"20-64","sector_25","vaccinated","new_hosp"
"10557",7,0,"20-64","sector_25","vaccinated","new_hosp"
"10558",8,0,"20-64","sector_25","vaccinated","new_hosp"
"10559",9,0,"20-64","sector_25","vaccinated","new_hosp"
"10560",10,0,"20-64","sector_25","vaccinated","new_hosp"
"10561",0,0,"20-64","sector_26","vaccinated","new_hosp"
"10562",1,0,"20-64","sector_26","vaccinated","new_hosp"
"10563",2,0,"20-64","sector_26","vaccinated","new_hosp"
"10564",3,0,"20-64","sector_26","vaccinated","new_hosp"
"10565",4,0,"20-64","sector_26","vaccinated","new_hosp"
"10566",5,0,"20-64","sector_26","vaccinated","new_hosp"
"10567",6,0,"20-64","sector_26","vaccinated","new_hosp"
"10568",7,0,"20-64","sector_26","vaccinated","new_hosp"
"10569",8,0,"20-64","sector_26","vaccinated","new_hosp"
"10570",9,0,"20-64","sector_26","vaccinated","new_hosp"
"10571",10,0,"20-64","sector_26","vaccinated","new_hosp"
"10572",0,0,"20-64","sector_27","vaccinated","new_hosp"
"10573",1,0,"20-64","sector_27","vaccinated","new_hosp"
"10574",2,0,"20-64","sector_27","vaccinated","new_hosp"
"10575",3,0,"20-64","sector_27","vaccinated","new_hosp"
"10576",4,0,"20-64","sector_27","vaccinated","new_hosp"
"10577",5,0,"20-64","sector_27","vaccinated","new_hosp"
"10578",6,0,"20-64","sector_27","vaccinated","new_hosp"
"10579",7,0,"20-64","sector_27","vaccinated","new_hosp"
"10580",8,0,"20-64","sector_27","vaccinated","new_hosp"
"10581",9,0,"20-64","sector_27","vaccinated","new_hosp"
"10582",10,0,"20-64","sector_27","vaccinated","new_hosp"
"10583",0,0,"20-64","sector_28","vaccinated","new_hosp"
"10584",1,0,"20-64","sector_28","vaccinated","new_hosp"
"10585",2,0,"20-64","sector_28","vaccinated","new_hosp"
"10586",3,0,"20-64","sector_28","vaccinated","new_hosp"
"10587",4,0,"20-64","sector_28","vaccinated","new_hosp"
"10588",5,0,"20-64","sector_28","vaccinated","new_hosp"
"10589",6,0,"20-64","sector_28","vaccinated","new_hosp"
"10590",7,0,"20-64","sector_28","vaccinated","new_hosp"
"10591",8,0,"20-64","sector_28","vaccinated","new_hosp"
"10592",9,0,"20-64","sector_28","vaccinated","new_hosp"
"10593",10,0,"20-64","sector_28","vaccinated","new_hosp"
"10594",0,0,"20-64","sector_29","vaccinated","new_hosp"
"10595",1,0,"20-64","sector_29","vaccinated","new_hosp"
"10596",2,0,"20-64","sector_29","vaccinated","new_hosp"
"10597",3,0,"20-64","sector_29","vaccinated","new_hosp"
"10598",4,0,"20-64","sector_29","vaccinated","new_hosp"
"10599",5,0,"20-64","sector_29","vaccinated","new_hosp"
"10600",6,0,"20-64","sector_29","vaccinated","new_hosp"
"10601",7,0,"20-64","sector_29","vaccinated","new_hosp"
"10602",8,0,"20-64","sector_29","vaccinated","new_hosp"
"10603",9,0,"20-64","sector_29","vaccinated","new_hosp"
"10604",10,0,"20-64","sector_29","vaccinated","new_hosp"
"10605",0,0,"20-64","sector_30","vaccinated","new_hosp"
"10606",1,0,"20-64","sector_30","vaccinated","new_hosp"
"10607",2,0,"20-64","sector_30","vaccinated","new_hosp"
"10608",3,0,"20-64","sector_30","vaccinated","new_hosp"
"10609",4,0,"20-64","sector_30","vaccinated","new_hosp"
"10610",5,0,"20-64","sector_30","vaccinated","new_hosp"
"10611",6,0,"20-64","sector_30","vaccinated","new_hosp"
"10612",7,0,"20-64","sector_30","vaccinated","new_hosp"
"10613",8,0,"20-64","sector_30","vaccinated","new_hosp"
"10614",9,0,"20-64","sector_30","vaccinated","new_hosp"
"10615",10,0,"20-64","sector_30","vaccinated","new_hosp"
"10616",0,0,"20-64","sector_31","vaccinated","new_hosp"
"10617",1,0,"20-64","sector_31","vaccinated","new_hosp"
"10618",2,0,"20-64","sector_31","vaccinated","new_hosp"
"10619",3,0,"20-64","sector_31","vaccinated","new_hosp"
"10620",4,0,"20-64","sector_31","vaccinated","new_hosp"
"10621",5,0,"20-64","sector_31","vaccinated","new_hosp"
"10622",6,0,"20-64","sector_31","vaccinated","new_hosp"
"10623",7,0,"20-64","sector_31","vaccinated","new_hosp"
"10624",8,0,"20-64","sector_31","vaccinated","new_hosp"
"10625",9,0,"20-64","sector_31","vaccinated","new_hosp"
"10626",10,0,"20-64","sector_31","vaccinated","new_hosp"
"10627",0,0,"20-64","sector_32","vaccinated","new_hosp"
"10628",1,0,"20-64","sector_32","vaccinated","new_hosp"
"10629",2,0,"20-64","sector_32","vaccinated","new_hosp"
"10630",3,0,"20-64","sector_32","vaccinated","new_hosp"
"10631",4,0,"20-64","sector_32","vaccinated","new_hosp"
"10632",5,0,"20-64","sector_32","vaccinated","new_hosp"
"10633",6,0,"20-64","sector_32","vaccinated","new_hosp"
"10634",7,0,"20-64","sector_32","vaccinated","new_hosp"
"10635",8,0,"20-64","sector_32","vaccinated","new_hosp"
"10636",9,0,"20-64","sector_32","vaccinated","new_hosp"
"10637",10,0,"20-64","sector_32","vaccinated","new_hosp"
"10638",0,0,"20-64","sector_33","vaccinated","new_hosp"
"10639",1,0,"20-64","sector_33","vaccinated","new_hosp"
"10640",2,0,"20-64","sector_33","vaccinated","new_hosp"
"10641",3,0,"20-64","sector_33","vaccinated","new_hosp"
"10642",4,0,"20-64","sector_33","vaccinated","new_hosp"
"10643",5,0,"20-64","sector_33","vaccinated","new_hosp"
"10644",6,0,"20-64","sector_33","vaccinated","new_hosp"
"10645",7,0,"20-64","sector_33","vaccinated","new_hosp"
"10646",8,0,"20-64","sector_33","vaccinated","new_hosp"
"10647",9,0,"20-64","sector_33","vaccinated","new_hosp"
"10648",10,0,"20-64","sector_33","vaccinated","new_hosp"
"10649",0,0,"20-64","sector_34","vaccinated","new_hosp"
"10650",1,0,"20-64","sector_34","vaccinated","new_hosp"
"10651",2,0,"20-64","sector_34","vaccinated","new_hosp"
"10652",3,0,"20-64","sector_34","vaccinated","new_hosp"
"10653",4,0,"20-64","sector_34","vaccinated","new_hosp"
"10654",5,0,"20-64","sector_34","vaccinated","new_hosp"
"10655",6,0,"20-64","sector_34","vaccinated","new_hosp"
"10656",7,0,"20-64","sector_34","vaccinated","new_hosp"
"10657",8,0,"20-64","sector_34","vaccinated","new_hosp"
"10658",9,0,"20-64","sector_34","vaccinated","new_hosp"
"10659",10,0,"20-64","sector_34","vaccinated","new_hosp"
"10660",0,0,"20-64","sector_35","vaccinated","new_hosp"
"10661",1,0,"20-64","sector_35","vaccinated","new_hosp"
"10662",2,0,"20-64","sector_35","vaccinated","new_hosp"
"10663",3,0,"20-64","sector_35","vaccinated","new_hosp"
"10664",4,0,"20-64","sector_35","vaccinated","new_hosp"
"10665",5,0,"20-64","sector_35","vaccinated","new_hosp"
"10666",6,0,"20-64","sector_35","vaccinated","new_hosp"
"10667",7,0,"20-64","sector_35","vaccinated","new_hosp"
"10668",8,0,"20-64","sector_35","vaccinated","new_hosp"
"10669",9,0,"20-64","sector_35","vaccinated","new_hosp"
"10670",10,0,"20-64","sector_35","vaccinated","new_hosp"
"10671",0,0,"20-64","sector_36","vaccinated","new_hosp"
"10672",1,0,"20-64","sector_36","vaccinated","new_hosp"
"10673",2,0,"20-64","sector_36","vaccinated","new_hosp"
"10674",3,0,"20-64","sector_36","vaccinated","new_hosp"
"10675",4,0,"20-64","sector_36","vaccinated","new_hosp"
"10676",5,0,"20-64","sector_36","vaccinated","new_hosp"
"10677",6,0,"20-64","sector_36","vaccinated","new_hosp"
"10678",7,0,"20-64","sector_36","vaccinated","new_hosp"
"10679",8,0,"20-64","sector_36","vaccinated","new_hosp"
"10680",9,0,"20-64","sector_36","vaccinated","new_hosp"
"10681",10,0,"20-64","sector_36","vaccinated","new_hosp"
"10682",0,0,"20-64","sector_37","vaccinated","new_hosp"
"10683",1,0,"20-64","sector_37","vaccinated","new_hosp"
"10684",2,0,"20-64","sector_37","vaccinated","new_hosp"
"10685",3,0,"20-64","sector_37","vaccinated","new_hosp"
"10686",4,0,"20-64","sector_37","vaccinated","new_hosp"
"10687",5,0,"20-64","sector_37","vaccinated","new_hosp"
"10688",6,0,"20-64","sector_37","vaccinated","new_hosp"
"10689",7,0,"20-64","sector_37","vaccinated","new_hosp"
"10690",8,0,"20-64","sector_37","vaccinated","new_hosp"
"10691",9,0,"20-64","sector_37","vaccinated","new_hosp"
"10692",10,0,"20-64","sector_37","vaccinated","new_hosp"
"10693",0,0,"20-64","sector_38","vaccinated","new_hosp"
"10694",1,0,"20-64","sector_38","vaccinated","new_hosp"
"10695",2,0,"20-64","sector_38","vaccinated","new_hosp"
"10696",3,0,"20-64","sector_38","vaccinated","new_hosp"
"10697",4,0,"20-64","sector_38","vaccinated","new_hosp"
"10698",5,0,"20-64","sector_38","vaccinated","new_hosp"
"10699",6,0,"20-64","sector_38","vaccinated","new_hosp"
"10700",7,0,"20-64","sector_38","vaccinated","new_hosp"
"10701",8,0,"20-64","sector_38","vaccinated","new_hosp"
"10702",9,0,"20-64","sector_38","vaccinated","new_hosp"
"10703",10,0,"20-64","sector_38","vaccinated","new_hosp"
"10704",0,0,"20-64","sector_39","vaccinated","new_hosp"
"10705",1,0,"20-64","sector_39","vaccinated","new_hosp"
"10706",2,0,"20-64","sector_39","vaccinated","new_hosp"
"10707",3,0,"20-64","sector_39","vaccinated","new_hosp"
"10708",4,0,"20-64","sector_39","vaccinated","new_hosp"
"10709",5,0,"20-64","sector_39","vaccinated","new_hosp"
"10710",6,0,"20-64","sector_39","vaccinated","new_hosp"
"10711",7,0,"20-64","sector_39","vaccinated","new_hosp"
"10712",8,0,"20-64","sector_39","vaccinated","new_hosp"
"10713",9,0,"20-64","sector_39","vaccinated","new_hosp"
"10714",10,0,"20-64","sector_39","vaccinated","new_hosp"
"10715",0,0,"20-64","sector_40","vaccinated","new_hosp"
"10716",1,0,"20-64","sector_40","vaccinated","new_hosp"
"10717",2,0,"20-64","sector_40","vaccinated","new_hosp"
"10718",3,0,"20-64","sector_40","vaccinated","new_hosp"
"10719",4,0,"20-64","sector_40","vaccinated","new_hosp"
"10720",5,0,"20-64","sector_40","vaccinated","new_hosp"
"10721",6,0,"20-64","sector_40","vaccinated","new_hosp"
"10722",7,0,"20-64","sector_40","vaccinated","new_hosp"
"10723",8,0,"20-64","sector_40","vaccinated","new_hosp"
"10724",9,0,"20-64","sector_40","vaccinated","new_hosp"
"10725",10,0,"20-64","sector_40","vaccinated","new_hosp"
"10726",0,0,"20-64","sector_41","vaccinated","new_hosp"
"10727",1,0,"20-64","sector_41","vaccinated","new_hosp"
"10728",2,0,"20-64","sector_41","vaccinated","new_hosp"
"10729",3,0,"20-64","sector_41","vaccinated","new_hosp"
"10730",4,0,"20-64","sector_41","vaccinated","new_hosp"
"10731",5,0,"20-64","sector_41","vaccinated","new_hosp"
"10732",6,0,"20-64","sector_41","vaccinated","new_hosp"
"10733",7,0,"20-64","sector_41","vaccinated","new_hosp"
"10734",8,0,"20-64","sector_41","vaccinated","new_hosp"
"10735",9,0,"20-64","sector_41","vaccinated","new_hosp"
"10736",10,0,"20-64","sector_41","vaccinated","new_hosp"
"10737",0,0,"20-64","sector_42","vaccinated","new_hosp"
"10738",1,0,"20-64","sector_42","vaccinated","new_hosp"
"10739",2,0,"20-64","sector_42","vaccinated","new_hosp"
"10740",3,0,"20-64","sector_42","vaccinated","new_hosp"
"10741",4,0,"20-64","sector_42","vaccinated","new_hosp"
"10742",5,0,"20-64","sector_42","vaccinated","new_hosp"
"10743",6,0,"20-64","sector_42","vaccinated","new_hosp"
"10744",7,0,"20-64","sector_42","vaccinated","new_hosp"
"10745",8,0,"20-64","sector_42","vaccinated","new_hosp"
"10746",9,0,"20-64","sector_42","vaccinated","new_hosp"
"10747",10,0,"20-64","sector_42","vaccinated","new_hosp"
"10748",0,0,"20-64","sector_43","vaccinated","new_hosp"
"10749",1,0,"20-64","sector_43","vaccinated","new_hosp"
"10750",2,0,"20-64","sector_43","vaccinated","new_hosp"
"10751",3,0,"20-64","sector_43","vaccinated","new_hosp"
"10752",4,0,"20-64","sector_43","vaccinated","new_hosp"
"10753",5,0,"20-64","sector_43","vaccinated","new_hosp"
"10754",6,0,"20-64","sector_43","vaccinated","new_hosp"
"10755",7,0,"20-64","sector_43","vaccinated","new_hosp"
"10756",8,0,"20-64","sector_43","vaccinated","new_hosp"
"10757",9,0,"20-64","sector_43","vaccinated","new_hosp"
"10758",10,0,"20-64","sector_43","vaccinated","new_hosp"
"10759",0,0,"20-64","sector_44","vaccinated","new_hosp"
"10760",1,0,"20-64","sector_44","vaccinated","new_hosp"
"10761",2,0,"20-64","sector_44","vaccinated","new_hosp"
"10762",3,0,"20-64","sector_44","vaccinated","new_hosp"
"10763",4,0,"20-64","sector_44","vaccinated","new_hosp"
"10764",5,0,"20-64","sector_44","vaccinated","new_hosp"
"10765",6,0,"20-64","sector_44","vaccinated","new_hosp"
"10766",7,0,"20-64","sector_44","vaccinated","new_hosp"
"10767",8,0,"20-64","sector_44","vaccinated","new_hosp"
"10768",9,0,"20-64","sector_44","vaccinated","new_hosp"
"10769",10,0,"20-64","sector_44","vaccinated","new_hosp"
"10770",0,0,"20-64","sector_45","vaccinated","new_hosp"
"10771",1,0,"20-64","sector_45","vaccinated","new_hosp"
"10772",2,0,"20-64","sector_45","vaccinated","new_hosp"
"10773",3,0,"20-64","sector_45","vaccinated","new_hosp"
"10774",4,0,"20-64","sector_45","vaccinated","new_hosp"
"10775",5,0,"20-64","sector_45","vaccinated","new_hosp"
"10776",6,0,"20-64","sector_45","vaccinated","new_hosp"
"10777",7,0,"20-64","sector_45","vaccinated","new_hosp"
"10778",8,0,"20-64","sector_45","vaccinated","new_hosp"
"10779",9,0,"20-64","sector_45","vaccinated","new_hosp"
"10780",10,0,"20-64","sector_45","vaccinated","new_hosp"
"10781",0,0,"0-4","sector_00","new_vaccinations","new_vax"
"10782",1,0,"5-19","sector_00","new_vaccinations","new_vax"
"10783",2,0,"20-64","sector_00","new_vaccinations","new_vax"
"10784",3,0,"65+","sector_00","new_vaccinations","new_vax"
"10785",4,0,"20-64","sector_01","new_vaccinations","new_vax"
"10786",5,0,"20-64","sector_02","new_vaccinations","new_vax"
"10787",6,0,"20-64","sector_03","new_vaccinations","new_vax"
"10788",7,0,"20-64","sector_04","new_vaccinations","new_vax"
"10789",8,0,"20-64","sector_05","new_vaccinations","new_vax"
"10790",9,0,"20-64","sector_06","new_vaccinations","new_vax"
"10791",10,0,"20-64","sector_07","new_vaccinations","new_vax"
"10792",0,0,"20-64","sector_08","new_vaccinations","new_vax"
"10793",1,0,"20-64","sector_09","new_vaccinations","new_vax"
"10794",2,0,"20-64","sector_10","new_vaccinations","new_vax"
"10795",3,0,"20-64","sector_11","new_vaccinations","new_vax"
"10796",4,0,"20-64","sector_12","new_vaccinations","new_vax"
"10797",5,0,"20-64","sector_13","new_vaccinations","new_vax"
"10798",6,0,"20-64","sector_14","new_vaccinations","new_vax"
"10799",7,0,"20-64","sector_15","new_vaccinations","new_vax"
"10800",8,0,"20-64","sector_16","new_vaccinations","new_vax"
"10801",9,0,"20-64","sector_17","new_vaccinations","new_vax"
"10802",10,0,"20-64","sector_18","new_vaccinations","new_vax"
"10803",0,0,"20-64","sector_19","new_vaccinations","new_vax"
"10804",1,0,"20-64","sector_20","new_vaccinations","new_vax"
"10805",2,0,"20-64","sector_21","new_vaccinations","new_vax"
"10806",3,0,"20-64","sector_22","new_vaccinations","new_vax"
"10807",4,0,"20-64","sector_23","new_vaccinations","new_vax"
"10808",5,0,"20-64","sector_24","new_vaccinations","new_vax"
"10809",6,0,"20-64","sector_25","new_vaccinations","new_vax"
"10810",7,0,"20-64","sector_26","new_vaccinations","new_vax"
"10811",8,0,"20-64","sector_27","new_vaccinations","new_vax"
"10812",9,0,"20-64","sector_28","new_vaccinations","new_vax"
"10813",10,0,"20-64","sector_29","new_vaccinations","new_vax"
"10814",0,0,"20-64","sector_30","new_vaccinations","new_vax"
"10815",1,0,"20-64","sector_31","new_vaccinations","new_vax"
"10816",2,0,"20-64","sector_32","new_vaccinations","new_vax"
"10817",3,0,"20-64","sector_33","new_vaccinations","new_vax"
"10818",4,0,"20-64","sector_34","new_vaccinations","new_vax"
"10819",5,0,"20-64","sector_35","new_vaccinations","new_vax"
"10820",6,0,"20-64","sector_36","new_vaccinations","new_vax"
"10821",7,0,"20-64","sector_37","new_vaccinations","new_vax"
"10822",8,0,"20-64","sector_38","new_vaccinations","new_vax"
"10823",9,0,"20-64","sector_39","new_vaccinations","new_vax"
"10824",10,0,"20-64","sector_40","new_vaccinations","new_vax"
"10825",0,0,"20-64","sector_41","new_vaccinations","new_vax"
"10826",1,0,"20-64","sector_42","new_vaccinations","new_vax"
"10827",2,0,"20-64","sector_43","new_vaccinations","new_vax"
"10828",3,0,"20-64","sector_44","new_vaccinations","new_vax"
"10829",4,0,"20-64","sector_45","new_vaccinations","new_vax"
"10830",5,0,"0-4","sector_00","new_vaccinations","new_vax"
"10831",6,0,"5-19","sector_00","new_vaccinations","new_vax"
"10832",7,0,"20-64","sector_00","new_vaccinations","new_vax"
"10833",8,0,"65+","sector_00","new_vaccinations","new_vax"
"10834",9,0,"20-64","sector_01","new_vaccinations","new_vax"
"10835",10,0,"20-64","sector_02","new_vaccinations","new_vax"
"10836",0,0,"20-64","sector_03","new_vaccinations","new_vax"
"10837",1,0,"20-64","sector_04","new_vaccinations","new_vax"
"10838",2,0,"20-64","sector_05","new_vaccinations","new_vax"
"10839",3,0,"20-64","sector_06","new_vaccinations","new_vax"
"10840",4,0,"20-64","sector_07","new_vaccinations","new_vax"
"10841",5,0,"20-64","sector_08","new_vaccinations","new_vax"
"10842",6,0,"20-64","sector_09","new_vaccinations","new_vax"
"10843",7,0,"20-64","sector_10","new_vaccinations","new_vax"
"10844",8,0,"20-64","sector_11","new_vaccinations","new_vax"
"10845",9,0,"20-64","sector_12","new_vaccinations","new_vax"
"10846",10,0,"20-64","sector_13","new_vaccinations","new_vax"
"10847",0,0,"20-64","sector_14","new_vaccinations","new_vax"
"10848",1,0,"20-64","sector_15","new_vaccinations","new_vax"
"10849",2,0,"20-64","sector_16","new_vaccinations","new_vax"
"10850",3,0,"20-64","sector_17","new_vaccinations","new_vax"
"10851",4,0,"20-64","sector_18","new_vaccinations","new_vax"
"10852",5,0,"20-64","sector_19","new_vaccinations","new_vax"
"10853",6,0,"20-64","sector_20","new_vaccinations","new_vax"
"10854",7,0,"20-64","sector_21","new_vaccinations","new_vax"
"10855",8,0,"20-64","sector_22","new_vaccinations","new_vax"
"10856",9,0,"20-64","sector_23","new_vaccinations","new_vax"
"10857",10,0,"20-64","sector_24","new_vaccinations","new_vax"
"10858",0,0,"20-64","sector_25","new_vaccinations","new_vax"
"10859",1,0,"20-64","sector_26","new_vaccinations","new_vax"
"10860",2,0,"20-64","sector_27","new_vaccinations","new_vax"
"10861",3,0,"20-64","sector_28","new_vaccinations","new_vax"
"10862",4,0,"20-64","sector_29","new_vaccinations","new_vax"
"10863",5,0,"20-64","sector_30","new_vaccinations","new_vax"
"10864",6,0,"20-64","sector_31","new_vaccinations","new_vax"
"10865",7,0,"20-64","sector_32","new_vaccinations","new_vax"
"10866",8,0,"20-64","sector_33","new_vaccinations","new_vax"
"10867",9,0,"20-64","sector_34","new_vaccinations","new_vax"
"10868",10,0,"20-64","sector_35","new_vaccinations","new_vax"
"10869",0,0,"20-64","sector_36","new_vaccinations","new_vax"
"10870",1,0,"20-64","sector_37","new_vaccinations","new_vax"
"10871",2,0,"20-64","sector_38","new_vaccinations","new_vax"
"10872",3,0,"20-64","sector_39","new_vaccinations","new_vax"
"10873",4,0,"20-64","sector_40","new_vaccinations","new_vax"
"10874",5,0,"20-64","sector_41","new_vaccinations","new_vax"
"10875",6,0,"20-64","sector_42","new_vaccinations","new_vax"
"10876",7,0,"20-64","sector_43","new_vaccinations","new_vax"
"10877",8,0,"20-64","sector_44","new_vaccinations","new_vax"
"10878",9,0,"20-64","sector_45","new_vaccinations","new_vax"
"10879",10,0,"0-4","sector_00","new_vaccinations","new_vax"
"10880",0,0,"5-19","sector_00","new_vaccinations","new_vax"
"10881",1,0,"20-64","sector_00","new_vaccinations","new_vax"
"10882",2,0,"65+","sector_00","new_vaccinations","new_vax"
"10883",3,0,"20-64","sector_01","new_vaccinations","new_vax"
"10884",4,0,"20-64","sector_02","new_vaccinations","new_vax"
"10885",5,0,"20-64","sector_03","new_vaccinations","new_vax"
"10886",6,0,"20-64","sector_04","new_vaccinations","new_vax"
"10887",7,0,"20-64","sector_05","new_vaccinations","new_vax"
"10888",8,0,"20-64","sector_06","new_vaccinations","new_vax"
"10889",9,0,"20-64","sector_07","new_vaccinations","new_vax"
"10890",10,0,"20-64","sector_08","new_vaccinations","new_vax"
"10891",0,0,"20-64","sector_09","new_vaccinations","new_vax"
"10892",1,0,"20-64","sector_10","new_vaccinations","new_vax"
"10893",2,0,"20-64","sector_11","new_vaccinations","new_vax"
"10894",3,0,"20-64","sector_12","new_vaccinations","new_vax"
"10895",4,0,"20-64","sector_13","new_vaccinations","new_vax"
"10896",5,0,"20-64","sector_14","new_vaccinations","new_vax"
"10897",6,0,"20-64","sector_15","new_vaccinations","new_vax"
"10898",7,0,"20-64","sector_16","new_vaccinations","new_vax"
"10899",8,0,"20-64","sector_17","new_vaccinations","new_vax"
"10900",9,0,"20-64","sector_18","new_vaccinations","new_vax"
"10901",10,0,"20-64","sector_19","new_vaccinations","new_vax"
"10902",0,0,"20-64","sector_20","new_vaccinations","new_vax"
"10903",1,0,"20-64","sector_21","new_vaccinations","new_vax"
"10904",2,0,"20-64","sector_22","new_vaccinations","new_vax"
"10905",3,0,"20-64","sector_23","new_vaccinations","new_vax"
"10906",4,0,"20-64","sector_24","new_vaccinations","new_vax"
"10907",5,0,"20-64","sector_25","new_vaccinations","new_vax"
"10908",6,0,"20-64","sector_26","new_vaccinations","new_vax"
"10909",7,0,"20-64","sector_27","new_vaccinations","new_vax"
"10910",8,0,"20-64","sector_28","new_vaccinations","new_vax"
"10911",9,0,"20-64","sector_29","new_vaccinations","new_vax"
"10912",10,0,"20-64","sector_30","new_vaccinations","new_vax"
"10913",0,0,"20-64","sector_31","new_vaccinations","new_vax"
"10914",1,0,"20-64","sector_32","new_vaccinations","new_vax"
"10915",2,0,"20-64","sector_33","new_vaccinations","new_vax"
"10916",3,0,"20-64","sector_34","new_vaccinations","new_vax"
"10917",4,0,"20-64","sector_35","new_vaccinations","new_vax"
"10918",5,0,"20-64","sector_36","new_vaccinations","new_vax"
"10919",6,0,"20-64","sector_37","new_vaccinations","new_vax"
"10920",7,0,"20-64","sector_38","new_vaccinations","new_vax"
"10921",8,0,"20-64","sector_39","new_vaccinations","new_vax"
"10922",9,0,"20-64","sector_40","new_vaccinations","new_vax"
"10923",10,0,"20-64","sector_41","new_vaccinations","new_vax"
"10924",0,0,"20-64","sector_42","new_vaccinations","new_vax"
"10925",1,0,"20-64","sector_43","new_vaccinations","new_vax"
"10926",2,0,"20-64","sector_44","new_vaccinations","new_vax"
"10927",3,0,"20-64","sector_45","new_vaccinations","new_vax"
"10928",4,0,"0-4","sector_00","new_vaccinations","new_vax"
"10929",5,0,"5-19","sector_00","new_vaccinations","new_vax"
"10930",6,0,"20-64","sector_00","new_vaccinations","new_vax"
"10931",7,0,"65+","sector_00","new_vaccinations","new_vax"
"10932",8,0,"20-64","sector_01","new_vaccinations","new_vax"
"10933",9,0,"20-64","sector_02","new_vaccinations","new_vax"
"10934",10,0,"20-64","sector_03","new_vaccinations","new_vax"
"10935",0,0,"20-64","sector_04","new_vaccinations","new_vax"
"10936",1,0,"20-64","sector_05","new_vaccinations","new_vax"
"10937",2,0,"20-64","sector_06","new_vaccinations","new_vax"
"10938",3,0,"20-64","sector_07","new_vaccinations","new_vax"
"10939",4,0,"20-64","sector_08","new_vaccinations","new_vax"
"10940",5,0,"20-64","sector_09","new_vaccinations","new_vax"
"10941",6,0,"20-64","sector_10","new_vaccinations","new_vax"
"10942",7,0,"20-64","sector_11","new_vaccinations","new_vax"
"10943",8,0,"20-64","sector_12","new_vaccinations","new_vax"
"10944",9,0,"20-64","sector_13","new_vaccinations","new_vax"
"10945",10,0,"20-64","sector_14","new_vaccinations","new_vax"
"10946",0,0,"20-64","sector_15","new_vaccinations","new_vax"
"10947",1,0,"20-64","sector_16","new_vaccinations","new_vax"
"10948",2,0,"20-64","sector_17","new_vaccinations","new_vax"
"10949",3,0,"20-64","sector_18","new_vaccinations","new_vax"
"10950",4,0,"20-64","sector_19","new_vaccinations","new_vax"
"10951",5,0,"20-64","sector_20","new_vaccinations","new_vax"
"10952",6,0,"20-64","sector_21","new_vaccinations","new_vax"
"10953",7,0,"20-64","sector_22","new_vaccinations","new_vax"
"10954",8,0,"20-64","sector_23","new_vaccinations","new_vax"
"10955",9,0,"20-64","sector_24","new_vaccinations","new_vax"
"10956",10,0,"20-64","sector_25","new_vaccinations","new_vax"
"10957",0,0,"20-64","sector_26","new_vaccinations","new_vax"
"10958",1,0,"20-64","sector_27","new_vaccinations","new_vax"
"10959",2,0,"20-64","sector_28","new_vaccinations","new_vax"
"10960",3,0,"20-64","sector_29","new_vaccinations","new_vax"
"10961",4,0,"20-64","sector_30","new_vaccinations","new_vax"
"10962",5,0,"20-64","sector_31","new_vaccinations","new_vax"
"10963",6,0,"20-64","sector_32","new_vaccinations","new_vax"
"10964",7,0,"20-64","sector_33","new_vaccinations","new_vax"
"10965",8,0,"20-64","sector_34","new_vaccinations","new_vax"
"10966",9,0,"20-64","sector_35","new_vaccinations","new_vax"
"10967",10,0,"20-64","sector_36","new_vaccinations","new_vax"
"10968",0,0,"20-64","sector_37","new_vaccinations","new_vax"
"10969",1,0,"20-64","sector_38","new_vaccinations","new_vax"
"10970",2,0,"20-64","sector_39","new_vaccinations","new_vax"
"10971",3,0,"20-64","sector_40","new_vaccinations","new_vax"
"10972",4,0,"20-64","sector_41","new_vaccinations","new_vax"
"10973",5,0,"20-64","sector_42","new_vaccinations","new_vax"
"10974",6,0,"20-64","sector_43","new_vaccinations","new_vax"
"10975",7,0,"20-64","sector_44","new_vaccinations","new_vax"
"10976",8,0,"20-64","sector_45","new_vaccinations","new_vax"
"10977",9,0,"0-4","sector_00","new_vaccinations","new_vax"
"10978",10,0,"5-19","sector_00","new_vaccinations","new_vax"
"10979",0,0,"20-64","sector_00","new_vaccinations","new_vax"
"10980",1,0,"65+","sector_00","new_vaccinations","new_vax"
"10981",2,0,"20-64","sector_01","new_vaccinations","new_vax"
"10982",3,0,"20-64","sector_02","new_vaccinations","new_vax"
"10983",4,0,"20-64","sector_03","new_vaccinations","new_vax"
"10984",5,0,"20-64","sector_04","new_vaccinations","new_vax"
"10985",6,0,"20-64","sector_05","new_vaccinations","new_vax"
"10986",7,0,"20-64","sector_06","new_vaccinations","new_vax"
"10987",8,0,"20-64","sector_07","new_vaccinations","new_vax"
"10988",9,0,"20-64","sector_08","new_vaccinations","new_vax"
"10989",10,0,"20-64","sector_09","new_vaccinations","new_vax"
"10990",0,0,"20-64","sector_10","new_vaccinations","new_vax"
"10991",1,0,"20-64","sector_11","new_vaccinations","new_vax"
"10992",2,0,"20-64","sector_12","new_vaccinations","new_vax"
"10993",3,0,"20-64","sector_13","new_vaccinations","new_vax"
"10994",4,0,"20-64","sector_14","new_vaccinations","new_vax"
"10995",5,0,"20-64","sector_15","new_vaccinations","new_vax"
"10996",6,0,"20-64","sector_16","new_vaccinations","new_vax"
"10997",7,0,"20-64","sector_17","new_vaccinations","new_vax"
"10998",8,0,"20-64","sector_18","new_vaccinations","new_vax"
"10999",9,0,"20-64","sector_19","new_vaccinations","new_vax"
"11000",10,0,"20-64","sector_20","new_vaccinations","new_vax"
"11001",0,0,"20-64","sector_21","new_vaccinations","new_vax"
"11002",1,0,"20-64","sector_22","new_vaccinations","new_vax"
"11003",2,0,"20-64","sector_23","new_vaccinations","new_vax"
"11004",3,0,"20-64","sector_24","new_vaccinations","new_vax"
"11005",4,0,"20-64","sector_25","new_vaccinations","new_vax"
"11006",5,0,"20-64","sector_26","new_vaccinations","new_vax"
"11007",6,0,"20-64","sector_27","new_vaccinations","new_vax"
"11008",7,0,"20-64","sector_28","new_vaccinations","new_vax"
"11009",8,0,"20-64","sector_29","new_vaccinations","new_vax"
"11010",9,0,"20-64","sector_30","new_vaccinations","new_vax"
"11011",10,0,"20-64","sector_31","new_vaccinations","new_vax"
"11012",0,0,"20-64","sector_32","new_vaccinations","new_vax"
"11013",1,0,"20-64","sector_33","new_vaccinations","new_vax"
"11014",2,0,"20-64","sector_34","new_vaccinations","new_vax"
"11015",3,0,"20-64","sector_35","new_vaccinations","new_vax"
"11016",4,0,"20-64","sector_36","new_vaccinations","new_vax"
"11017",5,0,"20-64","sector_37","new_vaccinations","new_vax"
"11018",6,0,"20-64","sector_38","new_vaccinations","new_vax"
"11019",7,0,"20-64","sector_39","new_vaccinations","new_vax"
"11020",8,0,"20-64","sector_40","new_vaccinations","new_vax"
"11021",9,0,"20-64","sector_41","new_vaccinations","new_vax"
"11022",10,0,"20-64","sector_42","new_vaccinations","new_vax"
"11023",0,0,"20-64","sector_43","new_vaccinations","new_vax"
"11024",1,0,"20-64","sector_44","new_vaccinations","new_vax"
"11025",2,0,"20-64","sector_45","new_vaccinations","new_vax"
"11026",3,0,"0-4","sector_00","new_vaccinations","new_vax"
"11027",4,0,"5-19","sector_00","new_vaccinations","new_vax"
"11028",5,0,"20-64","sector_00","new_vaccinations","new_vax"
"11029",6,0,"65+","sector_00","new_vaccinations","new_vax"
"11030",7,0,"20-64","sector_01","new_vaccinations","new_vax"
"11031",8,0,"20-64","sector_02","new_vaccinations","new_vax"
"11032",9,0,"20-64","sector_03","new_vaccinations","new_vax"
"11033",10,0,"20-64","sector_04","new_vaccinations","new_vax"
"11034",0,0,"20-64","sector_05","new_vaccinations","new_vax"
"11035",1,0,"20-64","sector_06","new_vaccinations","new_vax"
"11036",2,0,"20-64","sector_07","new_vaccinations","new_vax"
"11037",3,0,"20-64","sector_08","new_vaccinations","new_vax"
"11038",4,0,"20-64","sector_09","new_vaccinations","new_vax"
"11039",5,0,"20-64","sector_10","new_vaccinations","new_vax"
"11040",6,0,"20-64","sector_11","new_vaccinations","new_vax"
"11041",7,0,"20-64","sector_12","new_vaccinations","new_vax"
"11042",8,0,"20-64","sector_13","new_vaccinations","new_vax"
"11043",9,0,"20-64","sector_14","new_vaccinations","new_vax"
"11044",10,0,"20-64","sector_15","new_vaccinations","new_vax"
"11045",0,0,"20-64","sector_16","new_vaccinations","new_vax"
"11046",1,0,"20-64","sector_17","new_vaccinations","new_vax"
"11047",2,0,"20-64","sector_18","new_vaccinations","new_vax"
"11048",3,0,"20-64","sector_19","new_vaccinations","new_vax"
"11049",4,0,"20-64","sector_20","new_vaccinations","new_vax"
"11050",5,0,"20-64","sector_21","new_vaccinations","new_vax"
"11051",6,0,"20-64","sector_22","new_vaccinations","new_vax"
"11052",7,0,"20-64","sector_23","new_vaccinations","new_vax"
"11053",8,0,"20-64","sector_24","new_vaccinations","new_vax"
"11054",9,0,"20-64","sector_25","new_vaccinations","new_vax"
"11055",10,0,"20-64","sector_26","new_vaccinations","new_vax"
"11056",0,0,"20-64","sector_27","new_vaccinations","new_vax"
"11057",1,0,"20-64","sector_28","new_vaccinations","new_vax"
"11058",2,0,"20-64","sector_29","new_vaccinations","new_vax"
"11059",3,0,"20-64","sector_30","new_vaccinations","new_vax"
"11060",4,0,"20-64","sector_31","new_vaccinations","new_vax"
"11061",5,0,"20-64","sector_32","new_vaccinations","new_vax"
"11062",6,0,"20-64","sector_33","new_vaccinations","new_vax"
"11063",7,0,"20-64","sector_34","new_vaccinations","new_vax"
"11064",8,0,"20-64","sector_35","new_vaccinations","new_vax"
"11065",9,0,"20-64","sector_36","new_vaccinations","new_vax"
"11066",10,0,"20-64","sector_37","new_vaccinations","new_vax"
"11067",0,0,"20-64","sector_38","new_vaccinations","new_vax"
"11068",1,0,"20-64","sector_39","new_vaccinations","new_vax"
"11069",2,0,"20-64","sector_40","new_vaccinations","new_vax"
"11070",3,0,"20-64","sector_41","new_vaccinations","new_vax"
"11071",4,0,"20-64","sector_42","new_vaccinations","new_vax"
"11072",5,0,"20-64","sector_43","new_vaccinations","new_vax"
"11073",6,0,"20-64","sector_44","new_vaccinations","new_vax"
"11074",7,0,"20-64","sector_45","new_vaccinations","new_vax"
"11075",8,0,"0-4","sector_00","new_vaccinations","new_vax"
"11076",9,0,"5-19","sector_00","new_vaccinations","new_vax"
"11077",10,0,"20-64","sector_00","new_vaccinations","new_vax"
"11078",0,0,"65+","sector_00","new_vaccinations","new_vax"
"11079",1,0,"20-64","sector_01","new_vaccinations","new_vax"
"11080",2,0,"20-64","sector_02","new_vaccinations","new_vax"
"11081",3,0,"20-64","sector_03","new_vaccinations","new_vax"
"11082",4,0,"20-64","sector_04","new_vaccinations","new_vax"
"11083",5,0,"20-64","sector_05","new_vaccinations","new_vax"
"11084",6,0,"20-64","sector_06","new_vaccinations","new_vax"
"11085",7,0,"20-64","sector_07","new_vaccinations","new_vax"
"11086",8,0,"20-64","sector_08","new_vaccinations","new_vax"
"11087",9,0,"20-64","sector_09","new_vaccinations","new_vax"
"11088",10,0,"20-64","sector_10","new_vaccinations","new_vax"
"11089",0,0,"20-64","sector_11","new_vaccinations","new_vax"
"11090",1,0,"20-64","sector_12","new_vaccinations","new_vax"
"11091",2,0,"20-64","sector_13","new_vaccinations","new_vax"
"11092",3,0,"20-64","sector_14","new_vaccinations","new_vax"
"11093",4,0,"20-64","sector_15","new_vaccinations","new_vax"
"11094",5,0,"20-64","sector_16","new_vaccinations","new_vax"
"11095",6,0,"20-64","sector_17","new_vaccinations","new_vax"
"11096",7,0,"20-64","sector_18","new_vaccinations","new_vax"
"11097",8,0,"20-64","sector_19","new_vaccinations","new_vax"
"11098",9,0,"20-64","sector_20","new_vaccinations","new_vax"
"11099",10,0,"20-64","sector_21","new_vaccinations","new_vax"
"11100",0,0,"20-64","sector_22","new_vaccinations","new_vax"
"11101",1,0,"20-64","sector_23","new_vaccinations","new_vax"
"11102",2,0,"20-64","sector_24","new_vaccinations","new_vax"
"11103",3,0,"20-64","sector_25","new_vaccinations","new_vax"
"11104",4,0,"20-64","sector_26","new_vaccinations","new_vax"
"11105",5,0,"20-64","sector_27","new_vaccinations","new_vax"
"11106",6,0,"20-64","sector_28","new_vaccinations","new_vax"
"11107",7,0,"20-64","sector_29","new_vaccinations","new_vax"
"11108",8,0,"20-64","sector_30","new_vaccinations","new_vax"
"11109",9,0,"20-64","sector_31","new_vaccinations","new_vax"
"11110",10,0,"20-64","sector_32","new_vaccinations","new_vax"
"11111",0,0,"20-64","sector_33","new_vaccinations","new_vax"
"11112",1,0,"20-64","sector_34","new_vaccinations","new_vax"
"11113",2,0,"20-64","sector_35","new_vaccinations","new_vax"
"11114",3,0,"20-64","sector_36","new_vaccinations","new_vax"
"11115",4,0,"20-64","sector_37","new_vaccinations","new_vax"
"11116",5,0,"20-64","sector_38","new_vaccinations","new_vax"
"11117",6,0,"20-64","sector_39","new_vaccinations","new_vax"
"11118",7,0,"20-64","sector_40","new_vaccinations","new_vax"
"11119",8,0,"20-64","sector_41","new_vaccinations","new_vax"
"11120",9,0,"20-64","sector_42","new_vaccinations","new_vax"
"11121",10,0,"20-64","sector_43","new_vaccinations","new_vax"
"11122",0,0,"20-64","sector_44","new_vaccinations","new_vax"
"11123",1,0,"20-64","sector_45","new_vaccinations","new_vax"
"11124",2,0,"0-4","sector_00","new_vaccinations","new_vax"
"11125",3,0,"5-19","sector_00","new_vaccinations","new_vax"
"11126",4,0,"20-64","sector_00","new_vaccinations","new_vax"
"11127",5,0,"65+","sector_00","new_vaccinations","new_vax"
"11128",6,0,"20-64","sector_01","new_vaccinations","new_vax"
"11129",7,0,"20-64","sector_02","new_vaccinations","new_vax"
"11130",8,0,"20-64","sector_03","new_vaccinations","new_vax"
"11131",9,0,"20-64","sector_04","new_vaccinations","new_vax"
"11132",10,0,"20-64","sector_05","new_vaccinations","new_vax"
"11133",0,0,"20-64","sector_06","new_vaccinations","new_vax"
"11134",1,0,"20-64","sector_07","new_vaccinations","new_vax"
"11135",2,0,"20-64","sector_08","new_vaccinations","new_vax"
"11136",3,0,"20-64","sector_09","new_vaccinations","new_vax"
"11137",4,0,"20-64","sector_10","new_vaccinations","new_vax"
"11138",5,0,"20-64","sector_11","new_vaccinations","new_vax"
"11139",6,0,"20-64","sector_12","new_vaccinations","new_vax"
"11140",7,0,"20-64","sector_13","new_vaccinations","new_vax"
"11141",8,0,"20-64","sector_14","new_vaccinations","new_vax"
"11142",9,0,"20-64","sector_15","new_vaccinations","new_vax"
"11143",10,0,"20-64","sector_16","new_vaccinations","new_vax"
"11144",0,0,"20-64","sector_17","new_vaccinations","new_vax"
"11145",1,0,"20-64","sector_18","new_vaccinations","new_vax"
"11146",2,0,"20-64","sector_19","new_vaccinations","new_vax"
"11147",3,0,"20-64","sector_20","new_vaccinations","new_vax"
"11148",4,0,"20-64","sector_21","new_vaccinations","new_vax"
"11149",5,0,"20-64","sector_22","new_vaccinations","new_vax"
"11150",6,0,"20-64","sector_23","new_vaccinations","new_vax"
"11151",7,0,"20-64","sector_24","new_vaccinations","new_vax"
"11152",8,0,"20-64","sector_25","new_vaccinations","new_vax"
"11153",9,0,"20-64","sector_26","new_vaccinations","new_vax"
"11154",10,0,"20-64","sector_27","new_vaccinations","new_vax"
"11155",0,0,"20-64","sector_28","new_vaccinations","new_vax"
"11156",1,0,"20-64","sector_29","new_vaccinations","new_vax"
"11157",2,0,"20-64","sector_30","new_vaccinations","new_vax"
"11158",3,0,"20-64","sector_31","new_vaccinations","new_vax"
"11159",4,0,"20-64","sector_32","new_vaccinations","new_vax"
"11160",5,0,"20-64","sector_33","new_vaccinations","new_vax"
"11161",6,0,"20-64","sector_34","new_vaccinations","new_vax"
"11162",7,0,"20-64","sector_35","new_vaccinations","new_vax"
"11163",8,0,"20-64","sector_36","new_vaccinations","new_vax"
"11164",9,0,"20-64","sector_37","new_vaccinations","new_vax"
"11165",10,0,"20-64","sector_38","new_vaccinations","new_vax"
"11166",0,0,"20-64","sector_39","new_vaccinations","new_vax"
"11167",1,0,"20-64","sector_40","new_vaccinations","new_vax"
"11168",2,0,"20-64","sector_41","new_vaccinations","new_vax"
"11169",3,0,"20-64","sector_42","new_vaccinations","new_vax"
"11170",4,0,"20-64","sector_43","new_vaccinations","new_vax"
"11171",5,0,"20-64","sector_44","new_vaccinations","new_vax"
"11172",6,0,"20-64","sector_45","new_vaccinations","new_vax"
"11173",7,0,"0-4","sector_00","new_vaccinations","new_vax"
"11174",8,0,"5-19","sector_00","new_vaccinations","new_vax"
"11175",9,0,"20-64","sector_00","new_vaccinations","new_vax"
"11176",10,0,"65+","sector_00","new_vaccinations","new_vax"
"11177",0,0,"20-64","sector_01","new_vaccinations","new_vax"
"11178",1,0,"20-64","sector_02","new_vaccinations","new_vax"
"11179",2,0,"20-64","sector_03","new_vaccinations","new_vax"
"11180",3,0,"20-64","sector_04","new_vaccinations","new_vax"
"11181",4,0,"20-64","sector_05","new_vaccinations","new_vax"
"11182",5,0,"20-64","sector_06","new_vaccinations","new_vax"
"11183",6,0,"20-64","sector_07","new_vaccinations","new_vax"
"11184",7,0,"20-64","sector_08","new_vaccinations","new_vax"
"11185",8,0,"20-64","sector_09","new_vaccinations","new_vax"
"11186",9,0,"20-64","sector_10","new_vaccinations","new_vax"
"11187",10,0,"20-64","sector_11","new_vaccinations","new_vax"
"11188",0,0,"20-64","sector_12","new_vaccinations","new_vax"
"11189",1,0,"20-64","sector_13","new_vaccinations","new_vax"
"11190",2,0,"20-64","sector_14","new_vaccinations","new_vax"
"11191",3,0,"20-64","sector_15","new_vaccinations","new_vax"
"11192",4,0,"20-64","sector_16","new_vaccinations","new_vax"
"11193",5,0,"20-64","sector_17","new_vaccinations","new_vax"
"11194",6,0,"20-64","sector_18","new_vaccinations","new_vax"
"11195",7,0,"20-64","sector_19","new_vaccinations","new_vax"
"11196",8,0,"20-64","sector_20","new_vaccinations","new_vax"
"11197",9,0,"20-64","sector_21","new_vaccinations","new_vax"
"11198",10,0,"20-64","sector_22","new_vaccinations","new_vax"
"11199",0,0,"20-64","sector_23","new_vaccinations","new_vax"
"11200",1,0,"20-64","sector_24","new_vaccinations","new_vax"
"11201",2,0,"20-64","sector_25","new_vaccinations","new_vax"
"11202",3,0,"20-64","sector_26","new_vaccinations","new_vax"
"11203",4,0,"20-64","sector_27","new_vaccinations","new_vax"
"11204",5,0,"20-64","sector_28","new_vaccinations","new_vax"
"11205",6,0,"20-64","sector_29","new_vaccinations","new_vax"
"11206",7,0,"20-64","sector_30","new_vaccinations","new_vax"
"11207",8,0,"20-64","sector_31","new_vaccinations","new_vax"
"11208",9,0,"20-64","sector_32","new_vaccinations","new_vax"
"11209",10,0,"20-64","sector_33","new_vaccinations","new_vax"
"11210",0,0,"20-64","sector_34","new_vaccinations","new_vax"
"11211",1,0,"20-64","sector_35","new_vaccinations","new_vax"
"11212",2,0,"20-64","sector_36","new_vaccinations","new_vax"
"11213",3,0,"20-64","sector_37","new_vaccinations","new_vax"
"11214",4,0,"20-64","sector_38","new_vaccinations","new_vax"
"11215",5,0,"20-64","sector_39","new_vaccinations","new_vax"
"11216",6,0,"20-64","sector_40","new_vaccinations","new_vax"
"11217",7,0,"20-64","sector_41","new_vaccinations","new_vax"
"11218",8,0,"20-64","sector_42","new_vaccinations","new_vax"
"11219",9,0,"20-64","sector_43","new_vaccinations","new_vax"
"11220",10,0,"20-64","sector_44","new_vaccinations","new_vax"
"11221",0,0,"20-64","sector_45","new_vaccinations","new_vax"
"11222",1,0,"0-4","sector_00","new_vaccinations","new_vax"
"11223",2,0,"5-19","sector_00","new_vaccinations","new_vax"
"11224",3,0,"20-64","sector_00","new_vaccinations","new_vax"
"11225",4,0,"65+","sector_00","new_vaccinations","new_vax"
"11226",5,0,"20-64","sector_01","new_vaccinations","new_vax"
"11227",6,0,"20-64","sector_02","new_vaccinations","new_vax"
"11228",7,0,"20-64","sector_03","new_vaccinations","new_vax"
"11229",8,0,"20-64","sector_04","new_vaccinations","new_vax"
"11230",9,0,"20-64","sector_05","new_vaccinations","new_vax"
"11231",10,0,"20-64","sector_06","new_vaccinations","new_vax"
"11232",0,0,"20-64","sector_07","new_vaccinations","new_vax"
"11233",1,0,"20-64","sector_08","new_vaccinations","new_vax"
"11234",2,0,"20-64","sector_09","new_vaccinations","new_vax"
"11235",3,0,"20-64","sector_10","new_vaccinations","new_vax"
"11236",4,0,"20-64","sector_11","new_vaccinations","new_vax"
"11237",5,0,"20-64","sector_12","new_vaccinations","new_vax"
"11238",6,0,"20-64","sector_13","new_vaccinations","new_vax"
"11239",7,0,"20-64","sector_14","new_vaccinations","new_vax"
"11240",8,0,"20-64","sector_15","new_vaccinations","new_vax"
"11241",9,0,"20-64","sector_16","new_vaccinations","new_vax"
"11242",10,0,"20-64","sector_17","new_vaccinations","new_vax"
"11243",0,0,"20-64","sector_18","new_vaccinations","new_vax"
"11244",1,0,"20-64","sector_19","new_vaccinations","new_vax"
"11245",2,0,"20-64","sector_20","new_vaccinations","new_vax"
"11246",3,0,"20-64","sector_21","new_vaccinations","new_vax"
"11247",4,0,"20-64","sector_22","new_vaccinations","new_vax"
"11248",5,0,"20-64","sector_23","new_vaccinations","new_vax"
"11249",6,0,"20-64","sector_24","new_vaccinations","new_vax"
"11250",7,0,"20-64","sector_25","new_vaccinations","new_vax"
"11251",8,0,"20-64","sector_26","new_vaccinations","new_vax"
"11252",9,0,"20-64","sector_27","new_vaccinations","new_vax"
"11253",10,0,"20-64","sector_28","new_vaccinations","new_vax"
"11254",0,0,"20-64","sector_29","new_vaccinations","new_vax"
"11255",1,0,"20-64","sector_30","new_vaccinations","new_vax"
"11256",2,0,"20-64","sector_31","new_vaccinations","new_vax"
"11257",3,0,"20-64","sector_32","new_vaccinations","new_vax"
"11258",4,0,"20-64","sector_33","new_vaccinations","new_vax"
"11259",5,0,"20-64","sector_34","new_vaccinations","new_vax"
"11260",6,0,"20-64","sector_35","new_vaccinations","new_vax"
"11261",7,0,"20-64","sector_36","new_vaccinations","new_vax"
"11262",8,0,"20-64","sector_37","new_vaccinations","new_vax"
"11263",9,0,"20-64","sector_38","new_vaccinations","new_vax"
"11264",10,0,"20-64","sector_39","new_vaccinations","new_vax"
"11265",0,0,"20-64","sector_40","new_vaccinations","new_vax"
"11266",1,0,"20-64","sector_41","new_vaccinations","new_vax"
"11267",2,0,"20-64","sector_42","new_vaccinations","new_vax"
"11268",3,0,"20-64","sector_43","new_vaccinations","new_vax"
"11269",4,0,"20-64","sector_44","new_vaccinations","new_vax"
"11270",5,0,"20-64","sector_45","new_vaccinations","new_vax"
"11271",6,0,"0-4","sector_00","new_vaccinations","new_vax"
"11272",7,0,"5-19","sector_00","new_vaccinations","new_vax"
"11273",8,0,"20-64","sector_00","new_vaccinations","new_vax"
"11274",9,0,"65+","sector_00","new_vaccinations","new_vax"
"11275",10,0,"20-64","sector_01","new_vaccinations","new_vax"
"11276",0,0,"20-64","sector_02","new_vaccinations","new_vax"
"11277",1,0,"20-64","sector_03","new_vaccinations","new_vax"
"11278",2,0,"20-64","sector_04","new_vaccinations","new_vax"
"11279",3,0,"20-64","sector_05","new_vaccinations","new_vax"
"11280",4,0,"20-64","sector_06","new_vaccinations","new_vax"
"11281",5,0,"20-64","sector_07","new_vaccinations","new_vax"
"11282",6,0,"20-64","sector_08","new_vaccinations","new_vax"
"11283",7,0,"20-64","sector_09","new_vaccinations","new_vax"
"11284",8,0,"20-64","sector_10","new_vaccinations","new_vax"
"11285",9,0,"20-64","sector_11","new_vaccinations","new_vax"
"11286",10,0,"20-64","sector_12","new_vaccinations","new_vax"
"11287",0,0,"20-64","sector_13","new_vaccinations","new_vax"
"11288",1,0,"20-64","sector_14","new_vaccinations","new_vax"
"11289",2,0,"20-64","sector_15","new_vaccinations","new_vax"
"11290",3,0,"20-64","sector_16","new_vaccinations","new_vax"
"11291",4,0,"20-64","sector_17","new_vaccinations","new_vax"
"11292",5,0,"20-64","sector_18","new_vaccinations","new_vax"
"11293",6,0,"20-64","sector_19","new_vaccinations","new_vax"
"11294",7,0,"20-64","sector_20","new_vaccinations","new_vax"
"11295",8,0,"20-64","sector_21","new_vaccinations","new_vax"
"11296",9,0,"20-64","sector_22","new_vaccinations","new_vax"
"11297",10,0,"20-64","sector_23","new_vaccinations","new_vax"
"11298",0,0,"20-64","sector_24","new_vaccinations","new_vax"
"11299",1,0,"20-64","sector_25","new_vaccinations","new_vax"
"11300",2,0,"20-64","sector_26","new_vaccinations","new_vax"
"11301",3,0,"20-64","sector_27","new_vaccinations","new_vax"
"11302",4,0,"20-64","sector_28","new_vaccinations","new_vax"
"11303",5,0,"20-64","sector_29","new_vaccinations","new_vax"
"11304",6,0,"20-64","sector_30","new_vaccinations","new_vax"
"11305",7,0,"20-64","sector_31","new_vaccinations","new_vax"
"11306",8,0,"20-64","sector_32","new_vaccinations","new_vax"
"11307",9,0,"20-64","sector_33","new_vaccinations","new_vax"
"11308",10,0,"20-64","sector_34","new_vaccinations","new_vax"
"11309",0,0,"20-64","sector_35","new_vaccinations","new_vax"
"11310",1,0,"20-64","sector_36","new_vaccinations","new_vax"
"11311",2,0,"20-64","sector_37","new_vaccinations","new_vax"
"11312",3,0,"20-64","sector_38","new_vaccinations","new_vax"
"11313",4,0,"20-64","sector_39","new_vaccinations","new_vax"
"11314",5,0,"20-64","sector_40","new_vaccinations","new_vax"
"11315",6,0,"20-64","sector_41","new_vaccinations","new_vax"
"11316",7,0,"20-64","sector_42","new_vaccinations","new_vax"
"11317",8,0,"20-64","sector_43","new_vaccinations","new_vax"
"11318",9,0,"20-64","sector_44","new_vaccinations","new_vax"
"11319",10,0,"20-64","sector_45","new_vaccinations","new_vax"
